Unity Editor version:    2022.3.62f1 (4af31df58517)
Branch:                  2022.3/staging
Build type:              Release
Batch mode:              YES
System name:             Linux
Distro version:          #149~20.04.1-Ubuntu SMP Wed Apr 16 08:29:56 UTC 2025
Kernel version:          5.15.0-139-generic
Architecture:            x86_64
Available memory:        15674 MB
Using pre-set license
Pro License: YES
Desktop is 1920 x 2160 @ 60 Hz
Initialize udev device monitor.

COMMAND LINE ARGUMENTS:
Unity
-adb2
-batchMode
-noUpm
-name
AssetImportWorker1
-projectPath
/home/miguel/miguel_ws/src/Unity_2022.3.62f1_robot_V2
-logFile
Logs/AssetImportWorker1.log
-srvPort
33815
Successfully changed project path to: /home/miguel/miguel_ws/src/Unity_2022.3.62f1_robot_V2
/home/miguel/miguel_ws/src/Unity_2022.3.62f1_robot_V2
[UnityMemory] Configuration Parameters - Can be set up in boot.config
    "memorysetup-bucket-allocator-granularity=16"
    "memorysetup-bucket-allocator-bucket-count=8"
    "memorysetup-bucket-allocator-block-size=33554432"
    "memorysetup-bucket-allocator-block-count=8"
    "memorysetup-main-allocator-block-size=16777216"
    "memorysetup-thread-allocator-block-size=16777216"
    "memorysetup-gfx-main-allocator-block-size=16777216"
    "memorysetup-gfx-thread-allocator-block-size=16777216"
    "memorysetup-cache-allocator-block-size=4194304"
    "memorysetup-typetree-allocator-block-size=2097152"
    "memorysetup-profiler-bucket-allocator-granularity=16"
    "memorysetup-profiler-bucket-allocator-bucket-count=8"
    "memorysetup-profiler-bucket-allocator-block-size=33554432"
    "memorysetup-profiler-bucket-allocator-block-count=8"
    "memorysetup-profiler-allocator-block-size=16777216"
    "memorysetup-profiler-editor-allocator-block-size=1048576"
    "memorysetup-temp-allocator-size-main=16777216"
    "memorysetup-job-temp-allocator-block-size=2097152"
    "memorysetup-job-temp-allocator-block-size-background=1048576"
    "memorysetup-job-temp-allocator-reduction-small-platforms=262144"
    "memorysetup-allocator-temp-initial-block-size-main=262144"
    "memorysetup-allocator-temp-initial-block-size-worker=262144"
    "memorysetup-temp-allocator-size-background-worker=32768"
    "memorysetup-temp-allocator-size-job-worker=262144"
    "memorysetup-temp-allocator-size-preload-manager=33554432"
    "memorysetup-temp-allocator-size-nav-mesh-worker=65536"
    "memorysetup-temp-allocator-size-audio-worker=65536"
    "memorysetup-temp-allocator-size-cloud-worker=32768"
    "memorysetup-temp-allocator-size-gi-baking-worker=262144"
    "memorysetup-temp-allocator-size-gfx=262144"
Player connection [139735369102272]  Target information:

Player connection [139735369102272]  * "[IP] 192.168.0.24 [Port] 0 [Flags] 2 [Guid] 3764291697 [EditorId] 3764291697 [Version] 1048832 [Id] LinuxEditor(16,192.168.0.24) [Debug] 1 [PackageName] LinuxEditor [ProjectName] Editor" 

Player connection [139735369102272] Host joined multi-casting on [225.0.0.222:54997]...
Player connection [139735369102272] Host joined alternative multi-casting on [225.0.0.222:34997]...
Input System module state changed to: Initialized.
[PhysX] Initialized MultithreadedTaskDispatcher with 12 workers.
Refreshing native plugins compatible for Editor in 3,00 ms, found 2 plugins.
Preloading 0 native plugins for Editor in 0,00 ms.
Initialize engine version: 2022.3.62f1 (4af31df58517)
[Subsystems] Discovering subsystems at path /home/miguel/Unity/Hub/Editor/2022.3.62f1/Editor/Data/Resources/UnitySubsystems
[Subsystems] Discovering subsystems at path /home/miguel/miguel_ws/src/Unity_2022.3.62f1_robot_V2/Assets
GLX Extensions: GLX_ARB_create_context GLX_ARB_create_context_no_error GLX_ARB_create_context_profile GLX_ARB_create_context_robustness GLX_ARB_fbconfig_float GLX_ARB_framebuffer_sRGB GLX_ARB_get_proc_address GLX_ARB_multisample GLX_EXT_buffer_age GLX_EXT_create_context_es2_profile GLX_EXT_create_context_es_profile GLX_EXT_fbconfig_packed_float GLX_EXT_framebuffer_sRGB GLX_EXT_import_context GLX_EXT_no_config_context GLX_EXT_swap_control GLX_EXT_swap_control_tear GLX_EXT_texture_from_pixmap GLX_EXT_visual_info GLX_EXT_visual_rating GLX_INTEL_swap_event GLX_MESA_copy_sub_buffer GLX_MESA_query_renderer GLX_MESA_swap_control GLX_OML_swap_method GLX_OML_sync_control GLX_SGIS_multisample GLX_SGIX_fbconfig GLX_SGIX_pbuffer GLX_SGIX_visual_select_group GLX_SGI_make_current_read GLX_SGI_swap_control GLX_SGI_video_sync 
Renderer: Mesa Intel(R) Graphics (ADL GT2)
Vendor:   Intel
Version:  4.6 (Core Profile) Mesa 21.2.6
GLES:     0
 GL_3DFX_texture_compression_FXT1 GL_AMD_conservative_depth GL_AMD_depth_clamp_separate GL_AMD_draw_buffers_blend GL_AMD_gpu_shader_int64 GL_AMD_multi_draw_indirect GL_AMD_performance_monitor GL_AMD_pinned_memory GL_AMD_query_buffer_object GL_AMD_seamless_cubemap_per_texture GL_AMD_shader_stencil_export GL_AMD_shader_trinary_minmax GL_AMD_texture_texture4 GL_AMD_vertex_shader_layer GL_AMD_vertex_shader_viewport_index GL_ANGLE_texture_compression_dxt3 GL_ANGLE_texture_compression_dxt5 GL_ARB_ES2_compatibility GL_ARB_ES3_1_compatibility GL_ARB_ES3_2_compatibility GL_ARB_ES3_compatibility GL_ARB_arrays_of_arrays GL_ARB_base_instance GL_ARB_blend_func_extended GL_ARB_buffer_storage GL_ARB_clear_buffer_object GL_ARB_clear_texture GL_ARB_clip_control GL_ARB_compressed_texture_pixel_storage GL_ARB_compute_shader GL_ARB_compute_variable_group_size GL_ARB_conditional_render_inverted GL_ARB_conservative_depth GL_ARB_copy_buffer GL_ARB_copy_image GL_ARB_cull_distance GL_ARB_debug_output GL_ARB_depth_buffer_float GL_ARB
_depth_clamp GL_ARB_derivative_control GL_ARB_direct_state_access GL_ARB_draw_buffers GL_ARB_draw_buffers_blend GL_ARB_draw_elements_base_vertex GL_ARB_draw_indirect GL_ARB_draw_instanced GL_ARB_enhanced_layouts GL_ARB_explicit_attrib_location GL_ARB_explicit_uniform_location GL_ARB_fragment_coord_conventions GL_ARB_fragment_layer_viewport GL_ARB_fragment_shader GL_ARB_fragment_shader_interlock GL_ARB_framebuffer_no_attachments GL_ARB_framebuffer_object GL_ARB_framebuffer_sRGB GL_ARB_get_program_binary GL_ARB_get_texture_sub_image GL_ARB_gl_spirv GL_ARB_gpu_shader5 GL_ARB_gpu_shader_fp64 GL_ARB_gpu_shader_int64 GL_ARB_half_float_pixel GL_ARB_half_float_vertex GL_ARB_indirect_parameters GL_ARB_instanced_arrays GL_ARB_internalformat_query GL_ARB_internalformat_query2 GL_ARB_invalidate_subdata GL_ARB_map_buffer_alignment GL_ARB_map_buffer_range GL_ARB_multi_bind GL_ARB_multi_draw_indirect GL_ARB_occlusion_query2 GL_ARB_parallel_shader_compile GL_ARB_pipeline_statistics_query GL_ARB_pixel_buffer_object GL_ARB_po
int_sprite GL_ARB_polygon_offset_clamp GL_ARB_post_depth_coverage GL_ARB_program_interface_query GL_ARB_provoking_vertex GL_ARB_query_buffer_object GL_ARB_robust_buffer_access_behavior GL_ARB_robustness GL_ARB_sample_shading GL_ARB_sampler_objects GL_ARB_seamless_cube_map GL_ARB_seamless_cubemap_per_texture GL_ARB_separate_shader_objects GL_ARB_shader_atomic_counter_ops GL_ARB_shader_atomic_counters GL_ARB_shader_ballot GL_ARB_shader_bit_encoding GL_ARB_shader_clock GL_ARB_shader_draw_parameters GL_ARB_shader_group_vote GL_ARB_shader_image_load_store GL_ARB_shader_image_size GL_ARB_shader_objects GL_ARB_shader_precision GL_ARB_shader_stencil_export GL_ARB_shader_storage_buffer_object GL_ARB_shader_subroutine GL_ARB_shader_texture_image_samples GL_ARB_shader_texture_lod GL_ARB_shader_viewport_layer_array GL_ARB_shading_language_420pack GL_ARB_shading_language_include GL_ARB_shading_language_packing GL_ARB_spirv_extensions GL_ARB_stencil_texturing GL_ARB_sync GL_ARB_tessellation_shader GL_ARB_texture_barrier G
L_ARB_texture_buffer_object GL_ARB_texture_buffer_object_rgb32 GL_ARB_texture_buffer_range GL_ARB_texture_compression_bptc GL_ARB_texture_compression_rgtc GL_ARB_texture_cube_map_array GL_ARB_texture_filter_anisotropic GL_ARB_texture_float GL_ARB_texture_gather GL_ARB_texture_mirror_clamp_to_edge GL_ARB_texture_multisample GL_ARB_texture_non_power_of_two GL_ARB_texture_query_levels GL_ARB_texture_query_lod GL_ARB_texture_rectangle GL_ARB_texture_rg GL_ARB_texture_rgb10_a2ui GL_ARB_texture_stencil8 GL_ARB_texture_storage GL_ARB_texture_storage_multisample GL_ARB_texture_swizzle GL_ARB_texture_view GL_ARB_timer_query GL_ARB_transform_feedback2 GL_ARB_transform_feedback3 GL_ARB_transform_feedback_instanced GL_ARB_transform_feedback_overflow_query GL_ARB_uniform_buffer_object GL_ARB_vertex_array_bgra GL_ARB_vertex_array_object GL_ARB_vertex_attrib_64bit GL_ARB_vertex_attrib_binding GL_ARB_vertex_buffer_object GL_ARB_vertex_shader GL_ARB_vertex_type_10f_11f_11f_rev GL_ARB_vertex_type_2_10_10_10_rev GL_ARB_viewpor
t_array GL_ATI_blend_equation_separate GL_ATI_texture_float GL_EXT_EGL_image_storage GL_EXT_EGL_sync GL_EXT_abgr GL_EXT_blend_equation_separate GL_EXT_demote_to_helper_invocation GL_EXT_depth_bounds_test GL_EXT_draw_buffers2 GL_EXT_draw_instanced GL_EXT_framebuffer_blit GL_EXT_framebuffer_multisample GL_EXT_framebuffer_multisample_blit_scaled GL_EXT_framebuffer_object GL_EXT_framebuffer_sRGB GL_EXT_memory_object GL_EXT_memory_object_fd GL_EXT_packed_depth_stencil GL_EXT_packed_float GL_EXT_pixel_buffer_object GL_EXT_polygon_offset_clamp GL_EXT_provoking_vertex GL_EXT_semaphore GL_EXT_semaphore_fd GL_EXT_shader_framebuffer_fetch GL_EXT_shader_framebuffer_fetch_non_coherent GL_EXT_shader_integer_mix GL_EXT_shader_samples_identical GL_EXT_texture_array GL_EXT_texture_compression_dxt1 GL_EXT_texture_compression_rgtc GL_EXT_texture_compression_s3tc GL_EXT_texture_filter_anisotropic GL_EXT_texture_integer GL_EXT_texture_sRGB GL_EXT_texture_sRGB_R8 GL_EXT_texture_sRGB_decode GL_EXT_texture_shadow_lod GL_EXT_texture
_shared_exponent GL_EXT_texture_snorm GL_EXT_texture_swizzle GL_EXT_timer_query GL_EXT_transform_feedback GL_EXT_vertex_array_bgra GL_EXT_vertex_attrib_64bit GL_IBM_multimode_draw_arrays GL_INTEL_blackhole_render GL_INTEL_conservative_rasterization GL_INTEL_performance_query GL_INTEL_shader_atomic_float_minmax GL_INTEL_shader_integer_functions2 GL_KHR_blend_equation_advanced GL_KHR_blend_equation_advanced_coherent GL_KHR_context_flush_control GL_KHR_debug GL_KHR_no_error GL_KHR_parallel_shader_compile GL_KHR_robust_buffer_access_behavior GL_KHR_robustness GL_KHR_texture_compression_astc_ldr GL_KHR_texture_compression_astc_sliced_3d GL_MESA_framebuffer_flip_y GL_MESA_pack_invert GL_MESA_shader_integer_functions GL_MESA_texture_signed_rgba GL_NV_compute_shader_derivatives GL_NV_conditional_render GL_NV_copy_image GL_NV_depth_clamp GL_NV_fragment_shader_interlock GL_NV_packed_depth_stencil GL_NV_texture_barrier GL_OES_EGL_image GL_S3_s3tc
OPENGL LOG: Creating OpenGL 4.6 graphics device ; Context level  <OpenGL 4.5> ; Context handle -1841426384
../src/intel/isl/isl.c:2105: FINISHME: ../src/intel/isl/isl.c:isl_surf_supports_ccs: CCS for 3D textures is disabled, but a workaround is available.
Initialize mono
Mono path[0] = '/home/miguel/Unity/Hub/Editor/2022.3.62f1/Editor/Data/Managed'
Mono path[1] = '/home/miguel/Unity/Hub/Editor/2022.3.62f1/Editor/Data/MonoBleedingEdge/lib/mono/unityjit-linux'
Mono config path = '/home/miguel/Unity/Hub/Editor/2022.3.62f1/Editor/Data/MonoBleedingEdge/etc'
Using monoOptions --debugger-agent=transport=dt_socket,embedding=1,server=y,suspend=n,address=127.0.0.1:56723
Begin MonoManager ReloadAssembly
Registering precompiled unity dll's ...
Register platform support module: /home/miguel/Unity/Hub/Editor/2022.3.62f1/Editor/Data/PlaybackEngines/AndroidPlayer/UnityEditor.Android.Extensions.dll
Register platform support module: /home/miguel/Unity/Hub/Editor/2022.3.62f1/Editor/Data/PlaybackEngines/LinuxStandaloneSupport/UnityEditor.LinuxStandalone.Extensions.dll
Registered in 0,003997 seconds.
- Loaded All Assemblies, in  0,259 seconds
Native extension for LinuxStandalone target not found
Native extension for Android target not found
Android Extension - Scanning For ADB Devices 204 ms
Mono: successfully reloaded assembly
- Finished resetting the current domain, in  0,509 seconds
Domain Reload Profiling: 769ms
	BeginReloadAssembly (59ms)
		ExecutionOrderSort (0ms)
		DisableScriptedObjects (0ms)
		BackupInstance (0ms)
		ReleaseScriptingObjects (0ms)
		CreateAndSetChildDomain (1ms)
	RebuildCommonClasses (29ms)
	RebuildNativeTypeToScriptingClass (6ms)
	initialDomainReloadingComplete (48ms)
	LoadAllAssembliesAndSetupDomain (118ms)
		LoadAssemblies (58ms)
		RebuildTransferFunctionScriptingTraits (0ms)
		AnalyzeDomain (116ms)
			TypeCache.Refresh (115ms)
				TypeCache.ScanAssembly (104ms)
			ScanForSourceGeneratedMonoScriptInfo (0ms)
			ResolveRequiredComponents (0ms)
	FinalizeReload (510ms)
		ReleaseScriptCaches (0ms)
		RebuildScriptCaches (0ms)
		SetupLoadedEditorAssemblies (465ms)
			LogAssemblyErrors (0ms)
			InitializePlatformSupportModulesInManaged (298ms)
			SetLoadedEditorAssemblies (5ms)
			RefreshPlugins (0ms)
			BeforeProcessingInitializeOnLoad (3ms)
			ProcessInitializeOnLoadAttributes (121ms)
			ProcessInitializeOnLoadMethodAttributes (39ms)
			AfterProcessingInitializeOnLoad (0ms)
			EditorAssembliesLoaded (0ms)
		ExecutionOrderSort2 (0ms)
		AwakeInstancesAfterBackupRestoration (0ms)
========================================================================
Worker process is ready to serve import requests
Caller must complete domain reload
Begin MonoManager ReloadAssembly
- Loaded All Assemblies, in  0,649 seconds
Native extension for LinuxStandalone target not found
Native extension for Android target not found
Package Manager log level set to [2]
[Package Manager] Server::EnsureServerProcessIsRunning -- launch failed, reason: Unity was launched with the -noUpm command-line argument
[Package Manager] UpmClient::Send -- Unable to send message (not connected to UPM process).
[Package Manager] Cannot connect to Unity Package Manager local server
Mono: successfully reloaded assembly
[Package Manager] Server::EnsureServerProcessIsRunning -- launch failed, reason: Unity was launched with the -noUpm command-line argument
[Package Manager] UpmClient::Send -- Unable to send message (not connected to UPM process).
[Package Manager] Cannot connect to Unity Package Manager local server
[Package Manager] Server::EnsureServerProcessIsRunning -- launch failed, reason: Unity was launched with the -noUpm command-line argument
[Package Manager] UpmClient::Send -- Unable to send message (not connected to UPM process).
[Package Manager] Cannot connect to Unity Package Manager local server
- Finished resetting the current domain, in  0,502 seconds
Domain Reload Profiling: 1152ms
	BeginReloadAssembly (108ms)
		ExecutionOrderSort (0ms)
		DisableScriptedObjects (4ms)
		BackupInstance (0ms)
		ReleaseScriptingObjects (0ms)
		CreateAndSetChildDomain (23ms)
	RebuildCommonClasses (27ms)
	RebuildNativeTypeToScriptingClass (6ms)
	initialDomainReloadingComplete (37ms)
	LoadAllAssembliesAndSetupDomain (470ms)
		LoadAssemblies (267ms)
		RebuildTransferFunctionScriptingTraits (0ms)
		AnalyzeDomain (257ms)
			TypeCache.Refresh (227ms)
				TypeCache.ScanAssembly (207ms)
			ScanForSourceGeneratedMonoScriptInfo (24ms)
			ResolveRequiredComponents (5ms)
	FinalizeReload (503ms)
		ReleaseScriptCaches (0ms)
		RebuildScriptCaches (0ms)
		SetupLoadedEditorAssemblies (338ms)
			LogAssemblyErrors (0ms)
			InitializePlatformSupportModulesInManaged (37ms)
			SetLoadedEditorAssemblies (4ms)
			RefreshPlugins (0ms)
			BeforeProcessingInitializeOnLoad (47ms)
			ProcessInitializeOnLoadAttributes (215ms)
			ProcessInitializeOnLoadMethodAttributes (32ms)
			AfterProcessingInitializeOnLoad (2ms)
			EditorAssembliesLoaded (0ms)
		ExecutionOrderSort2 (0ms)
		AwakeInstancesAfterBackupRestoration (5ms)
Launched and connected shader compiler UnityShaderCompiler after 0.01 seconds
Refreshing native plugins compatible for Editor in 1.85 ms, found 2 plugins.
Preloading 0 native plugins for Editor in 0.00 ms.
Unloading 3941 Unused Serialized files (Serialized files now loaded: 0)
Unloading 21 unused Assets / (46.1 KB). Loaded Objects now: 4409.
Memory consumption went from 135.0 MB to 135.0 MB.
Total: 5.696644 ms (FindLiveObjects: 0.424502 ms CreateObjectMapping: 0.297442 ms MarkObjects: 4.706980 ms  DeleteObjects: 0.265336 ms)

AssetImportParameters requested are different than current active one (requested -> active):
  custom:container-demuxer-ogg: 62fdf1f143b41e24485cea50d1cbac27 -> 
  custom:video-decoder-ogg-theora: a1e56fd34408186e4bbccfd4996cb3dc -> 
  custom:CustomObjectIndexerAttribute: 232f87dd983dbecb2a4e21e08eb2cef8 -> 
  custom:container-demuxer-webm: 4f35f7cbe854078d1ac9338744f61a02 -> 
  custom:container-muxer-webm: aa71ff27fc2769a1b78a27578f13a17b -> 
  custom:video-decoder-webm-vp8: 9c59270c3fd7afecdb556c50c9e8de78 -> 
  custom:SearchIndexIgnoredProperties: e643bd26f0fe6173181afceb89e7c659 -> 
  custom:AudioImporter_EditorPlatform: 2f0ff77a95e0ac474e3e8eeba4e2f7cb -> 
  custom:video-encoder-webm-vp8: eb34c28f22e8b96e1ab97ce403110664 -> 
  custom:audio-decoder-ogg-vorbis: bf7c407c2cedff20999df2af8eb42d56 -> 
  custom:audio-encoder-webm-vorbis: bf7c407c2cedff20999df2af8eb42d56 -> 
========================================================================
Received Import Request.
  Time since last request: 214442.253792 seconds.
  path: Assets/LaR
  artifactKey: Guid(6c6824a4c53586ee993815f25b893ddb) Importer(815301076,1909f56bfc062723c751e8b465ee728b)
Start importing Assets/LaR using Guid(6c6824a4c53586ee993815f25b893ddb) Importer(815301076,1909f56bfc062723c751e8b465ee728b) [PhysX] Initialized MultithreadedTaskDispatcher with 12 workers.
 -> (artifact id: 'cff86aa49596fe131f05e86f2df19343') in 0.003635 seconds
Number of updated asset objects reloaded before import = 0
Number of asset objects unloaded after import = 0
========================================================================
Received Import Request.
  Time since last request: 0.000039 seconds.
  path: Assets/LaR/Sky and Fog Settings.asset
  artifactKey: Guid(11395c10fdd0569579b6ce99c633dd0b) Importer(815301076,1909f56bfc062723c751e8b465ee728b)
Start importing Assets/LaR/Sky and Fog Settings.asset using Guid(11395c10fdd0569579b6ce99c633dd0b) Importer(815301076,1909f56bfc062723c751e8b465ee728b) [PhysX] Initialized MultithreadedTaskDispatcher with 12 workers.
 -> (artifact id: '4786a9392f376cb3a943838d2a169544') in 0.002273 seconds
Number of updated asset objects reloaded before import = 0
Number of asset objects unloaded after import = 1
========================================================================
Received Import Request.
  Time since last request: 0.000017 seconds.
  path: Assets/LaR/Global Volume Profile.asset
  artifactKey: Guid(ef5d134c37f35cc33a8a2dd15ebf93d7) Importer(815301076,1909f56bfc062723c751e8b465ee728b)
Start importing Assets/LaR/Global Volume Profile.asset using Guid(ef5d134c37f35cc33a8a2dd15ebf93d7) Importer(815301076,1909f56bfc062723c751e8b465ee728b) [PhysX] Initialized MultithreadedTaskDispatcher with 12 workers.
 -> (artifact id: 'aaa46f58892b1d5f7c8ff51ddf6c3fb8') in 0.000847 seconds
Number of updated asset objects reloaded before import = 0
Number of asset objects unloaded after import = 1
========================================================================
Received Import Request.
  Time since last request: 0.000014 seconds.
  path: Assets/LaR/Box Volume Profile.asset
  artifactKey: Guid(1598741b435e72fb4855d35381c86190) Importer(815301076,1909f56bfc062723c751e8b465ee728b)
Start importing Assets/LaR/Box Volume Profile.asset using Guid(1598741b435e72fb4855d35381c86190) Importer(815301076,1909f56bfc062723c751e8b465ee728b) [PhysX] Initialized MultithreadedTaskDispatcher with 12 workers.
 -> (artifact id: 'a4a0eead87848a6469ee0b944d82988d') in 0.000765 seconds
Number of updated asset objects reloaded before import = 0
Number of asset objects unloaded after import = 1
========================================================================
Received Import Request.
  Time since last request: 0.000013 seconds.
  path: Assets/LaR/New Global Volume Profile.asset
  artifactKey: Guid(0e42a25e00f1620fab486c9475cfec12) Importer(815301076,1909f56bfc062723c751e8b465ee728b)
Start importing Assets/LaR/New Global Volume Profile.asset using Guid(0e42a25e00f1620fab486c9475cfec12) Importer(815301076,1909f56bfc062723c751e8b465ee728b) [PhysX] Initialized MultithreadedTaskDispatcher with 12 workers.
 -> (artifact id: 'c76433378b52094dafdbf9c6522f7f68') in 0.000826 seconds
Number of updated asset objects reloaded before import = 0
Number of asset objects unloaded after import = 1
========================================================================
Received Import Request.
  Time since last request: 0.000016 seconds.
  path: Assets/LaR/LightingData.asset
  artifactKey: Guid(105b55a2fd6d32a13aa6628a35649173) Importer(815301076,1909f56bfc062723c751e8b465ee728b)
Start importing Assets/LaR/LightingData.asset using Guid(105b55a2fd6d32a13aa6628a35649173) Importer(815301076,1909f56bfc062723c751e8b465ee728b) [PhysX] Initialized MultithreadedTaskDispatcher with 12 workers.
 -> (artifact id: '742cb2d4edba4587725f3e3bb91cbe64') in 0.011326 seconds
Number of updated asset objects reloaded before import = 0
Number of asset objects unloaded after import = 1
========================================================================
Received Import Request.
  Time since last request: 0.000019 seconds.
  path: Assets/LaR/NewBoxVolume.asset
  artifactKey: Guid(608f6ea3bf29ddfce8e95d435444bee3) Importer(815301076,1909f56bfc062723c751e8b465ee728b)
Start importing Assets/LaR/NewBoxVolume.asset using Guid(608f6ea3bf29ddfce8e95d435444bee3) Importer(815301076,1909f56bfc062723c751e8b465ee728b) [PhysX] Initialized MultithreadedTaskDispatcher with 12 workers.
 -> (artifact id: '8726b24157e9c83c4523e617a71b411b') in 0.000839 seconds
Number of updated asset objects reloaded before import = 0
Number of asset objects unloaded after import = 1
========================================================================
Received Prepare
Caller must complete domain reload
Begin MonoManager ReloadAssembly
- Loaded All Assemblies, in  0.365 seconds
Native extension for LinuxStandalone target not found
Native extension for Android target not found
[Package Manager] Server::EnsureServerProcessIsRunning -- launch failed, reason: Unity was launched with the -noUpm command-line argument
[Package Manager] UpmClient::Send -- Unable to send message (not connected to UPM process).
[Package Manager] Cannot connect to Unity Package Manager local server
Mono: successfully reloaded assembly
[Package Manager] Server::EnsureServerProcessIsRunning -- launch failed, reason: Unity was launched with the -noUpm command-line argument
[Package Manager] UpmClient::Send -- Unable to send message (not connected to UPM process).
[Package Manager] Cannot connect to Unity Package Manager local server
- Finished resetting the current domain, in  0.820 seconds
Domain Reload Profiling: 1185ms
	BeginReloadAssembly (128ms)
		ExecutionOrderSort (0ms)
		DisableScriptedObjects (3ms)
		BackupInstance (0ms)
		ReleaseScriptingObjects (0ms)
		CreateAndSetChildDomain (47ms)
	RebuildCommonClasses (26ms)
	RebuildNativeTypeToScriptingClass (6ms)
	initialDomainReloadingComplete (21ms)
	LoadAllAssembliesAndSetupDomain (183ms)
		LoadAssemblies (216ms)
		RebuildTransferFunctionScriptingTraits (0ms)
		AnalyzeDomain (18ms)
			TypeCache.Refresh (8ms)
				TypeCache.ScanAssembly (0ms)
			ScanForSourceGeneratedMonoScriptInfo (0ms)
			ResolveRequiredComponents (8ms)
	FinalizeReload (821ms)
		ReleaseScriptCaches (0ms)
		RebuildScriptCaches (0ms)
		SetupLoadedEditorAssemblies (455ms)
			LogAssemblyErrors (0ms)
			InitializePlatformSupportModulesInManaged (53ms)
			SetLoadedEditorAssemblies (5ms)
			RefreshPlugins (0ms)
			BeforeProcessingInitializeOnLoad (88ms)
			ProcessInitializeOnLoadAttributes (268ms)
			ProcessInitializeOnLoadMethodAttributes (38ms)
			AfterProcessingInitializeOnLoad (3ms)
			EditorAssembliesLoaded (0ms)
		ExecutionOrderSort2 (0ms)
		AwakeInstancesAfterBackupRestoration (5ms)
Refreshing native plugins compatible for Editor in 1.18 ms, found 2 plugins.
Preloading 0 native plugins for Editor in 0.00 ms.
Unloading 3925 Unused Serialized files (Serialized files now loaded: 0)
Unloading 16 unused Assets / (28.9 KB). Loaded Objects now: 4414.
Memory consumption went from 132.7 MB to 132.7 MB.
Total: 10.995127 ms (FindLiveObjects: 0.417189 ms CreateObjectMapping: 0.245423 ms MarkObjects: 10.217183 ms  DeleteObjects: 0.113234 ms)

Prepare: number of updated asset objects reloaded= 0
AssetImportParameters requested are different than current active one (requested -> active):
  custom:container-demuxer-ogg: 62fdf1f143b41e24485cea50d1cbac27 -> 
  custom:video-decoder-ogg-theora: a1e56fd34408186e4bbccfd4996cb3dc -> 
  custom:CustomObjectIndexerAttribute: 232f87dd983dbecb2a4e21e08eb2cef8 -> 
  custom:container-demuxer-webm: 4f35f7cbe854078d1ac9338744f61a02 -> 
  custom:container-muxer-webm: aa71ff27fc2769a1b78a27578f13a17b -> 
  custom:video-decoder-webm-vp8: 9c59270c3fd7afecdb556c50c9e8de78 -> 
  custom:SearchIndexIgnoredProperties: e643bd26f0fe6173181afceb89e7c659 -> 
  custom:AudioImporter_EditorPlatform: 2f0ff77a95e0ac474e3e8eeba4e2f7cb -> 
  custom:video-encoder-webm-vp8: eb34c28f22e8b96e1ab97ce403110664 -> 
  custom:audio-decoder-ogg-vorbis: bf7c407c2cedff20999df2af8eb42d56 -> 
  custom:audio-encoder-webm-vorbis: bf7c407c2cedff20999df2af8eb42d56 -> 
========================================================================
Received Prepare
Caller must complete domain reload
Begin MonoManager ReloadAssembly
- Loaded All Assemblies, in  0.381 seconds
Native extension for LinuxStandalone target not found
Native extension for Android target not found
[Package Manager] Server::EnsureServerProcessIsRunning -- launch failed, reason: Unity was launched with the -noUpm command-line argument
[Package Manager] UpmClient::Send -- Unable to send message (not connected to UPM process).
[Package Manager] Cannot connect to Unity Package Manager local server
Mono: successfully reloaded assembly
[Package Manager] Server::EnsureServerProcessIsRunning -- launch failed, reason: Unity was launched with the -noUpm command-line argument
[Package Manager] UpmClient::Send -- Unable to send message (not connected to UPM process).
[Package Manager] Cannot connect to Unity Package Manager local server
- Finished resetting the current domain, in  0.655 seconds
Domain Reload Profiling: 1035ms
	BeginReloadAssembly (124ms)
		ExecutionOrderSort (0ms)
		DisableScriptedObjects (3ms)
		BackupInstance (0ms)
		ReleaseScriptingObjects (0ms)
		CreateAndSetChildDomain (32ms)
	RebuildCommonClasses (37ms)
	RebuildNativeTypeToScriptingClass (10ms)
	initialDomainReloadingComplete (35ms)
	LoadAllAssembliesAndSetupDomain (174ms)
		LoadAssemblies (224ms)
		RebuildTransferFunctionScriptingTraits (0ms)
		AnalyzeDomain (13ms)
			TypeCache.Refresh (6ms)
				TypeCache.ScanAssembly (0ms)
			ScanForSourceGeneratedMonoScriptInfo (0ms)
			ResolveRequiredComponents (6ms)
	FinalizeReload (656ms)
		ReleaseScriptCaches (0ms)
		RebuildScriptCaches (0ms)
		SetupLoadedEditorAssemblies (424ms)
			LogAssemblyErrors (0ms)
			InitializePlatformSupportModulesInManaged (33ms)
			SetLoadedEditorAssemblies (3ms)
			RefreshPlugins (0ms)
			BeforeProcessingInitializeOnLoad (45ms)
			ProcessInitializeOnLoadAttributes (300ms)
			ProcessInitializeOnLoadMethodAttributes (41ms)
			AfterProcessingInitializeOnLoad (3ms)
			EditorAssembliesLoaded (0ms)
		ExecutionOrderSort2 (0ms)
		AwakeInstancesAfterBackupRestoration (5ms)
Refreshing native plugins compatible for Editor in 1.34 ms, found 2 plugins.
Preloading 0 native plugins for Editor in 0.00 ms.
Unloading 3926 Unused Serialized files (Serialized files now loaded: 0)
Unloading 16 unused Assets / (28.9 KB). Loaded Objects now: 4418.
Memory consumption went from 133.0 MB to 132.9 MB.
Total: 6.858726 ms (FindLiveObjects: 0.372005 ms CreateObjectMapping: 0.161906 ms MarkObjects: 6.237707 ms  DeleteObjects: 0.083879 ms)

Prepare: number of updated asset objects reloaded= 0
AssetImportParameters requested are different than current active one (requested -> active):
  custom:container-demuxer-ogg: 62fdf1f143b41e24485cea50d1cbac27 -> 
  custom:video-decoder-ogg-theora: a1e56fd34408186e4bbccfd4996cb3dc -> 
  custom:CustomObjectIndexerAttribute: 232f87dd983dbecb2a4e21e08eb2cef8 -> 
  custom:container-demuxer-webm: 4f35f7cbe854078d1ac9338744f61a02 -> 
  custom:container-muxer-webm: aa71ff27fc2769a1b78a27578f13a17b -> 
  custom:video-decoder-webm-vp8: 9c59270c3fd7afecdb556c50c9e8de78 -> 
  custom:SearchIndexIgnoredProperties: e643bd26f0fe6173181afceb89e7c659 -> 
  custom:AudioImporter_EditorPlatform: 2f0ff77a95e0ac474e3e8eeba4e2f7cb -> 
  custom:video-encoder-webm-vp8: eb34c28f22e8b96e1ab97ce403110664 -> 
  custom:audio-decoder-ogg-vorbis: bf7c407c2cedff20999df2af8eb42d56 -> 
  custom:audio-encoder-webm-vorbis: bf7c407c2cedff20999df2af8eb42d56 -> 
========================================================================
Received Prepare
Caller must complete domain reload
Begin MonoManager ReloadAssembly
- Loaded All Assemblies, in  0.418 seconds
Native extension for LinuxStandalone target not found
Native extension for Android target not found
[Package Manager] Server::EnsureServerProcessIsRunning -- launch failed, reason: Unity was launched with the -noUpm command-line argument
[Package Manager] UpmClient::Send -- Unable to send message (not connected to UPM process).
[Package Manager] Cannot connect to Unity Package Manager local server
Mono: successfully reloaded assembly
[Package Manager] Server::EnsureServerProcessIsRunning -- launch failed, reason: Unity was launched with the -noUpm command-line argument
[Package Manager] UpmClient::Send -- Unable to send message (not connected to UPM process).
[Package Manager] Cannot connect to Unity Package Manager local server
- Finished resetting the current domain, in  0.850 seconds
Domain Reload Profiling: 1266ms
	BeginReloadAssembly (117ms)
		ExecutionOrderSort (0ms)
		DisableScriptedObjects (4ms)
		BackupInstance (0ms)
		ReleaseScriptingObjects (0ms)
		CreateAndSetChildDomain (30ms)
	RebuildCommonClasses (36ms)
	RebuildNativeTypeToScriptingClass (12ms)
	initialDomainReloadingComplete (38ms)
	LoadAllAssembliesAndSetupDomain (213ms)
		LoadAssemblies (249ms)
		RebuildTransferFunctionScriptingTraits (0ms)
		AnalyzeDomain (17ms)
			TypeCache.Refresh (8ms)
				TypeCache.ScanAssembly (0ms)
			ScanForSourceGeneratedMonoScriptInfo (0ms)
			ResolveRequiredComponents (8ms)
	FinalizeReload (851ms)
		ReleaseScriptCaches (0ms)
		RebuildScriptCaches (0ms)
		SetupLoadedEditorAssemblies (497ms)
			LogAssemblyErrors (0ms)
			InitializePlatformSupportModulesInManaged (51ms)
			SetLoadedEditorAssemblies (4ms)
			RefreshPlugins (0ms)
			BeforeProcessingInitializeOnLoad (63ms)
			ProcessInitializeOnLoadAttributes (333ms)
			ProcessInitializeOnLoadMethodAttributes (42ms)
			AfterProcessingInitializeOnLoad (3ms)
			EditorAssembliesLoaded (0ms)
		ExecutionOrderSort2 (0ms)
		AwakeInstancesAfterBackupRestoration (6ms)
Refreshing native plugins compatible for Editor in 1.21 ms, found 2 plugins.
Preloading 0 native plugins for Editor in 0.00 ms.
Unloading 3926 Unused Serialized files (Serialized files now loaded: 0)
Unloading 16 unused Assets / (28.9 KB). Loaded Objects now: 4422.
Memory consumption went from 133.0 MB to 132.9 MB.
Total: 5.066310 ms (FindLiveObjects: 0.286941 ms CreateObjectMapping: 0.125501 ms MarkObjects: 4.563698 ms  DeleteObjects: 0.087403 ms)

Prepare: number of updated asset objects reloaded= 0
AssetImportParameters requested are different than current active one (requested -> active):
  custom:container-demuxer-ogg: 62fdf1f143b41e24485cea50d1cbac27 -> 
  custom:video-decoder-ogg-theora: a1e56fd34408186e4bbccfd4996cb3dc -> 
  custom:CustomObjectIndexerAttribute: 232f87dd983dbecb2a4e21e08eb2cef8 -> 
  custom:container-demuxer-webm: 4f35f7cbe854078d1ac9338744f61a02 -> 
  custom:container-muxer-webm: aa71ff27fc2769a1b78a27578f13a17b -> 
  custom:video-decoder-webm-vp8: 9c59270c3fd7afecdb556c50c9e8de78 -> 
  custom:SearchIndexIgnoredProperties: e643bd26f0fe6173181afceb89e7c659 -> 
  custom:AudioImporter_EditorPlatform: 2f0ff77a95e0ac474e3e8eeba4e2f7cb -> 
  custom:video-encoder-webm-vp8: eb34c28f22e8b96e1ab97ce403110664 -> 
  custom:audio-decoder-ogg-vorbis: bf7c407c2cedff20999df2af8eb42d56 -> 
  custom:audio-encoder-webm-vorbis: bf7c407c2cedff20999df2af8eb42d56 -> 
========================================================================
Received Prepare
Caller must complete domain reload
Begin MonoManager ReloadAssembly
- Loaded All Assemblies, in  0.419 seconds
Native extension for LinuxStandalone target not found
Native extension for Android target not found
[Package Manager] Server::EnsureServerProcessIsRunning -- launch failed, reason: Unity was launched with the -noUpm command-line argument
[Package Manager] UpmClient::Send -- Unable to send message (not connected to UPM process).
[Package Manager] Cannot connect to Unity Package Manager local server
Mono: successfully reloaded assembly
[Package Manager] Server::EnsureServerProcessIsRunning -- launch failed, reason: Unity was launched with the -noUpm command-line argument
[Package Manager] UpmClient::Send -- Unable to send message (not connected to UPM process).
[Package Manager] Cannot connect to Unity Package Manager local server
- Finished resetting the current domain, in  0.766 seconds
Domain Reload Profiling: 1184ms
	BeginReloadAssembly (121ms)
		ExecutionOrderSort (0ms)
		DisableScriptedObjects (4ms)
		BackupInstance (0ms)
		ReleaseScriptingObjects (0ms)
		CreateAndSetChildDomain (30ms)
	RebuildCommonClasses (32ms)
	RebuildNativeTypeToScriptingClass (9ms)
	initialDomainReloadingComplete (31ms)
	LoadAllAssembliesAndSetupDomain (224ms)
		LoadAssemblies (262ms)
		RebuildTransferFunctionScriptingTraits (0ms)
		AnalyzeDomain (18ms)
			TypeCache.Refresh (8ms)
				TypeCache.ScanAssembly (0ms)
			ScanForSourceGeneratedMonoScriptInfo (0ms)
			ResolveRequiredComponents (9ms)
	FinalizeReload (767ms)
		ReleaseScriptCaches (0ms)
		RebuildScriptCaches (0ms)
		SetupLoadedEditorAssemblies (404ms)
			LogAssemblyErrors (0ms)
			InitializePlatformSupportModulesInManaged (44ms)
			SetLoadedEditorAssemblies (4ms)
			RefreshPlugins (0ms)
			BeforeProcessingInitializeOnLoad (64ms)
			ProcessInitializeOnLoadAttributes (253ms)
			ProcessInitializeOnLoadMethodAttributes (36ms)
			AfterProcessingInitializeOnLoad (4ms)
			EditorAssembliesLoaded (0ms)
		ExecutionOrderSort2 (0ms)
		AwakeInstancesAfterBackupRestoration (5ms)
Refreshing native plugins compatible for Editor in 1.11 ms, found 2 plugins.
Preloading 0 native plugins for Editor in 0.00 ms.
Unloading 3926 Unused Serialized files (Serialized files now loaded: 0)
Unloading 16 unused Assets / (29.0 KB). Loaded Objects now: 4426.
Memory consumption went from 133.0 MB to 132.9 MB.
Total: 5.736395 ms (FindLiveObjects: 0.569093 ms CreateObjectMapping: 0.171676 ms MarkObjects: 4.892347 ms  DeleteObjects: 0.100884 ms)

Prepare: number of updated asset objects reloaded= 0
AssetImportParameters requested are different than current active one (requested -> active):
  custom:container-demuxer-ogg: 62fdf1f143b41e24485cea50d1cbac27 -> 
  custom:video-decoder-ogg-theora: a1e56fd34408186e4bbccfd4996cb3dc -> 
  custom:CustomObjectIndexerAttribute: 232f87dd983dbecb2a4e21e08eb2cef8 -> 
  custom:container-demuxer-webm: 4f35f7cbe854078d1ac9338744f61a02 -> 
  custom:container-muxer-webm: aa71ff27fc2769a1b78a27578f13a17b -> 
  custom:video-decoder-webm-vp8: 9c59270c3fd7afecdb556c50c9e8de78 -> 
  custom:SearchIndexIgnoredProperties: e643bd26f0fe6173181afceb89e7c659 -> 
  custom:AudioImporter_EditorPlatform: 2f0ff77a95e0ac474e3e8eeba4e2f7cb -> 
  custom:video-encoder-webm-vp8: eb34c28f22e8b96e1ab97ce403110664 -> 
  custom:audio-decoder-ogg-vorbis: bf7c407c2cedff20999df2af8eb42d56 -> 
  custom:audio-encoder-webm-vorbis: bf7c407c2cedff20999df2af8eb42d56 -> 
========================================================================
Received Prepare
Caller must complete domain reload
Begin MonoManager ReloadAssembly
- Loaded All Assemblies, in  0.356 seconds
Native extension for LinuxStandalone target not found
Native extension for Android target not found
[Package Manager] Server::EnsureServerProcessIsRunning -- launch failed, reason: Unity was launched with the -noUpm command-line argument
[Package Manager] UpmClient::Send -- Unable to send message (not connected to UPM process).
[Package Manager] Cannot connect to Unity Package Manager local server
Mono: successfully reloaded assembly
[Package Manager] Server::EnsureServerProcessIsRunning -- launch failed, reason: Unity was launched with the -noUpm command-line argument
[Package Manager] UpmClient::Send -- Unable to send message (not connected to UPM process).
[Package Manager] Cannot connect to Unity Package Manager local server
- Finished resetting the current domain, in  0.815 seconds
Domain Reload Profiling: 1170ms
	BeginReloadAssembly (112ms)
		ExecutionOrderSort (0ms)
		DisableScriptedObjects (3ms)
		BackupInstance (0ms)
		ReleaseScriptingObjects (0ms)
		CreateAndSetChildDomain (28ms)
	RebuildCommonClasses (34ms)
	RebuildNativeTypeToScriptingClass (9ms)
	initialDomainReloadingComplete (30ms)
	LoadAllAssembliesAndSetupDomain (170ms)
		LoadAssemblies (208ms)
		RebuildTransferFunctionScriptingTraits (0ms)
		AnalyzeDomain (16ms)
			TypeCache.Refresh (6ms)
				TypeCache.ScanAssembly (0ms)
			ScanForSourceGeneratedMonoScriptInfo (0ms)
			ResolveRequiredComponents (8ms)
	FinalizeReload (815ms)
		ReleaseScriptCaches (0ms)
		RebuildScriptCaches (0ms)
		SetupLoadedEditorAssemblies (442ms)
			LogAssemblyErrors (0ms)
			InitializePlatformSupportModulesInManaged (52ms)
			SetLoadedEditorAssemblies (4ms)
			RefreshPlugins (0ms)
			BeforeProcessingInitializeOnLoad (67ms)
			ProcessInitializeOnLoadAttributes (274ms)
			ProcessInitializeOnLoadMethodAttributes (41ms)
			AfterProcessingInitializeOnLoad (3ms)
			EditorAssembliesLoaded (0ms)
		ExecutionOrderSort2 (0ms)
		AwakeInstancesAfterBackupRestoration (6ms)
Refreshing native plugins compatible for Editor in 1.49 ms, found 2 plugins.
Preloading 0 native plugins for Editor in 0.00 ms.
Unloading 3926 Unused Serialized files (Serialized files now loaded: 0)
Unloading 16 unused Assets / (28.9 KB). Loaded Objects now: 4430.
Memory consumption went from 133.0 MB to 133.0 MB.
Total: 5.637747 ms (FindLiveObjects: 0.437145 ms CreateObjectMapping: 0.247057 ms MarkObjects: 4.855546 ms  DeleteObjects: 0.095766 ms)

Prepare: number of updated asset objects reloaded= 0
AssetImportParameters requested are different than current active one (requested -> active):
  custom:container-demuxer-ogg: 62fdf1f143b41e24485cea50d1cbac27 -> 
  custom:video-decoder-ogg-theora: a1e56fd34408186e4bbccfd4996cb3dc -> 
  custom:CustomObjectIndexerAttribute: 232f87dd983dbecb2a4e21e08eb2cef8 -> 
  custom:container-demuxer-webm: 4f35f7cbe854078d1ac9338744f61a02 -> 
  custom:container-muxer-webm: aa71ff27fc2769a1b78a27578f13a17b -> 
  custom:video-decoder-webm-vp8: 9c59270c3fd7afecdb556c50c9e8de78 -> 
  custom:SearchIndexIgnoredProperties: e643bd26f0fe6173181afceb89e7c659 -> 
  custom:AudioImporter_EditorPlatform: 2f0ff77a95e0ac474e3e8eeba4e2f7cb -> 
  custom:video-encoder-webm-vp8: eb34c28f22e8b96e1ab97ce403110664 -> 
  custom:audio-decoder-ogg-vorbis: bf7c407c2cedff20999df2af8eb42d56 -> 
  custom:audio-encoder-webm-vorbis: bf7c407c2cedff20999df2af8eb42d56 -> 
========================================================================
Received Prepare
Caller must complete domain reload
Begin MonoManager ReloadAssembly
- Loaded All Assemblies, in  0.466 seconds
Native extension for LinuxStandalone target not found
Native extension for Android target not found
[Package Manager] Server::EnsureServerProcessIsRunning -- launch failed, reason: Unity was launched with the -noUpm command-line argument
[Package Manager] UpmClient::Send -- Unable to send message (not connected to UPM process).
[Package Manager] Cannot connect to Unity Package Manager local server
Mono: successfully reloaded assembly
[Package Manager] Server::EnsureServerProcessIsRunning -- launch failed, reason: Unity was launched with the -noUpm command-line argument
[Package Manager] UpmClient::Send -- Unable to send message (not connected to UPM process).
[Package Manager] Cannot connect to Unity Package Manager local server
- Finished resetting the current domain, in  1.354 seconds
Domain Reload Profiling: 1819ms
	BeginReloadAssembly (160ms)
		ExecutionOrderSort (0ms)
		DisableScriptedObjects (9ms)
		BackupInstance (0ms)
		ReleaseScriptingObjects (0ms)
		CreateAndSetChildDomain (53ms)
	RebuildCommonClasses (39ms)
	RebuildNativeTypeToScriptingClass (8ms)
	initialDomainReloadingComplete (31ms)
	LoadAllAssembliesAndSetupDomain (226ms)
		LoadAssemblies (254ms)
		RebuildTransferFunctionScriptingTraits (0ms)
		AnalyzeDomain (30ms)
			TypeCache.Refresh (11ms)
				TypeCache.ScanAssembly (0ms)
			ScanForSourceGeneratedMonoScriptInfo (11ms)
			ResolveRequiredComponents (8ms)
	FinalizeReload (1355ms)
		ReleaseScriptCaches (0ms)
		RebuildScriptCaches (0ms)
		SetupLoadedEditorAssemblies (433ms)
			LogAssemblyErrors (0ms)
			InitializePlatformSupportModulesInManaged (48ms)
			SetLoadedEditorAssemblies (4ms)
			RefreshPlugins (0ms)
			BeforeProcessingInitializeOnLoad (65ms)
			ProcessInitializeOnLoadAttributes (269ms)
			ProcessInitializeOnLoadMethodAttributes (43ms)
			AfterProcessingInitializeOnLoad (4ms)
			EditorAssembliesLoaded (0ms)
		ExecutionOrderSort2 (0ms)
		AwakeInstancesAfterBackupRestoration (6ms)
Refreshing native plugins compatible for Editor in 2.46 ms, found 2 plugins.
Preloading 0 native plugins for Editor in 0.00 ms.
Unloading 3926 Unused Serialized files (Serialized files now loaded: 0)
Unloading 16 unused Assets / (29.0 KB). Loaded Objects now: 4434.
Memory consumption went from 133.0 MB to 133.0 MB.
Total: 4.456851 ms (FindLiveObjects: 0.326140 ms CreateObjectMapping: 0.136993 ms MarkObjects: 3.929360 ms  DeleteObjects: 0.061626 ms)

Prepare: number of updated asset objects reloaded= 0
AssetImportParameters requested are different than current active one (requested -> active):
  custom:container-demuxer-ogg: 62fdf1f143b41e24485cea50d1cbac27 -> 
  custom:scripting/monoscript/fileName/JointStateSubscriber.cs: a16c1fe57f836fb4ab55d7fecb5b9d6e -> 4dedc4a66c6e67481e12c8a20eda7a17
  custom:scripting/monoscript/fileName/UnityColorMsg.cs: dee5fdaf0f0de34c3b8a304af96f20a0 -> c0b80ff3cf83e3d05b0ba4f2f77d5b19
  custom:scripting/monoscript/fileName/ObjectPoseServiceRequest.cs: e8340b02528bd576f46ab0e8d32803a5 -> ac96913d6908110a6abd1a7bba739457
  custom:video-decoder-ogg-theora: a1e56fd34408186e4bbccfd4996cb3dc -> 
  custom:scripting/monoscript/fileName/CartesianInputMover.cs: 6e481e4dc4a81911d4aac901246306ea -> 352cebde0451330d3418c9b8170d7770
  custom:scripting/monoscript/fileName/PositionServiceRequest.cs: 604b7350a1923a5a9bd709fbb0ec64de -> 1b5332691515ff45a4b7b160d7af40cc
  custom:CustomObjectIndexerAttribute: 232f87dd983dbecb2a4e21e08eb2cef8 -> 
  custom:container-demuxer-webm: 4f35f7cbe854078d1ac9338744f61a02 -> 
  custom:container-muxer-webm: aa71ff27fc2769a1b78a27578f13a17b -> 
  custom:scripting/monoscript/fileName/CustomIKController.cs: 4df3f7e13d73c56e2a7133001d6862b9 -> 68a62c82b227cef8c0cb62a145e583d8
  custom:video-decoder-webm-vp8: 9c59270c3fd7afecdb556c50c9e8de78 -> 
  custom:SearchIndexIgnoredProperties: e643bd26f0fe6173181afceb89e7c659 -> 
  custom:AudioImporter_EditorPlatform: 2f0ff77a95e0ac474e3e8eeba4e2f7cb -> 
  custom:scripting/monoscript/fileName/PositionServiceResponse.cs: eb8b35c8ccd425d6366d4a98c4e4b483 -> 14d8e1b7be2a90ffc11a47ff3676c47b
  custom:video-encoder-webm-vp8: eb34c28f22e8b96e1ab97ce403110664 -> 
  custom:audio-decoder-ogg-vorbis: bf7c407c2cedff20999df2af8eb42d56 -> 
  custom:scripting/monoscript/fileName/ObjectPoseServiceResponse.cs: 4835040a06592c037884d4ea1d5f8d63 -> 620467b7faa0547d7a2c3511e9703be2
  custom:scripting/monoscript/fileName/PosRotMsg.cs: abd368e715fc1c890b3798a7625cedb4 -> 37cbb950fd8d559e159b3f7c4a713652
  custom:audio-encoder-webm-vorbis: bf7c407c2cedff20999df2af8eb42d56 -> 
  custom:scripting/precompiled-assembly-types:Assembly-CSharp: c02ce6627e6b1d98d98e0d8dc1afacfc -> 8ca404f8a24693e23426b57e83396e6b
========================================================================
Received Prepare
Caller must complete domain reload
Begin MonoManager ReloadAssembly
- Loaded All Assemblies, in  0.601 seconds
Native extension for LinuxStandalone target not found
Native extension for Android target not found
[Package Manager] Server::EnsureServerProcessIsRunning -- launch failed, reason: Unity was launched with the -noUpm command-line argument
[Package Manager] UpmClient::Send -- Unable to send message (not connected to UPM process).
[Package Manager] Cannot connect to Unity Package Manager local server
Mono: successfully reloaded assembly
[Package Manager] Server::EnsureServerProcessIsRunning -- launch failed, reason: Unity was launched with the -noUpm command-line argument
[Package Manager] UpmClient::Send -- Unable to send message (not connected to UPM process).
[Package Manager] Cannot connect to Unity Package Manager local server
- Finished resetting the current domain, in  0.937 seconds
Domain Reload Profiling: 1535ms
	BeginReloadAssembly (173ms)
		ExecutionOrderSort (0ms)
		DisableScriptedObjects (8ms)
		BackupInstance (0ms)
		ReleaseScriptingObjects (0ms)
		CreateAndSetChildDomain (48ms)
	RebuildCommonClasses (49ms)
	RebuildNativeTypeToScriptingClass (14ms)
	initialDomainReloadingComplete (48ms)
	LoadAllAssembliesAndSetupDomain (313ms)
		LoadAssemblies (351ms)
		RebuildTransferFunctionScriptingTraits (0ms)
		AnalyzeDomain (39ms)
			TypeCache.Refresh (14ms)
				TypeCache.ScanAssembly (0ms)
			ScanForSourceGeneratedMonoScriptInfo (12ms)
			ResolveRequiredComponents (11ms)
	FinalizeReload (937ms)
		ReleaseScriptCaches (0ms)
		RebuildScriptCaches (0ms)
		SetupLoadedEditorAssemblies (442ms)
			LogAssemblyErrors (0ms)
			InitializePlatformSupportModulesInManaged (60ms)
			SetLoadedEditorAssemblies (5ms)
			RefreshPlugins (0ms)
			BeforeProcessingInitializeOnLoad (75ms)
			ProcessInitializeOnLoadAttributes (260ms)
			ProcessInitializeOnLoadMethodAttributes (38ms)
			AfterProcessingInitializeOnLoad (4ms)
			EditorAssembliesLoaded (0ms)
		ExecutionOrderSort2 (0ms)
		AwakeInstancesAfterBackupRestoration (5ms)
Refreshing native plugins compatible for Editor in 1.21 ms, found 2 plugins.
Preloading 0 native plugins for Editor in 0.00 ms.
Unloading 3926 Unused Serialized files (Serialized files now loaded: 0)
Unloading 16 unused Assets / (29.0 KB). Loaded Objects now: 4438.
Memory consumption went from 133.0 MB to 133.0 MB.
Total: 8.967284 ms (FindLiveObjects: 0.347282 ms CreateObjectMapping: 0.259280 ms MarkObjects: 8.260959 ms  DeleteObjects: 0.097302 ms)

Prepare: number of updated asset objects reloaded= 0
AssetImportParameters requested are different than current active one (requested -> active):
  custom:container-demuxer-ogg: 62fdf1f143b41e24485cea50d1cbac27 -> 
  custom:scripting/monoscript/fileName/JointStateSubscriber.cs: a16c1fe57f836fb4ab55d7fecb5b9d6e -> 4dedc4a66c6e67481e12c8a20eda7a17
  custom:scripting/monoscript/fileName/UnityColorMsg.cs: dee5fdaf0f0de34c3b8a304af96f20a0 -> c0b80ff3cf83e3d05b0ba4f2f77d5b19
  custom:scripting/monoscript/fileName/ObjectPoseServiceRequest.cs: e8340b02528bd576f46ab0e8d32803a5 -> ac96913d6908110a6abd1a7bba739457
  custom:video-decoder-ogg-theora: a1e56fd34408186e4bbccfd4996cb3dc -> 
  custom:scripting/monoscript/fileName/CartesianInputMover.cs: 6e481e4dc4a81911d4aac901246306ea -> 352cebde0451330d3418c9b8170d7770
  custom:scripting/monoscript/fileName/PositionServiceRequest.cs: 604b7350a1923a5a9bd709fbb0ec64de -> 1b5332691515ff45a4b7b160d7af40cc
  custom:CustomObjectIndexerAttribute: 232f87dd983dbecb2a4e21e08eb2cef8 -> 
  custom:container-demuxer-webm: 4f35f7cbe854078d1ac9338744f61a02 -> 
  custom:container-muxer-webm: aa71ff27fc2769a1b78a27578f13a17b -> 
  custom:scripting/monoscript/fileName/CustomIKController.cs: 4df3f7e13d73c56e2a7133001d6862b9 -> 68a62c82b227cef8c0cb62a145e583d8
  custom:video-decoder-webm-vp8: 9c59270c3fd7afecdb556c50c9e8de78 -> 
  custom:SearchIndexIgnoredProperties: e643bd26f0fe6173181afceb89e7c659 -> 
  custom:AudioImporter_EditorPlatform: 2f0ff77a95e0ac474e3e8eeba4e2f7cb -> 
  custom:scripting/monoscript/fileName/PositionServiceResponse.cs: eb8b35c8ccd425d6366d4a98c4e4b483 -> 14d8e1b7be2a90ffc11a47ff3676c47b
  custom:video-encoder-webm-vp8: eb34c28f22e8b96e1ab97ce403110664 -> 
  custom:audio-decoder-ogg-vorbis: bf7c407c2cedff20999df2af8eb42d56 -> 
  custom:scripting/monoscript/fileName/ObjectPoseServiceResponse.cs: 4835040a06592c037884d4ea1d5f8d63 -> 620467b7faa0547d7a2c3511e9703be2
  custom:scripting/monoscript/fileName/PosRotMsg.cs: abd368e715fc1c890b3798a7625cedb4 -> 37cbb950fd8d559e159b3f7c4a713652
  custom:audio-encoder-webm-vorbis: bf7c407c2cedff20999df2af8eb42d56 -> 
  custom:scripting/precompiled-assembly-types:Assembly-CSharp: c02ce6627e6b1d98d98e0d8dc1afacfc -> 8ca404f8a24693e23426b57e83396e6b
========================================================================
Received Prepare
Caller must complete domain reload
Begin MonoManager ReloadAssembly
- Loaded All Assemblies, in  0.573 seconds
Native extension for LinuxStandalone target not found
Native extension for Android target not found
[Package Manager] Server::EnsureServerProcessIsRunning -- launch failed, reason: Unity was launched with the -noUpm command-line argument
[Package Manager] UpmClient::Send -- Unable to send message (not connected to UPM process).
[Package Manager] Cannot connect to Unity Package Manager local server
Mono: successfully reloaded assembly
[Package Manager] Server::EnsureServerProcessIsRunning -- launch failed, reason: Unity was launched with the -noUpm command-line argument
[Package Manager] UpmClient::Send -- Unable to send message (not connected to UPM process).
[Package Manager] Cannot connect to Unity Package Manager local server
- Finished resetting the current domain, in  1.018 seconds
Domain Reload Profiling: 1590ms
	BeginReloadAssembly (196ms)
		ExecutionOrderSort (0ms)
		DisableScriptedObjects (8ms)
		BackupInstance (0ms)
		ReleaseScriptingObjects (0ms)
		CreateAndSetChildDomain (66ms)
	RebuildCommonClasses (51ms)
	RebuildNativeTypeToScriptingClass (8ms)
	initialDomainReloadingComplete (33ms)
	LoadAllAssembliesAndSetupDomain (283ms)
		LoadAssemblies (349ms)
		RebuildTransferFunctionScriptingTraits (0ms)
		AnalyzeDomain (18ms)
			TypeCache.Refresh (8ms)
				TypeCache.ScanAssembly (0ms)
			ScanForSourceGeneratedMonoScriptInfo (0ms)
			ResolveRequiredComponents (9ms)
	FinalizeReload (1018ms)
		ReleaseScriptCaches (0ms)
		RebuildScriptCaches (0ms)
		SetupLoadedEditorAssemblies (645ms)
			LogAssemblyErrors (0ms)
			InitializePlatformSupportModulesInManaged (65ms)
			SetLoadedEditorAssemblies (6ms)
			RefreshPlugins (0ms)
			BeforeProcessingInitializeOnLoad (97ms)
			ProcessInitializeOnLoadAttributes (420ms)
			ProcessInitializeOnLoadMethodAttributes (52ms)
			AfterProcessingInitializeOnLoad (4ms)
			EditorAssembliesLoaded (1ms)
		ExecutionOrderSort2 (0ms)
		AwakeInstancesAfterBackupRestoration (7ms)
Refreshing native plugins compatible for Editor in 1.51 ms, found 2 plugins.
Preloading 0 native plugins for Editor in 0.00 ms.
Unloading 3926 Unused Serialized files (Serialized files now loaded: 0)
Unloading 16 unused Assets / (29.1 KB). Loaded Objects now: 4442.
Memory consumption went from 133.0 MB to 133.0 MB.
Total: 20.610045 ms (FindLiveObjects: 0.923347 ms CreateObjectMapping: 0.499847 ms MarkObjects: 18.847061 ms  DeleteObjects: 0.331543 ms)

Prepare: number of updated asset objects reloaded= 0
AssetImportParameters requested are different than current active one (requested -> active):
  custom:container-demuxer-ogg: 62fdf1f143b41e24485cea50d1cbac27 -> 
  custom:scripting/monoscript/fileName/JointStateSubscriber.cs: a16c1fe57f836fb4ab55d7fecb5b9d6e -> 4dedc4a66c6e67481e12c8a20eda7a17
  custom:scripting/monoscript/fileName/UnityColorMsg.cs: dee5fdaf0f0de34c3b8a304af96f20a0 -> c0b80ff3cf83e3d05b0ba4f2f77d5b19
  custom:scripting/monoscript/fileName/ObjectPoseServiceRequest.cs: e8340b02528bd576f46ab0e8d32803a5 -> ac96913d6908110a6abd1a7bba739457
  custom:video-decoder-ogg-theora: a1e56fd34408186e4bbccfd4996cb3dc -> 
  custom:scripting/monoscript/fileName/CartesianInputMover.cs: 6e481e4dc4a81911d4aac901246306ea -> 352cebde0451330d3418c9b8170d7770
  custom:scripting/monoscript/fileName/PositionServiceRequest.cs: 604b7350a1923a5a9bd709fbb0ec64de -> 1b5332691515ff45a4b7b160d7af40cc
  custom:CustomObjectIndexerAttribute: 232f87dd983dbecb2a4e21e08eb2cef8 -> 
  custom:container-demuxer-webm: 4f35f7cbe854078d1ac9338744f61a02 -> 
  custom:container-muxer-webm: aa71ff27fc2769a1b78a27578f13a17b -> 
  custom:scripting/monoscript/fileName/CustomIKController.cs: 4df3f7e13d73c56e2a7133001d6862b9 -> 68a62c82b227cef8c0cb62a145e583d8
  custom:video-decoder-webm-vp8: 9c59270c3fd7afecdb556c50c9e8de78 -> 
  custom:SearchIndexIgnoredProperties: e643bd26f0fe6173181afceb89e7c659 -> 
  custom:AudioImporter_EditorPlatform: 2f0ff77a95e0ac474e3e8eeba4e2f7cb -> 
  custom:scripting/monoscript/fileName/PositionServiceResponse.cs: eb8b35c8ccd425d6366d4a98c4e4b483 -> 14d8e1b7be2a90ffc11a47ff3676c47b
  custom:video-encoder-webm-vp8: eb34c28f22e8b96e1ab97ce403110664 -> 
  custom:audio-decoder-ogg-vorbis: bf7c407c2cedff20999df2af8eb42d56 -> 
  custom:scripting/monoscript/fileName/ObjectPoseServiceResponse.cs: 4835040a06592c037884d4ea1d5f8d63 -> 620467b7faa0547d7a2c3511e9703be2
  custom:scripting/monoscript/fileName/PosRotMsg.cs: abd368e715fc1c890b3798a7625cedb4 -> 37cbb950fd8d559e159b3f7c4a713652
  custom:audio-encoder-webm-vorbis: bf7c407c2cedff20999df2af8eb42d56 -> 
  custom:scripting/precompiled-assembly-types:Assembly-CSharp: c02ce6627e6b1d98d98e0d8dc1afacfc -> 8ca404f8a24693e23426b57e83396e6b
========================================================================
Received Prepare
Caller must complete domain reload
Begin MonoManager ReloadAssembly
- Loaded All Assemblies, in  0.580 seconds
Native extension for LinuxStandalone target not found
Native extension for Android target not found
[Package Manager] Server::EnsureServerProcessIsRunning -- launch failed, reason: Unity was launched with the -noUpm command-line argument
[Package Manager] UpmClient::Send -- Unable to send message (not connected to UPM process).
[Package Manager] Cannot connect to Unity Package Manager local server
Mono: successfully reloaded assembly
[Package Manager] Server::EnsureServerProcessIsRunning -- launch failed, reason: Unity was launched with the -noUpm command-line argument
[Package Manager] UpmClient::Send -- Unable to send message (not connected to UPM process).
[Package Manager] Cannot connect to Unity Package Manager local server
- Finished resetting the current domain, in  0.801 seconds
Domain Reload Profiling: 1380ms
	BeginReloadAssembly (168ms)
		ExecutionOrderSort (0ms)
		DisableScriptedObjects (5ms)
		BackupInstance (0ms)
		ReleaseScriptingObjects (0ms)
		CreateAndSetChildDomain (45ms)
	RebuildCommonClasses (53ms)
	RebuildNativeTypeToScriptingClass (14ms)
	initialDomainReloadingComplete (44ms)
	LoadAllAssembliesAndSetupDomain (299ms)
		LoadAssemblies (353ms)
		RebuildTransferFunctionScriptingTraits (0ms)
		AnalyzeDomain (30ms)
			TypeCache.Refresh (11ms)
				TypeCache.ScanAssembly (0ms)
			ScanForSourceGeneratedMonoScriptInfo (9ms)
			ResolveRequiredComponents (8ms)
	FinalizeReload (802ms)
		ReleaseScriptCaches (0ms)
		RebuildScriptCaches (0ms)
		SetupLoadedEditorAssemblies (447ms)
			LogAssemblyErrors (0ms)
			InitializePlatformSupportModulesInManaged (49ms)
			SetLoadedEditorAssemblies (5ms)
			RefreshPlugins (0ms)
			BeforeProcessingInitializeOnLoad (68ms)
			ProcessInitializeOnLoadAttributes (278ms)
			ProcessInitializeOnLoadMethodAttributes (43ms)
			AfterProcessingInitializeOnLoad (4ms)
			EditorAssembliesLoaded (0ms)
		ExecutionOrderSort2 (0ms)
		AwakeInstancesAfterBackupRestoration (6ms)
Refreshing native plugins compatible for Editor in 1.38 ms, found 2 plugins.
Preloading 0 native plugins for Editor in 0.00 ms.
Unloading 3926 Unused Serialized files (Serialized files now loaded: 0)
Unloading 16 unused Assets / (29.0 KB). Loaded Objects now: 4446.
Memory consumption went from 133.0 MB to 133.0 MB.
Total: 5.017870 ms (FindLiveObjects: 0.452903 ms CreateObjectMapping: 0.196881 ms MarkObjects: 4.283350 ms  DeleteObjects: 0.082865 ms)

Prepare: number of updated asset objects reloaded= 0
AssetImportParameters requested are different than current active one (requested -> active):
  custom:container-demuxer-ogg: 62fdf1f143b41e24485cea50d1cbac27 -> 
  custom:scripting/monoscript/fileName/JointStateSubscriber.cs: a16c1fe57f836fb4ab55d7fecb5b9d6e -> 4dedc4a66c6e67481e12c8a20eda7a17
  custom:scripting/monoscript/fileName/UnityColorMsg.cs: dee5fdaf0f0de34c3b8a304af96f20a0 -> c0b80ff3cf83e3d05b0ba4f2f77d5b19
  custom:scripting/monoscript/fileName/ObjectPoseServiceRequest.cs: e8340b02528bd576f46ab0e8d32803a5 -> ac96913d6908110a6abd1a7bba739457
  custom:video-decoder-ogg-theora: a1e56fd34408186e4bbccfd4996cb3dc -> 
  custom:scripting/monoscript/fileName/CartesianInputMover.cs: 6e481e4dc4a81911d4aac901246306ea -> 352cebde0451330d3418c9b8170d7770
  custom:scripting/monoscript/fileName/PositionServiceRequest.cs: 604b7350a1923a5a9bd709fbb0ec64de -> 1b5332691515ff45a4b7b160d7af40cc
  custom:CustomObjectIndexerAttribute: 232f87dd983dbecb2a4e21e08eb2cef8 -> 
  custom:container-demuxer-webm: 4f35f7cbe854078d1ac9338744f61a02 -> 
  custom:container-muxer-webm: aa71ff27fc2769a1b78a27578f13a17b -> 
  custom:scripting/monoscript/fileName/CustomIKController.cs: 4df3f7e13d73c56e2a7133001d6862b9 -> 68a62c82b227cef8c0cb62a145e583d8
  custom:video-decoder-webm-vp8: 9c59270c3fd7afecdb556c50c9e8de78 -> 
  custom:SearchIndexIgnoredProperties: e643bd26f0fe6173181afceb89e7c659 -> 
  custom:AudioImporter_EditorPlatform: 2f0ff77a95e0ac474e3e8eeba4e2f7cb -> 
  custom:scripting/monoscript/fileName/PositionServiceResponse.cs: eb8b35c8ccd425d6366d4a98c4e4b483 -> 14d8e1b7be2a90ffc11a47ff3676c47b
  custom:video-encoder-webm-vp8: eb34c28f22e8b96e1ab97ce403110664 -> 
  custom:audio-decoder-ogg-vorbis: bf7c407c2cedff20999df2af8eb42d56 -> 
  custom:scripting/monoscript/fileName/ObjectPoseServiceResponse.cs: 4835040a06592c037884d4ea1d5f8d63 -> 620467b7faa0547d7a2c3511e9703be2
  custom:scripting/monoscript/fileName/PosRotMsg.cs: abd368e715fc1c890b3798a7625cedb4 -> 37cbb950fd8d559e159b3f7c4a713652
  custom:audio-encoder-webm-vorbis: bf7c407c2cedff20999df2af8eb42d56 -> 
  custom:scripting/precompiled-assembly-types:Assembly-CSharp: c02ce6627e6b1d98d98e0d8dc1afacfc -> 8ca404f8a24693e23426b57e83396e6b
========================================================================
Received Prepare
Caller must complete domain reload
Begin MonoManager ReloadAssembly
- Loaded All Assemblies, in  0.568 seconds
Native extension for LinuxStandalone target not found
Native extension for Android target not found
[Package Manager] Server::EnsureServerProcessIsRunning -- launch failed, reason: Unity was launched with the -noUpm command-line argument
[Package Manager] UpmClient::Send -- Unable to send message (not connected to UPM process).
[Package Manager] Cannot connect to Unity Package Manager local server
Mono: successfully reloaded assembly
[Package Manager] Server::EnsureServerProcessIsRunning -- launch failed, reason: Unity was launched with the -noUpm command-line argument
[Package Manager] UpmClient::Send -- Unable to send message (not connected to UPM process).
[Package Manager] Cannot connect to Unity Package Manager local server
- Finished resetting the current domain, in  1.069 seconds
Domain Reload Profiling: 1637ms
	BeginReloadAssembly (168ms)
		ExecutionOrderSort (0ms)
		DisableScriptedObjects (8ms)
		BackupInstance (0ms)
		ReleaseScriptingObjects (0ms)
		CreateAndSetChildDomain (50ms)
	RebuildCommonClasses (37ms)
	RebuildNativeTypeToScriptingClass (8ms)
	initialDomainReloadingComplete (31ms)
	LoadAllAssembliesAndSetupDomain (323ms)
		LoadAssemblies (368ms)
		RebuildTransferFunctionScriptingTraits (0ms)
		AnalyzeDomain (26ms)
			TypeCache.Refresh (10ms)
				TypeCache.ScanAssembly (0ms)
			ScanForSourceGeneratedMonoScriptInfo (0ms)
			ResolveRequiredComponents (13ms)
	FinalizeReload (1070ms)
		ReleaseScriptCaches (0ms)
		RebuildScriptCaches (0ms)
		SetupLoadedEditorAssemblies (613ms)
			LogAssemblyErrors (0ms)
			InitializePlatformSupportModulesInManaged (69ms)
			SetLoadedEditorAssemblies (6ms)
			RefreshPlugins (0ms)
			BeforeProcessingInitializeOnLoad (95ms)
			ProcessInitializeOnLoadAttributes (390ms)
			ProcessInitializeOnLoadMethodAttributes (48ms)
			AfterProcessingInitializeOnLoad (4ms)
			EditorAssembliesLoaded (0ms)
		ExecutionOrderSort2 (0ms)
		AwakeInstancesAfterBackupRestoration (6ms)
Refreshing native plugins compatible for Editor in 1.31 ms, found 2 plugins.
Preloading 0 native plugins for Editor in 0.00 ms.
Unloading 3926 Unused Serialized files (Serialized files now loaded: 0)
Unloading 16 unused Assets / (28.9 KB). Loaded Objects now: 4450.
Memory consumption went from 133.0 MB to 133.0 MB.
Total: 4.517381 ms (FindLiveObjects: 0.401573 ms CreateObjectMapping: 0.153963 ms MarkObjects: 3.884142 ms  DeleteObjects: 0.075839 ms)

Prepare: number of updated asset objects reloaded= 0
AssetImportParameters requested are different than current active one (requested -> active):
  custom:container-demuxer-ogg: 62fdf1f143b41e24485cea50d1cbac27 -> 
  custom:scripting/monoscript/fileName/JointStateSubscriber.cs: a16c1fe57f836fb4ab55d7fecb5b9d6e -> 4dedc4a66c6e67481e12c8a20eda7a17
  custom:scripting/monoscript/fileName/UnityColorMsg.cs: dee5fdaf0f0de34c3b8a304af96f20a0 -> c0b80ff3cf83e3d05b0ba4f2f77d5b19
  custom:scripting/monoscript/fileName/ObjectPoseServiceRequest.cs: e8340b02528bd576f46ab0e8d32803a5 -> ac96913d6908110a6abd1a7bba739457
  custom:video-decoder-ogg-theora: a1e56fd34408186e4bbccfd4996cb3dc -> 
  custom:scripting/monoscript/fileName/CartesianInputMover.cs: 6e481e4dc4a81911d4aac901246306ea -> 352cebde0451330d3418c9b8170d7770
  custom:scripting/monoscript/fileName/PositionServiceRequest.cs: 604b7350a1923a5a9bd709fbb0ec64de -> 1b5332691515ff45a4b7b160d7af40cc
  custom:CustomObjectIndexerAttribute: 232f87dd983dbecb2a4e21e08eb2cef8 -> 
  custom:container-demuxer-webm: 4f35f7cbe854078d1ac9338744f61a02 -> 
  custom:container-muxer-webm: aa71ff27fc2769a1b78a27578f13a17b -> 
  custom:scripting/monoscript/fileName/CustomIKController.cs: 4df3f7e13d73c56e2a7133001d6862b9 -> 68a62c82b227cef8c0cb62a145e583d8
  custom:video-decoder-webm-vp8: 9c59270c3fd7afecdb556c50c9e8de78 -> 
  custom:SearchIndexIgnoredProperties: e643bd26f0fe6173181afceb89e7c659 -> 
  custom:AudioImporter_EditorPlatform: 2f0ff77a95e0ac474e3e8eeba4e2f7cb -> 
  custom:scripting/monoscript/fileName/PositionServiceResponse.cs: eb8b35c8ccd425d6366d4a98c4e4b483 -> 14d8e1b7be2a90ffc11a47ff3676c47b
  custom:video-encoder-webm-vp8: eb34c28f22e8b96e1ab97ce403110664 -> 
  custom:audio-decoder-ogg-vorbis: bf7c407c2cedff20999df2af8eb42d56 -> 
  custom:scripting/monoscript/fileName/ObjectPoseServiceResponse.cs: 4835040a06592c037884d4ea1d5f8d63 -> 620467b7faa0547d7a2c3511e9703be2
  custom:scripting/monoscript/fileName/PosRotMsg.cs: abd368e715fc1c890b3798a7625cedb4 -> 37cbb950fd8d559e159b3f7c4a713652
  custom:audio-encoder-webm-vorbis: bf7c407c2cedff20999df2af8eb42d56 -> 
  custom:scripting/precompiled-assembly-types:Assembly-CSharp: c02ce6627e6b1d98d98e0d8dc1afacfc -> 8ca404f8a24693e23426b57e83396e6b
========================================================================
Received Prepare
Caller must complete domain reload
Begin MonoManager ReloadAssembly
- Loaded All Assemblies, in  0.675 seconds
Native extension for LinuxStandalone target not found
Native extension for Android target not found
[Package Manager] Server::EnsureServerProcessIsRunning -- launch failed, reason: Unity was launched with the -noUpm command-line argument
[Package Manager] UpmClient::Send -- Unable to send message (not connected to UPM process).
[Package Manager] Cannot connect to Unity Package Manager local server
Mono: successfully reloaded assembly
[Package Manager] Server::EnsureServerProcessIsRunning -- launch failed, reason: Unity was launched with the -noUpm command-line argument
[Package Manager] UpmClient::Send -- Unable to send message (not connected to UPM process).
[Package Manager] Cannot connect to Unity Package Manager local server
- Finished resetting the current domain, in  1.145 seconds
Domain Reload Profiling: 1817ms
	BeginReloadAssembly (181ms)
		ExecutionOrderSort (0ms)
		DisableScriptedObjects (6ms)
		BackupInstance (0ms)
		ReleaseScriptingObjects (0ms)
		CreateAndSetChildDomain (52ms)
	RebuildCommonClasses (52ms)
	RebuildNativeTypeToScriptingClass (14ms)
	initialDomainReloadingComplete (46ms)
	LoadAllAssembliesAndSetupDomain (378ms)
		LoadAssemblies (425ms)
		RebuildTransferFunctionScriptingTraits (0ms)
		AnalyzeDomain (34ms)
			TypeCache.Refresh (17ms)
				TypeCache.ScanAssembly (0ms)
			ScanForSourceGeneratedMonoScriptInfo (1ms)
			ResolveRequiredComponents (15ms)
	FinalizeReload (1146ms)
		ReleaseScriptCaches (0ms)
		RebuildScriptCaches (0ms)
		SetupLoadedEditorAssemblies (632ms)
			LogAssemblyErrors (0ms)
			InitializePlatformSupportModulesInManaged (52ms)
			SetLoadedEditorAssemblies (4ms)
			RefreshPlugins (0ms)
			BeforeProcessingInitializeOnLoad (69ms)
			ProcessInitializeOnLoadAttributes (424ms)
			ProcessInitializeOnLoadMethodAttributes (75ms)
			AfterProcessingInitializeOnLoad (7ms)
			EditorAssembliesLoaded (0ms)
		ExecutionOrderSort2 (0ms)
		AwakeInstancesAfterBackupRestoration (9ms)
Refreshing native plugins compatible for Editor in 1.34 ms, found 2 plugins.
Preloading 0 native plugins for Editor in 0.00 ms.
Unloading 3926 Unused Serialized files (Serialized files now loaded: 0)
Unloading 16 unused Assets / (29.0 KB). Loaded Objects now: 4454.
Memory consumption went from 133.0 MB to 133.0 MB.
Total: 8.968476 ms (FindLiveObjects: 0.888966 ms CreateObjectMapping: 0.524110 ms MarkObjects: 7.450768 ms  DeleteObjects: 0.101098 ms)

Prepare: number of updated asset objects reloaded= 0
AssetImportParameters requested are different than current active one (requested -> active):
  custom:container-demuxer-ogg: 62fdf1f143b41e24485cea50d1cbac27 -> 
  custom:scripting/monoscript/fileName/JointStateSubscriber.cs: a16c1fe57f836fb4ab55d7fecb5b9d6e -> 4dedc4a66c6e67481e12c8a20eda7a17
  custom:scripting/monoscript/fileName/UnityColorMsg.cs: dee5fdaf0f0de34c3b8a304af96f20a0 -> c0b80ff3cf83e3d05b0ba4f2f77d5b19
  custom:scripting/monoscript/fileName/ObjectPoseServiceRequest.cs: e8340b02528bd576f46ab0e8d32803a5 -> ac96913d6908110a6abd1a7bba739457
  custom:video-decoder-ogg-theora: a1e56fd34408186e4bbccfd4996cb3dc -> 
  custom:scripting/monoscript/fileName/CartesianInputMover.cs: 6e481e4dc4a81911d4aac901246306ea -> 352cebde0451330d3418c9b8170d7770
  custom:scripting/monoscript/fileName/PositionServiceRequest.cs: 604b7350a1923a5a9bd709fbb0ec64de -> 1b5332691515ff45a4b7b160d7af40cc
  custom:CustomObjectIndexerAttribute: 232f87dd983dbecb2a4e21e08eb2cef8 -> 
  custom:container-demuxer-webm: 4f35f7cbe854078d1ac9338744f61a02 -> 
  custom:container-muxer-webm: aa71ff27fc2769a1b78a27578f13a17b -> 
  custom:scripting/monoscript/fileName/CustomIKController.cs: 4df3f7e13d73c56e2a7133001d6862b9 -> 68a62c82b227cef8c0cb62a145e583d8
  custom:video-decoder-webm-vp8: 9c59270c3fd7afecdb556c50c9e8de78 -> 
  custom:SearchIndexIgnoredProperties: e643bd26f0fe6173181afceb89e7c659 -> 
  custom:AudioImporter_EditorPlatform: 2f0ff77a95e0ac474e3e8eeba4e2f7cb -> 
  custom:scripting/monoscript/fileName/PositionServiceResponse.cs: eb8b35c8ccd425d6366d4a98c4e4b483 -> 14d8e1b7be2a90ffc11a47ff3676c47b
  custom:video-encoder-webm-vp8: eb34c28f22e8b96e1ab97ce403110664 -> 
  custom:audio-decoder-ogg-vorbis: bf7c407c2cedff20999df2af8eb42d56 -> 
  custom:scripting/monoscript/fileName/ObjectPoseServiceResponse.cs: 4835040a06592c037884d4ea1d5f8d63 -> 620467b7faa0547d7a2c3511e9703be2
  custom:scripting/monoscript/fileName/PosRotMsg.cs: abd368e715fc1c890b3798a7625cedb4 -> 37cbb950fd8d559e159b3f7c4a713652
  custom:audio-encoder-webm-vorbis: bf7c407c2cedff20999df2af8eb42d56 -> 
  custom:scripting/precompiled-assembly-types:Assembly-CSharp: c02ce6627e6b1d98d98e0d8dc1afacfc -> 8ca404f8a24693e23426b57e83396e6b
========================================================================
Received Prepare
Caller must complete domain reload
Begin MonoManager ReloadAssembly
- Loaded All Assemblies, in  0.565 seconds
Native extension for LinuxStandalone target not found
Native extension for Android target not found
[Package Manager] Server::EnsureServerProcessIsRunning -- launch failed, reason: Unity was launched with the -noUpm command-line argument
[Package Manager] UpmClient::Send -- Unable to send message (not connected to UPM process).
[Package Manager] Cannot connect to Unity Package Manager local server
Mono: successfully reloaded assembly
[Package Manager] Server::EnsureServerProcessIsRunning -- launch failed, reason: Unity was launched with the -noUpm command-line argument
[Package Manager] UpmClient::Send -- Unable to send message (not connected to UPM process).
[Package Manager] Cannot connect to Unity Package Manager local server
- Finished resetting the current domain, in  0.805 seconds
Domain Reload Profiling: 1369ms
	BeginReloadAssembly (151ms)
		ExecutionOrderSort (0ms)
		DisableScriptedObjects (5ms)
		BackupInstance (0ms)
		ReleaseScriptingObjects (0ms)
		CreateAndSetChildDomain (49ms)
	RebuildCommonClasses (38ms)
	RebuildNativeTypeToScriptingClass (11ms)
	initialDomainReloadingComplete (48ms)
	LoadAllAssembliesAndSetupDomain (316ms)
		LoadAssemblies (345ms)
		RebuildTransferFunctionScriptingTraits (0ms)
		AnalyzeDomain (34ms)
			TypeCache.Refresh (14ms)
				TypeCache.ScanAssembly (1ms)
			ScanForSourceGeneratedMonoScriptInfo (10ms)
			ResolveRequiredComponents (9ms)
	FinalizeReload (805ms)
		ReleaseScriptCaches (0ms)
		RebuildScriptCaches (0ms)
		SetupLoadedEditorAssemblies (453ms)
			LogAssemblyErrors (0ms)
			InitializePlatformSupportModulesInManaged (52ms)
			SetLoadedEditorAssemblies (5ms)
			RefreshPlugins (0ms)
			BeforeProcessingInitializeOnLoad (68ms)
			ProcessInitializeOnLoadAttributes (280ms)
			ProcessInitializeOnLoadMethodAttributes (45ms)
			AfterProcessingInitializeOnLoad (4ms)
			EditorAssembliesLoaded (0ms)
		ExecutionOrderSort2 (0ms)
		AwakeInstancesAfterBackupRestoration (5ms)
Refreshing native plugins compatible for Editor in 1.49 ms, found 2 plugins.
Preloading 0 native plugins for Editor in 0.00 ms.
Unloading 3926 Unused Serialized files (Serialized files now loaded: 0)
Unloading 16 unused Assets / (29.0 KB). Loaded Objects now: 4458.
Memory consumption went from 133.0 MB to 133.0 MB.
Total: 6.289195 ms (FindLiveObjects: 0.473762 ms CreateObjectMapping: 0.426636 ms MarkObjects: 5.313948 ms  DeleteObjects: 0.072464 ms)

Prepare: number of updated asset objects reloaded= 0
AssetImportParameters requested are different than current active one (requested -> active):
  custom:container-demuxer-ogg: 62fdf1f143b41e24485cea50d1cbac27 -> 
  custom:scripting/monoscript/fileName/JointStateSubscriber.cs: a16c1fe57f836fb4ab55d7fecb5b9d6e -> 4dedc4a66c6e67481e12c8a20eda7a17
  custom:scripting/monoscript/fileName/UnityColorMsg.cs: dee5fdaf0f0de34c3b8a304af96f20a0 -> c0b80ff3cf83e3d05b0ba4f2f77d5b19
  custom:scripting/monoscript/fileName/ObjectPoseServiceRequest.cs: e8340b02528bd576f46ab0e8d32803a5 -> ac96913d6908110a6abd1a7bba739457
  custom:video-decoder-ogg-theora: a1e56fd34408186e4bbccfd4996cb3dc -> 
  custom:scripting/monoscript/fileName/CartesianInputMover.cs: 6e481e4dc4a81911d4aac901246306ea -> 352cebde0451330d3418c9b8170d7770
  custom:scripting/monoscript/fileName/PositionServiceRequest.cs: 604b7350a1923a5a9bd709fbb0ec64de -> 1b5332691515ff45a4b7b160d7af40cc
  custom:CustomObjectIndexerAttribute: 232f87dd983dbecb2a4e21e08eb2cef8 -> 
  custom:container-demuxer-webm: 4f35f7cbe854078d1ac9338744f61a02 -> 
  custom:container-muxer-webm: aa71ff27fc2769a1b78a27578f13a17b -> 
  custom:scripting/monoscript/fileName/CustomIKController.cs: 4df3f7e13d73c56e2a7133001d6862b9 -> 68a62c82b227cef8c0cb62a145e583d8
  custom:video-decoder-webm-vp8: 9c59270c3fd7afecdb556c50c9e8de78 -> 
  custom:SearchIndexIgnoredProperties: e643bd26f0fe6173181afceb89e7c659 -> 
  custom:AudioImporter_EditorPlatform: 2f0ff77a95e0ac474e3e8eeba4e2f7cb -> 
  custom:scripting/monoscript/fileName/PositionServiceResponse.cs: eb8b35c8ccd425d6366d4a98c4e4b483 -> 14d8e1b7be2a90ffc11a47ff3676c47b
  custom:video-encoder-webm-vp8: eb34c28f22e8b96e1ab97ce403110664 -> 
  custom:audio-decoder-ogg-vorbis: bf7c407c2cedff20999df2af8eb42d56 -> 
  custom:scripting/monoscript/fileName/ObjectPoseServiceResponse.cs: 4835040a06592c037884d4ea1d5f8d63 -> 620467b7faa0547d7a2c3511e9703be2
  custom:scripting/monoscript/fileName/PosRotMsg.cs: abd368e715fc1c890b3798a7625cedb4 -> 37cbb950fd8d559e159b3f7c4a713652
  custom:audio-encoder-webm-vorbis: bf7c407c2cedff20999df2af8eb42d56 -> 
  custom:scripting/precompiled-assembly-types:Assembly-CSharp: c02ce6627e6b1d98d98e0d8dc1afacfc -> 8ca404f8a24693e23426b57e83396e6b
========================================================================
Received Prepare
Caller must complete domain reload
Begin MonoManager ReloadAssembly
- Loaded All Assemblies, in  0.533 seconds
Native extension for LinuxStandalone target not found
Native extension for Android target not found
[Package Manager] Server::EnsureServerProcessIsRunning -- launch failed, reason: Unity was launched with the -noUpm command-line argument
[Package Manager] UpmClient::Send -- Unable to send message (not connected to UPM process).
[Package Manager] Cannot connect to Unity Package Manager local server
Mono: successfully reloaded assembly
[Package Manager] Server::EnsureServerProcessIsRunning -- launch failed, reason: Unity was launched with the -noUpm command-line argument
[Package Manager] UpmClient::Send -- Unable to send message (not connected to UPM process).
[Package Manager] Cannot connect to Unity Package Manager local server
- Finished resetting the current domain, in  0.894 seconds
Domain Reload Profiling: 1426ms
	BeginReloadAssembly (142ms)
		ExecutionOrderSort (0ms)
		DisableScriptedObjects (5ms)
		BackupInstance (0ms)
		ReleaseScriptingObjects (0ms)
		CreateAndSetChildDomain (45ms)
	RebuildCommonClasses (37ms)
	RebuildNativeTypeToScriptingClass (9ms)
	initialDomainReloadingComplete (30ms)
	LoadAllAssembliesAndSetupDomain (314ms)
		LoadAssemblies (333ms)
		RebuildTransferFunctionScriptingTraits (0ms)
		AnalyzeDomain (41ms)
			TypeCache.Refresh (15ms)
				TypeCache.ScanAssembly (0ms)
			ScanForSourceGeneratedMonoScriptInfo (12ms)
			ResolveRequiredComponents (12ms)
	FinalizeReload (895ms)
		ReleaseScriptCaches (0ms)
		RebuildScriptCaches (0ms)
		SetupLoadedEditorAssemblies (459ms)
			LogAssemblyErrors (0ms)
			InitializePlatformSupportModulesInManaged (50ms)
			SetLoadedEditorAssemblies (4ms)
			RefreshPlugins (0ms)
			BeforeProcessingInitializeOnLoad (69ms)
			ProcessInitializeOnLoadAttributes (285ms)
			ProcessInitializeOnLoadMethodAttributes (46ms)
			AfterProcessingInitializeOnLoad (5ms)
			EditorAssembliesLoaded (0ms)
		ExecutionOrderSort2 (0ms)
		AwakeInstancesAfterBackupRestoration (7ms)
Refreshing native plugins compatible for Editor in 1.38 ms, found 2 plugins.
Preloading 0 native plugins for Editor in 0.00 ms.
Unloading 3926 Unused Serialized files (Serialized files now loaded: 0)
Unloading 16 unused Assets / (29.0 KB). Loaded Objects now: 4462.
Memory consumption went from 133.0 MB to 133.0 MB.
Total: 4.630911 ms (FindLiveObjects: 0.279457 ms CreateObjectMapping: 0.134604 ms MarkObjects: 4.026640 ms  DeleteObjects: 0.187852 ms)

Prepare: number of updated asset objects reloaded= 0
AssetImportParameters requested are different than current active one (requested -> active):
  custom:container-demuxer-ogg: 62fdf1f143b41e24485cea50d1cbac27 -> 
  custom:scripting/monoscript/fileName/JointStateSubscriber.cs: a16c1fe57f836fb4ab55d7fecb5b9d6e -> 4dedc4a66c6e67481e12c8a20eda7a17
  custom:scripting/monoscript/fileName/UnityColorMsg.cs: dee5fdaf0f0de34c3b8a304af96f20a0 -> c0b80ff3cf83e3d05b0ba4f2f77d5b19
  custom:scripting/monoscript/fileName/ObjectPoseServiceRequest.cs: e8340b02528bd576f46ab0e8d32803a5 -> ac96913d6908110a6abd1a7bba739457
  custom:video-decoder-ogg-theora: a1e56fd34408186e4bbccfd4996cb3dc -> 
  custom:scripting/monoscript/fileName/CartesianInputMover.cs: 6e481e4dc4a81911d4aac901246306ea -> 352cebde0451330d3418c9b8170d7770
  custom:scripting/monoscript/fileName/PositionServiceRequest.cs: 604b7350a1923a5a9bd709fbb0ec64de -> 1b5332691515ff45a4b7b160d7af40cc
  custom:CustomObjectIndexerAttribute: 232f87dd983dbecb2a4e21e08eb2cef8 -> 
  custom:container-demuxer-webm: 4f35f7cbe854078d1ac9338744f61a02 -> 
  custom:container-muxer-webm: aa71ff27fc2769a1b78a27578f13a17b -> 
  custom:scripting/monoscript/fileName/CustomIKController.cs: 4df3f7e13d73c56e2a7133001d6862b9 -> 68a62c82b227cef8c0cb62a145e583d8
  custom:video-decoder-webm-vp8: 9c59270c3fd7afecdb556c50c9e8de78 -> 
  custom:SearchIndexIgnoredProperties: e643bd26f0fe6173181afceb89e7c659 -> 
  custom:AudioImporter_EditorPlatform: 2f0ff77a95e0ac474e3e8eeba4e2f7cb -> 
  custom:scripting/monoscript/fileName/PositionServiceResponse.cs: eb8b35c8ccd425d6366d4a98c4e4b483 -> 14d8e1b7be2a90ffc11a47ff3676c47b
  custom:video-encoder-webm-vp8: eb34c28f22e8b96e1ab97ce403110664 -> 
  custom:audio-decoder-ogg-vorbis: bf7c407c2cedff20999df2af8eb42d56 -> 
  custom:scripting/monoscript/fileName/ObjectPoseServiceResponse.cs: 4835040a06592c037884d4ea1d5f8d63 -> 620467b7faa0547d7a2c3511e9703be2
  custom:scripting/monoscript/fileName/PosRotMsg.cs: abd368e715fc1c890b3798a7625cedb4 -> 37cbb950fd8d559e159b3f7c4a713652
  custom:audio-encoder-webm-vorbis: bf7c407c2cedff20999df2af8eb42d56 -> 
  custom:scripting/precompiled-assembly-types:Assembly-CSharp: c02ce6627e6b1d98d98e0d8dc1afacfc -> 8ca404f8a24693e23426b57e83396e6b
========================================================================
Received Prepare
Caller must complete domain reload
Begin MonoManager ReloadAssembly
- Loaded All Assemblies, in  0.504 seconds
Native extension for LinuxStandalone target not found
Native extension for Android target not found
[Package Manager] Server::EnsureServerProcessIsRunning -- launch failed, reason: Unity was launched with the -noUpm command-line argument
[Package Manager] UpmClient::Send -- Unable to send message (not connected to UPM process).
[Package Manager] Cannot connect to Unity Package Manager local server
Mono: successfully reloaded assembly
[Package Manager] Server::EnsureServerProcessIsRunning -- launch failed, reason: Unity was launched with the -noUpm command-line argument
[Package Manager] UpmClient::Send -- Unable to send message (not connected to UPM process).
[Package Manager] Cannot connect to Unity Package Manager local server
- Finished resetting the current domain, in  1.223 seconds
Domain Reload Profiling: 1727ms
	BeginReloadAssembly (150ms)
		ExecutionOrderSort (0ms)
		DisableScriptedObjects (7ms)
		BackupInstance (0ms)
		ReleaseScriptingObjects (0ms)
		CreateAndSetChildDomain (47ms)
	RebuildCommonClasses (40ms)
	RebuildNativeTypeToScriptingClass (8ms)
	initialDomainReloadingComplete (31ms)
	LoadAllAssembliesAndSetupDomain (275ms)
		LoadAssemblies (312ms)
		RebuildTransferFunctionScriptingTraits (0ms)
		AnalyzeDomain (25ms)
			TypeCache.Refresh (10ms)
				TypeCache.ScanAssembly (0ms)
			ScanForSourceGeneratedMonoScriptInfo (0ms)
			ResolveRequiredComponents (12ms)
	FinalizeReload (1224ms)
		ReleaseScriptCaches (0ms)
		RebuildScriptCaches (0ms)
		SetupLoadedEditorAssemblies (688ms)
			LogAssemblyErrors (0ms)
			InitializePlatformSupportModulesInManaged (65ms)
			SetLoadedEditorAssemblies (6ms)
			RefreshPlugins (0ms)
			BeforeProcessingInitializeOnLoad (108ms)
			ProcessInitializeOnLoadAttributes (452ms)
			ProcessInitializeOnLoadMethodAttributes (52ms)
			AfterProcessingInitializeOnLoad (4ms)
			EditorAssembliesLoaded (0ms)
		ExecutionOrderSort2 (0ms)
		AwakeInstancesAfterBackupRestoration (7ms)
Refreshing native plugins compatible for Editor in 1.48 ms, found 2 plugins.
Preloading 0 native plugins for Editor in 0.00 ms.
Unloading 3926 Unused Serialized files (Serialized files now loaded: 0)
Unloading 16 unused Assets / (29.0 KB). Loaded Objects now: 4466.
Memory consumption went from 133.0 MB to 133.0 MB.
Total: 4.875261 ms (FindLiveObjects: 0.447691 ms CreateObjectMapping: 0.168825 ms MarkObjects: 4.177674 ms  DeleteObjects: 0.078850 ms)

Prepare: number of updated asset objects reloaded= 0
AssetImportParameters requested are different than current active one (requested -> active):
  custom:container-demuxer-ogg: 62fdf1f143b41e24485cea50d1cbac27 -> 
  custom:scripting/monoscript/fileName/JointStateSubscriber.cs: a16c1fe57f836fb4ab55d7fecb5b9d6e -> 4dedc4a66c6e67481e12c8a20eda7a17
  custom:scripting/monoscript/fileName/UnityColorMsg.cs: dee5fdaf0f0de34c3b8a304af96f20a0 -> c0b80ff3cf83e3d05b0ba4f2f77d5b19
  custom:scripting/monoscript/fileName/ObjectPoseServiceRequest.cs: e8340b02528bd576f46ab0e8d32803a5 -> ac96913d6908110a6abd1a7bba739457
  custom:video-decoder-ogg-theora: a1e56fd34408186e4bbccfd4996cb3dc -> 
  custom:scripting/monoscript/fileName/CartesianInputMover.cs: 6e481e4dc4a81911d4aac901246306ea -> 352cebde0451330d3418c9b8170d7770
  custom:scripting/monoscript/fileName/PositionServiceRequest.cs: 604b7350a1923a5a9bd709fbb0ec64de -> 1b5332691515ff45a4b7b160d7af40cc
  custom:CustomObjectIndexerAttribute: 232f87dd983dbecb2a4e21e08eb2cef8 -> 
  custom:container-demuxer-webm: 4f35f7cbe854078d1ac9338744f61a02 -> 
  custom:container-muxer-webm: aa71ff27fc2769a1b78a27578f13a17b -> 
  custom:scripting/monoscript/fileName/CustomIKController.cs: 4df3f7e13d73c56e2a7133001d6862b9 -> 68a62c82b227cef8c0cb62a145e583d8
  custom:video-decoder-webm-vp8: 9c59270c3fd7afecdb556c50c9e8de78 -> 
  custom:SearchIndexIgnoredProperties: e643bd26f0fe6173181afceb89e7c659 -> 
  custom:AudioImporter_EditorPlatform: 2f0ff77a95e0ac474e3e8eeba4e2f7cb -> 
  custom:scripting/monoscript/fileName/PositionServiceResponse.cs: eb8b35c8ccd425d6366d4a98c4e4b483 -> 14d8e1b7be2a90ffc11a47ff3676c47b
  custom:video-encoder-webm-vp8: eb34c28f22e8b96e1ab97ce403110664 -> 
  custom:audio-decoder-ogg-vorbis: bf7c407c2cedff20999df2af8eb42d56 -> 
  custom:scripting/monoscript/fileName/ObjectPoseServiceResponse.cs: 4835040a06592c037884d4ea1d5f8d63 -> 620467b7faa0547d7a2c3511e9703be2
  custom:scripting/monoscript/fileName/PosRotMsg.cs: abd368e715fc1c890b3798a7625cedb4 -> 37cbb950fd8d559e159b3f7c4a713652
  custom:audio-encoder-webm-vorbis: bf7c407c2cedff20999df2af8eb42d56 -> 
  custom:scripting/precompiled-assembly-types:Assembly-CSharp: c02ce6627e6b1d98d98e0d8dc1afacfc -> 8ca404f8a24693e23426b57e83396e6b
========================================================================
Received Prepare
Caller must complete domain reload
Begin MonoManager ReloadAssembly
- Loaded All Assemblies, in  0.659 seconds
Native extension for LinuxStandalone target not found
Native extension for Android target not found
[Package Manager] Server::EnsureServerProcessIsRunning -- launch failed, reason: Unity was launched with the -noUpm command-line argument
[Package Manager] UpmClient::Send -- Unable to send message (not connected to UPM process).
[Package Manager] Cannot connect to Unity Package Manager local server
Mono: successfully reloaded assembly
[Package Manager] Server::EnsureServerProcessIsRunning -- launch failed, reason: Unity was launched with the -noUpm command-line argument
[Package Manager] UpmClient::Send -- Unable to send message (not connected to UPM process).
[Package Manager] Cannot connect to Unity Package Manager local server
- Finished resetting the current domain, in  1.047 seconds
Domain Reload Profiling: 1705ms
	BeginReloadAssembly (213ms)
		ExecutionOrderSort (0ms)
		DisableScriptedObjects (8ms)
		BackupInstance (0ms)
		ReleaseScriptingObjects (0ms)
		CreateAndSetChildDomain (69ms)
	RebuildCommonClasses (59ms)
	RebuildNativeTypeToScriptingClass (16ms)
	initialDomainReloadingComplete (49ms)
	LoadAllAssembliesAndSetupDomain (321ms)
		LoadAssemblies (374ms)
		RebuildTransferFunctionScriptingTraits (0ms)
		AnalyzeDomain (36ms)
			TypeCache.Refresh (15ms)
				TypeCache.ScanAssembly (0ms)
			ScanForSourceGeneratedMonoScriptInfo (12ms)
			ResolveRequiredComponents (8ms)
	FinalizeReload (1048ms)
		ReleaseScriptCaches (0ms)
		RebuildScriptCaches (0ms)
		SetupLoadedEditorAssemblies (687ms)
			LogAssemblyErrors (0ms)
			InitializePlatformSupportModulesInManaged (69ms)
			SetLoadedEditorAssemblies (5ms)
			RefreshPlugins (0ms)
			BeforeProcessingInitializeOnLoad (95ms)
			ProcessInitializeOnLoadAttributes (440ms)
			ProcessInitializeOnLoadMethodAttributes (71ms)
			AfterProcessingInitializeOnLoad (7ms)
			EditorAssembliesLoaded (0ms)
		ExecutionOrderSort2 (0ms)
		AwakeInstancesAfterBackupRestoration (7ms)
Refreshing native plugins compatible for Editor in 1.14 ms, found 2 plugins.
Preloading 0 native plugins for Editor in 0.00 ms.
Unloading 3926 Unused Serialized files (Serialized files now loaded: 0)
Unloading 16 unused Assets / (28.9 KB). Loaded Objects now: 4470.
Memory consumption went from 133.0 MB to 133.0 MB.
Total: 8.592830 ms (FindLiveObjects: 0.499234 ms CreateObjectMapping: 0.468159 ms MarkObjects: 7.501885 ms  DeleteObjects: 0.120039 ms)

Prepare: number of updated asset objects reloaded= 0
AssetImportParameters requested are different than current active one (requested -> active):
  custom:container-demuxer-ogg: 62fdf1f143b41e24485cea50d1cbac27 -> 
  custom:scripting/monoscript/fileName/JointStateSubscriber.cs: a16c1fe57f836fb4ab55d7fecb5b9d6e -> 4dedc4a66c6e67481e12c8a20eda7a17
  custom:scripting/monoscript/fileName/UnityColorMsg.cs: dee5fdaf0f0de34c3b8a304af96f20a0 -> c0b80ff3cf83e3d05b0ba4f2f77d5b19
  custom:scripting/monoscript/fileName/ObjectPoseServiceRequest.cs: e8340b02528bd576f46ab0e8d32803a5 -> ac96913d6908110a6abd1a7bba739457
  custom:video-decoder-ogg-theora: a1e56fd34408186e4bbccfd4996cb3dc -> 
  custom:scripting/monoscript/fileName/CartesianInputMover.cs: 6e481e4dc4a81911d4aac901246306ea -> 352cebde0451330d3418c9b8170d7770
  custom:scripting/monoscript/fileName/PositionServiceRequest.cs: 604b7350a1923a5a9bd709fbb0ec64de -> 1b5332691515ff45a4b7b160d7af40cc
  custom:CustomObjectIndexerAttribute: 232f87dd983dbecb2a4e21e08eb2cef8 -> 
  custom:container-demuxer-webm: 4f35f7cbe854078d1ac9338744f61a02 -> 
  custom:container-muxer-webm: aa71ff27fc2769a1b78a27578f13a17b -> 
  custom:scripting/monoscript/fileName/CustomIKController.cs: 4df3f7e13d73c56e2a7133001d6862b9 -> 68a62c82b227cef8c0cb62a145e583d8
  custom:video-decoder-webm-vp8: 9c59270c3fd7afecdb556c50c9e8de78 -> 
  custom:SearchIndexIgnoredProperties: e643bd26f0fe6173181afceb89e7c659 -> 
  custom:AudioImporter_EditorPlatform: 2f0ff77a95e0ac474e3e8eeba4e2f7cb -> 
  custom:scripting/monoscript/fileName/PositionServiceResponse.cs: eb8b35c8ccd425d6366d4a98c4e4b483 -> 14d8e1b7be2a90ffc11a47ff3676c47b
  custom:video-encoder-webm-vp8: eb34c28f22e8b96e1ab97ce403110664 -> 
  custom:audio-decoder-ogg-vorbis: bf7c407c2cedff20999df2af8eb42d56 -> 
  custom:scripting/monoscript/fileName/ObjectPoseServiceResponse.cs: 4835040a06592c037884d4ea1d5f8d63 -> 620467b7faa0547d7a2c3511e9703be2
  custom:scripting/monoscript/fileName/PosRotMsg.cs: abd368e715fc1c890b3798a7625cedb4 -> 37cbb950fd8d559e159b3f7c4a713652
  custom:audio-encoder-webm-vorbis: bf7c407c2cedff20999df2af8eb42d56 -> 
  custom:scripting/precompiled-assembly-types:Assembly-CSharp: c02ce6627e6b1d98d98e0d8dc1afacfc -> 8ca404f8a24693e23426b57e83396e6b
========================================================================
Received Prepare
Caller must complete domain reload
Begin MonoManager ReloadAssembly
- Loaded All Assemblies, in  0.502 seconds
Native extension for LinuxStandalone target not found
Native extension for Android target not found
[Package Manager] Server::EnsureServerProcessIsRunning -- launch failed, reason: Unity was launched with the -noUpm command-line argument
[Package Manager] UpmClient::Send -- Unable to send message (not connected to UPM process).
[Package Manager] Cannot connect to Unity Package Manager local server
Mono: successfully reloaded assembly
[Package Manager] Server::EnsureServerProcessIsRunning -- launch failed, reason: Unity was launched with the -noUpm command-line argument
[Package Manager] UpmClient::Send -- Unable to send message (not connected to UPM process).
[Package Manager] Cannot connect to Unity Package Manager local server
- Finished resetting the current domain, in  0.929 seconds
Domain Reload Profiling: 1431ms
	BeginReloadAssembly (162ms)
		ExecutionOrderSort (0ms)
		DisableScriptedObjects (5ms)
		BackupInstance (0ms)
		ReleaseScriptingObjects (0ms)
		CreateAndSetChildDomain (59ms)
	RebuildCommonClasses (38ms)
	RebuildNativeTypeToScriptingClass (9ms)
	initialDomainReloadingComplete (37ms)
	LoadAllAssembliesAndSetupDomain (254ms)
		LoadAssemblies (296ms)
		RebuildTransferFunctionScriptingTraits (0ms)
		AnalyzeDomain (19ms)
			TypeCache.Refresh (7ms)
				TypeCache.ScanAssembly (0ms)
			ScanForSourceGeneratedMonoScriptInfo (0ms)
			ResolveRequiredComponents (9ms)
	FinalizeReload (930ms)
		ReleaseScriptCaches (0ms)
		RebuildScriptCaches (0ms)
		SetupLoadedEditorAssemblies (523ms)
			LogAssemblyErrors (0ms)
			InitializePlatformSupportModulesInManaged (71ms)
			SetLoadedEditorAssemblies (5ms)
			RefreshPlugins (0ms)
			BeforeProcessingInitializeOnLoad (72ms)
			ProcessInitializeOnLoadAttributes (316ms)
			ProcessInitializeOnLoadMethodAttributes (55ms)
			AfterProcessingInitializeOnLoad (5ms)
			EditorAssembliesLoaded (0ms)
		ExecutionOrderSort2 (0ms)
		AwakeInstancesAfterBackupRestoration (7ms)
Refreshing native plugins compatible for Editor in 1.64 ms, found 2 plugins.
Preloading 0 native plugins for Editor in 0.00 ms.
Unloading 3926 Unused Serialized files (Serialized files now loaded: 0)
Unloading 16 unused Assets / (29.0 KB). Loaded Objects now: 4474.
Memory consumption went from 133.0 MB to 133.0 MB.
Total: 7.625722 ms (FindLiveObjects: 0.274930 ms CreateObjectMapping: 0.146181 ms MarkObjects: 7.083639 ms  DeleteObjects: 0.118708 ms)

Prepare: number of updated asset objects reloaded= 0
AssetImportParameters requested are different than current active one (requested -> active):
  custom:container-demuxer-ogg: 62fdf1f143b41e24485cea50d1cbac27 -> 
  custom:scripting/monoscript/fileName/JointStateSubscriber.cs: a16c1fe57f836fb4ab55d7fecb5b9d6e -> 4dedc4a66c6e67481e12c8a20eda7a17
  custom:scripting/monoscript/fileName/UnityColorMsg.cs: dee5fdaf0f0de34c3b8a304af96f20a0 -> c0b80ff3cf83e3d05b0ba4f2f77d5b19
  custom:scripting/monoscript/fileName/ObjectPoseServiceRequest.cs: e8340b02528bd576f46ab0e8d32803a5 -> ac96913d6908110a6abd1a7bba739457
  custom:video-decoder-ogg-theora: a1e56fd34408186e4bbccfd4996cb3dc -> 
  custom:scripting/monoscript/fileName/CartesianInputMover.cs: 6e481e4dc4a81911d4aac901246306ea -> 352cebde0451330d3418c9b8170d7770
  custom:scripting/monoscript/fileName/PositionServiceRequest.cs: 604b7350a1923a5a9bd709fbb0ec64de -> 1b5332691515ff45a4b7b160d7af40cc
  custom:CustomObjectIndexerAttribute: 232f87dd983dbecb2a4e21e08eb2cef8 -> 
  custom:container-demuxer-webm: 4f35f7cbe854078d1ac9338744f61a02 -> 
  custom:container-muxer-webm: aa71ff27fc2769a1b78a27578f13a17b -> 
  custom:scripting/monoscript/fileName/CustomIKController.cs: 4df3f7e13d73c56e2a7133001d6862b9 -> 68a62c82b227cef8c0cb62a145e583d8
  custom:video-decoder-webm-vp8: 9c59270c3fd7afecdb556c50c9e8de78 -> 
  custom:SearchIndexIgnoredProperties: e643bd26f0fe6173181afceb89e7c659 -> 
  custom:AudioImporter_EditorPlatform: 2f0ff77a95e0ac474e3e8eeba4e2f7cb -> 
  custom:scripting/monoscript/fileName/PositionServiceResponse.cs: eb8b35c8ccd425d6366d4a98c4e4b483 -> 14d8e1b7be2a90ffc11a47ff3676c47b
  custom:video-encoder-webm-vp8: eb34c28f22e8b96e1ab97ce403110664 -> 
  custom:audio-decoder-ogg-vorbis: bf7c407c2cedff20999df2af8eb42d56 -> 
  custom:scripting/monoscript/fileName/ObjectPoseServiceResponse.cs: 4835040a06592c037884d4ea1d5f8d63 -> 620467b7faa0547d7a2c3511e9703be2
  custom:scripting/monoscript/fileName/PosRotMsg.cs: abd368e715fc1c890b3798a7625cedb4 -> 37cbb950fd8d559e159b3f7c4a713652
  custom:audio-encoder-webm-vorbis: bf7c407c2cedff20999df2af8eb42d56 -> 
  custom:scripting/precompiled-assembly-types:Assembly-CSharp: c02ce6627e6b1d98d98e0d8dc1afacfc -> 8ca404f8a24693e23426b57e83396e6b
========================================================================
Received Prepare
Caller must complete domain reload
Begin MonoManager ReloadAssembly
- Loaded All Assemblies, in  0.451 seconds
Native extension for LinuxStandalone target not found
Native extension for Android target not found
[Package Manager] Server::EnsureServerProcessIsRunning -- launch failed, reason: Unity was launched with the -noUpm command-line argument
[Package Manager] UpmClient::Send -- Unable to send message (not connected to UPM process).
[Package Manager] Cannot connect to Unity Package Manager local server
Mono: successfully reloaded assembly
[Package Manager] Server::EnsureServerProcessIsRunning -- launch failed, reason: Unity was launched with the -noUpm command-line argument
[Package Manager] UpmClient::Send -- Unable to send message (not connected to UPM process).
[Package Manager] Cannot connect to Unity Package Manager local server
- Finished resetting the current domain, in  0.905 seconds
Domain Reload Profiling: 1355ms
	BeginReloadAssembly (148ms)
		ExecutionOrderSort (0ms)
		DisableScriptedObjects (5ms)
		BackupInstance (0ms)
		ReleaseScriptingObjects (0ms)
		CreateAndSetChildDomain (45ms)
	RebuildCommonClasses (36ms)
	RebuildNativeTypeToScriptingClass (8ms)
	initialDomainReloadingComplete (30ms)
	LoadAllAssembliesAndSetupDomain (227ms)
		LoadAssemblies (263ms)
		RebuildTransferFunctionScriptingTraits (0ms)
		AnalyzeDomain (29ms)
			TypeCache.Refresh (10ms)
				TypeCache.ScanAssembly (0ms)
			ScanForSourceGeneratedMonoScriptInfo (10ms)
			ResolveRequiredComponents (8ms)
	FinalizeReload (906ms)
		ReleaseScriptCaches (0ms)
		RebuildScriptCaches (0ms)
		SetupLoadedEditorAssemblies (561ms)
			LogAssemblyErrors (0ms)
			InitializePlatformSupportModulesInManaged (60ms)
			SetLoadedEditorAssemblies (7ms)
			RefreshPlugins (0ms)
			BeforeProcessingInitializeOnLoad (110ms)
			ProcessInitializeOnLoadAttributes (331ms)
			ProcessInitializeOnLoadMethodAttributes (49ms)
			AfterProcessingInitializeOnLoad (4ms)
			EditorAssembliesLoaded (0ms)
		ExecutionOrderSort2 (0ms)
		AwakeInstancesAfterBackupRestoration (8ms)
Refreshing native plugins compatible for Editor in 1.10 ms, found 2 plugins.
Preloading 0 native plugins for Editor in 0.00 ms.
Unloading 3926 Unused Serialized files (Serialized files now loaded: 0)
Unloading 16 unused Assets / (28.9 KB). Loaded Objects now: 4478.
Memory consumption went from 133.0 MB to 133.0 MB.
Total: 4.938386 ms (FindLiveObjects: 0.405795 ms CreateObjectMapping: 0.215900 ms MarkObjects: 4.233948 ms  DeleteObjects: 0.080764 ms)

Prepare: number of updated asset objects reloaded= 0
AssetImportParameters requested are different than current active one (requested -> active):
  custom:container-demuxer-ogg: 62fdf1f143b41e24485cea50d1cbac27 -> 
  custom:scripting/monoscript/fileName/JointStateSubscriber.cs: a16c1fe57f836fb4ab55d7fecb5b9d6e -> 4dedc4a66c6e67481e12c8a20eda7a17
  custom:scripting/monoscript/fileName/UnityColorMsg.cs: dee5fdaf0f0de34c3b8a304af96f20a0 -> c0b80ff3cf83e3d05b0ba4f2f77d5b19
  custom:scripting/monoscript/fileName/ObjectPoseServiceRequest.cs: e8340b02528bd576f46ab0e8d32803a5 -> ac96913d6908110a6abd1a7bba739457
  custom:video-decoder-ogg-theora: a1e56fd34408186e4bbccfd4996cb3dc -> 
  custom:scripting/monoscript/fileName/CartesianInputMover.cs: 6e481e4dc4a81911d4aac901246306ea -> 352cebde0451330d3418c9b8170d7770
  custom:scripting/monoscript/fileName/PositionServiceRequest.cs: 604b7350a1923a5a9bd709fbb0ec64de -> 1b5332691515ff45a4b7b160d7af40cc
  custom:CustomObjectIndexerAttribute: 232f87dd983dbecb2a4e21e08eb2cef8 -> 
  custom:container-demuxer-webm: 4f35f7cbe854078d1ac9338744f61a02 -> 
  custom:container-muxer-webm: aa71ff27fc2769a1b78a27578f13a17b -> 
  custom:scripting/monoscript/fileName/CustomIKController.cs: 4df3f7e13d73c56e2a7133001d6862b9 -> 68a62c82b227cef8c0cb62a145e583d8
  custom:video-decoder-webm-vp8: 9c59270c3fd7afecdb556c50c9e8de78 -> 
  custom:SearchIndexIgnoredProperties: e643bd26f0fe6173181afceb89e7c659 -> 
  custom:AudioImporter_EditorPlatform: 2f0ff77a95e0ac474e3e8eeba4e2f7cb -> 
  custom:scripting/monoscript/fileName/PositionServiceResponse.cs: eb8b35c8ccd425d6366d4a98c4e4b483 -> 14d8e1b7be2a90ffc11a47ff3676c47b
  custom:video-encoder-webm-vp8: eb34c28f22e8b96e1ab97ce403110664 -> 
  custom:audio-decoder-ogg-vorbis: bf7c407c2cedff20999df2af8eb42d56 -> 
  custom:scripting/monoscript/fileName/ObjectPoseServiceResponse.cs: 4835040a06592c037884d4ea1d5f8d63 -> 620467b7faa0547d7a2c3511e9703be2
  custom:scripting/monoscript/fileName/PosRotMsg.cs: abd368e715fc1c890b3798a7625cedb4 -> 37cbb950fd8d559e159b3f7c4a713652
  custom:audio-encoder-webm-vorbis: bf7c407c2cedff20999df2af8eb42d56 -> 
  custom:scripting/precompiled-assembly-types:Assembly-CSharp: c02ce6627e6b1d98d98e0d8dc1afacfc -> 8ca404f8a24693e23426b57e83396e6b
========================================================================
Received Prepare
Caller must complete domain reload
Begin MonoManager ReloadAssembly
- Loaded All Assemblies, in  0.469 seconds
Native extension for LinuxStandalone target not found
Native extension for Android target not found
[Package Manager] Server::EnsureServerProcessIsRunning -- launch failed, reason: Unity was launched with the -noUpm command-line argument
[Package Manager] UpmClient::Send -- Unable to send message (not connected to UPM process).
[Package Manager] Cannot connect to Unity Package Manager local server
Mono: successfully reloaded assembly
[Package Manager] Server::EnsureServerProcessIsRunning -- launch failed, reason: Unity was launched with the -noUpm command-line argument
[Package Manager] UpmClient::Send -- Unable to send message (not connected to UPM process).
[Package Manager] Cannot connect to Unity Package Manager local server
- Finished resetting the current domain, in  0.830 seconds
Domain Reload Profiling: 1299ms
	BeginReloadAssembly (154ms)
		ExecutionOrderSort (0ms)
		DisableScriptedObjects (5ms)
		BackupInstance (0ms)
		ReleaseScriptingObjects (0ms)
		CreateAndSetChildDomain (47ms)
	RebuildCommonClasses (44ms)
	RebuildNativeTypeToScriptingClass (10ms)
	initialDomainReloadingComplete (32ms)
	LoadAllAssembliesAndSetupDomain (227ms)
		LoadAssemblies (271ms)
		RebuildTransferFunctionScriptingTraits (0ms)
		AnalyzeDomain (19ms)
			TypeCache.Refresh (9ms)
				TypeCache.ScanAssembly (0ms)
			ScanForSourceGeneratedMonoScriptInfo (0ms)
			ResolveRequiredComponents (9ms)
	FinalizeReload (831ms)
		ReleaseScriptCaches (0ms)
		RebuildScriptCaches (0ms)
		SetupLoadedEditorAssemblies (460ms)
			LogAssemblyErrors (0ms)
			InitializePlatformSupportModulesInManaged (49ms)
			SetLoadedEditorAssemblies (4ms)
			RefreshPlugins (0ms)
			BeforeProcessingInitializeOnLoad (70ms)
			ProcessInitializeOnLoadAttributes (288ms)
			ProcessInitializeOnLoadMethodAttributes (46ms)
			AfterProcessingInitializeOnLoad (4ms)
			EditorAssembliesLoaded (0ms)
		ExecutionOrderSort2 (0ms)
		AwakeInstancesAfterBackupRestoration (7ms)
Refreshing native plugins compatible for Editor in 1.31 ms, found 2 plugins.
Preloading 0 native plugins for Editor in 0.00 ms.
Unloading 3926 Unused Serialized files (Serialized files now loaded: 0)
Unloading 16 unused Assets / (29.0 KB). Loaded Objects now: 4482.
Memory consumption went from 133.0 MB to 133.0 MB.
Total: 6.508814 ms (FindLiveObjects: 0.471811 ms CreateObjectMapping: 0.386447 ms MarkObjects: 5.520465 ms  DeleteObjects: 0.128387 ms)

Prepare: number of updated asset objects reloaded= 0
AssetImportParameters requested are different than current active one (requested -> active):
  custom:container-demuxer-ogg: 62fdf1f143b41e24485cea50d1cbac27 -> 
  custom:scripting/monoscript/fileName/JointStateSubscriber.cs: a16c1fe57f836fb4ab55d7fecb5b9d6e -> 4dedc4a66c6e67481e12c8a20eda7a17
  custom:scripting/monoscript/fileName/UnityColorMsg.cs: dee5fdaf0f0de34c3b8a304af96f20a0 -> c0b80ff3cf83e3d05b0ba4f2f77d5b19
  custom:scripting/monoscript/fileName/ObjectPoseServiceRequest.cs: e8340b02528bd576f46ab0e8d32803a5 -> ac96913d6908110a6abd1a7bba739457
  custom:video-decoder-ogg-theora: a1e56fd34408186e4bbccfd4996cb3dc -> 
  custom:scripting/monoscript/fileName/CartesianInputMover.cs: 6e481e4dc4a81911d4aac901246306ea -> 352cebde0451330d3418c9b8170d7770
  custom:scripting/monoscript/fileName/PositionServiceRequest.cs: 604b7350a1923a5a9bd709fbb0ec64de -> 1b5332691515ff45a4b7b160d7af40cc
  custom:CustomObjectIndexerAttribute: 232f87dd983dbecb2a4e21e08eb2cef8 -> 
  custom:container-demuxer-webm: 4f35f7cbe854078d1ac9338744f61a02 -> 
  custom:container-muxer-webm: aa71ff27fc2769a1b78a27578f13a17b -> 
  custom:scripting/monoscript/fileName/CustomIKController.cs: 4df3f7e13d73c56e2a7133001d6862b9 -> 68a62c82b227cef8c0cb62a145e583d8
  custom:video-decoder-webm-vp8: 9c59270c3fd7afecdb556c50c9e8de78 -> 
  custom:SearchIndexIgnoredProperties: e643bd26f0fe6173181afceb89e7c659 -> 
  custom:AudioImporter_EditorPlatform: 2f0ff77a95e0ac474e3e8eeba4e2f7cb -> 
  custom:scripting/monoscript/fileName/PositionServiceResponse.cs: eb8b35c8ccd425d6366d4a98c4e4b483 -> 14d8e1b7be2a90ffc11a47ff3676c47b
  custom:video-encoder-webm-vp8: eb34c28f22e8b96e1ab97ce403110664 -> 
  custom:audio-decoder-ogg-vorbis: bf7c407c2cedff20999df2af8eb42d56 -> 
  custom:scripting/monoscript/fileName/ObjectPoseServiceResponse.cs: 4835040a06592c037884d4ea1d5f8d63 -> 620467b7faa0547d7a2c3511e9703be2
  custom:scripting/monoscript/fileName/PosRotMsg.cs: abd368e715fc1c890b3798a7625cedb4 -> 37cbb950fd8d559e159b3f7c4a713652
  custom:audio-encoder-webm-vorbis: bf7c407c2cedff20999df2af8eb42d56 -> 
  custom:scripting/precompiled-assembly-types:Assembly-CSharp: c02ce6627e6b1d98d98e0d8dc1afacfc -> 8ca404f8a24693e23426b57e83396e6b
========================================================================
Received Prepare
Caller must complete domain reload
Begin MonoManager ReloadAssembly
- Loaded All Assemblies, in  0.497 seconds
Native extension for LinuxStandalone target not found
Native extension for Android target not found
[Package Manager] Server::EnsureServerProcessIsRunning -- launch failed, reason: Unity was launched with the -noUpm command-line argument
[Package Manager] UpmClient::Send -- Unable to send message (not connected to UPM process).
[Package Manager] Cannot connect to Unity Package Manager local server
Mono: successfully reloaded assembly
[Package Manager] Server::EnsureServerProcessIsRunning -- launch failed, reason: Unity was launched with the -noUpm command-line argument
[Package Manager] UpmClient::Send -- Unable to send message (not connected to UPM process).
[Package Manager] Cannot connect to Unity Package Manager local server
- Finished resetting the current domain, in  0.878 seconds
Domain Reload Profiling: 1373ms
	BeginReloadAssembly (160ms)
		ExecutionOrderSort (0ms)
		DisableScriptedObjects (9ms)
		BackupInstance (0ms)
		ReleaseScriptingObjects (0ms)
		CreateAndSetChildDomain (52ms)
	RebuildCommonClasses (41ms)
	RebuildNativeTypeToScriptingClass (10ms)
	initialDomainReloadingComplete (35ms)
	LoadAllAssembliesAndSetupDomain (250ms)
		LoadAssemblies (279ms)
		RebuildTransferFunctionScriptingTraits (0ms)
		AnalyzeDomain (31ms)
			TypeCache.Refresh (12ms)
				TypeCache.ScanAssembly (0ms)
			ScanForSourceGeneratedMonoScriptInfo (10ms)
			ResolveRequiredComponents (8ms)
	FinalizeReload (878ms)
		ReleaseScriptCaches (0ms)
		RebuildScriptCaches (0ms)
		SetupLoadedEditorAssemblies (515ms)
			LogAssemblyErrors (0ms)
			InitializePlatformSupportModulesInManaged (64ms)
			SetLoadedEditorAssemblies (6ms)
			RefreshPlugins (0ms)
			BeforeProcessingInitializeOnLoad (94ms)
			ProcessInitializeOnLoadAttributes (304ms)
			ProcessInitializeOnLoadMethodAttributes (44ms)
			AfterProcessingInitializeOnLoad (4ms)
			EditorAssembliesLoaded (0ms)
		ExecutionOrderSort2 (0ms)
		AwakeInstancesAfterBackupRestoration (5ms)
Refreshing native plugins compatible for Editor in 1.02 ms, found 2 plugins.
Preloading 0 native plugins for Editor in 0.00 ms.
Unloading 3926 Unused Serialized files (Serialized files now loaded: 0)
Unloading 16 unused Assets / (29.0 KB). Loaded Objects now: 4486.
Memory consumption went from 133.0 MB to 133.0 MB.
Total: 3.617654 ms (FindLiveObjects: 0.315101 ms CreateObjectMapping: 0.138247 ms MarkObjects: 3.107202 ms  DeleteObjects: 0.055646 ms)

Prepare: number of updated asset objects reloaded= 0
AssetImportParameters requested are different than current active one (requested -> active):
  custom:container-demuxer-ogg: 62fdf1f143b41e24485cea50d1cbac27 -> 
  custom:scripting/monoscript/fileName/JointStateSubscriber.cs: a16c1fe57f836fb4ab55d7fecb5b9d6e -> 4dedc4a66c6e67481e12c8a20eda7a17
  custom:scripting/monoscript/fileName/UnityColorMsg.cs: dee5fdaf0f0de34c3b8a304af96f20a0 -> c0b80ff3cf83e3d05b0ba4f2f77d5b19
  custom:scripting/monoscript/fileName/ObjectPoseServiceRequest.cs: e8340b02528bd576f46ab0e8d32803a5 -> ac96913d6908110a6abd1a7bba739457
  custom:video-decoder-ogg-theora: a1e56fd34408186e4bbccfd4996cb3dc -> 
  custom:scripting/monoscript/fileName/CartesianInputMover.cs: 6e481e4dc4a81911d4aac901246306ea -> 352cebde0451330d3418c9b8170d7770
  custom:scripting/monoscript/fileName/PositionServiceRequest.cs: 604b7350a1923a5a9bd709fbb0ec64de -> 1b5332691515ff45a4b7b160d7af40cc
  custom:CustomObjectIndexerAttribute: 232f87dd983dbecb2a4e21e08eb2cef8 -> 
  custom:container-demuxer-webm: 4f35f7cbe854078d1ac9338744f61a02 -> 
  custom:container-muxer-webm: aa71ff27fc2769a1b78a27578f13a17b -> 
  custom:scripting/monoscript/fileName/CustomIKController.cs: 4df3f7e13d73c56e2a7133001d6862b9 -> 68a62c82b227cef8c0cb62a145e583d8
  custom:video-decoder-webm-vp8: 9c59270c3fd7afecdb556c50c9e8de78 -> 
  custom:SearchIndexIgnoredProperties: e643bd26f0fe6173181afceb89e7c659 -> 
  custom:AudioImporter_EditorPlatform: 2f0ff77a95e0ac474e3e8eeba4e2f7cb -> 
  custom:scripting/monoscript/fileName/PositionServiceResponse.cs: eb8b35c8ccd425d6366d4a98c4e4b483 -> 14d8e1b7be2a90ffc11a47ff3676c47b
  custom:video-encoder-webm-vp8: eb34c28f22e8b96e1ab97ce403110664 -> 
  custom:audio-decoder-ogg-vorbis: bf7c407c2cedff20999df2af8eb42d56 -> 
  custom:scripting/monoscript/fileName/ObjectPoseServiceResponse.cs: 4835040a06592c037884d4ea1d5f8d63 -> 620467b7faa0547d7a2c3511e9703be2
  custom:scripting/monoscript/fileName/PosRotMsg.cs: abd368e715fc1c890b3798a7625cedb4 -> 37cbb950fd8d559e159b3f7c4a713652
  custom:audio-encoder-webm-vorbis: bf7c407c2cedff20999df2af8eb42d56 -> 
  custom:scripting/precompiled-assembly-types:Assembly-CSharp: c02ce6627e6b1d98d98e0d8dc1afacfc -> 8ca404f8a24693e23426b57e83396e6b
========================================================================
Received Prepare
Caller must complete domain reload
Begin MonoManager ReloadAssembly
- Loaded All Assemblies, in  0.459 seconds
Native extension for LinuxStandalone target not found
Native extension for Android target not found
[Package Manager] Server::EnsureServerProcessIsRunning -- launch failed, reason: Unity was launched with the -noUpm command-line argument
[Package Manager] UpmClient::Send -- Unable to send message (not connected to UPM process).
[Package Manager] Cannot connect to Unity Package Manager local server
Mono: successfully reloaded assembly
[Package Manager] Server::EnsureServerProcessIsRunning -- launch failed, reason: Unity was launched with the -noUpm command-line argument
[Package Manager] UpmClient::Send -- Unable to send message (not connected to UPM process).
[Package Manager] Cannot connect to Unity Package Manager local server
- Finished resetting the current domain, in  0.932 seconds
Domain Reload Profiling: 1390ms
	BeginReloadAssembly (145ms)
		ExecutionOrderSort (0ms)
		DisableScriptedObjects (5ms)
		BackupInstance (0ms)
		ReleaseScriptingObjects (0ms)
		CreateAndSetChildDomain (45ms)
	RebuildCommonClasses (37ms)
	RebuildNativeTypeToScriptingClass (8ms)
	initialDomainReloadingComplete (31ms)
	LoadAllAssembliesAndSetupDomain (237ms)
		LoadAssemblies (283ms)
		RebuildTransferFunctionScriptingTraits (0ms)
		AnalyzeDomain (18ms)
			TypeCache.Refresh (8ms)
				TypeCache.ScanAssembly (0ms)
			ScanForSourceGeneratedMonoScriptInfo (0ms)
			ResolveRequiredComponents (8ms)
	FinalizeReload (932ms)
		ReleaseScriptCaches (0ms)
		RebuildScriptCaches (0ms)
		SetupLoadedEditorAssemblies (556ms)
			LogAssemblyErrors (0ms)
			InitializePlatformSupportModulesInManaged (71ms)
			SetLoadedEditorAssemblies (5ms)
			RefreshPlugins (0ms)
			BeforeProcessingInitializeOnLoad (86ms)
			ProcessInitializeOnLoadAttributes (331ms)
			ProcessInitializeOnLoadMethodAttributes (58ms)
			AfterProcessingInitializeOnLoad (4ms)
			EditorAssembliesLoaded (0ms)
		ExecutionOrderSort2 (0ms)
		AwakeInstancesAfterBackupRestoration (8ms)
Refreshing native plugins compatible for Editor in 1.26 ms, found 2 plugins.
Preloading 0 native plugins for Editor in 0.00 ms.
Unloading 3926 Unused Serialized files (Serialized files now loaded: 0)
Unloading 16 unused Assets / (29.0 KB). Loaded Objects now: 4490.
Memory consumption went from 133.0 MB to 133.0 MB.
Total: 6.485021 ms (FindLiveObjects: 0.432023 ms CreateObjectMapping: 0.485859 ms MarkObjects: 5.468195 ms  DeleteObjects: 0.096438 ms)

Prepare: number of updated asset objects reloaded= 0
AssetImportParameters requested are different than current active one (requested -> active):
  custom:container-demuxer-ogg: 62fdf1f143b41e24485cea50d1cbac27 -> 
  custom:scripting/monoscript/fileName/JointStateSubscriber.cs: a16c1fe57f836fb4ab55d7fecb5b9d6e -> 4dedc4a66c6e67481e12c8a20eda7a17
  custom:scripting/monoscript/fileName/UnityColorMsg.cs: dee5fdaf0f0de34c3b8a304af96f20a0 -> c0b80ff3cf83e3d05b0ba4f2f77d5b19
  custom:scripting/monoscript/fileName/ObjectPoseServiceRequest.cs: e8340b02528bd576f46ab0e8d32803a5 -> ac96913d6908110a6abd1a7bba739457
  custom:video-decoder-ogg-theora: a1e56fd34408186e4bbccfd4996cb3dc -> 
  custom:scripting/monoscript/fileName/CartesianInputMover.cs: 6e481e4dc4a81911d4aac901246306ea -> 352cebde0451330d3418c9b8170d7770
  custom:scripting/monoscript/fileName/PositionServiceRequest.cs: 604b7350a1923a5a9bd709fbb0ec64de -> 1b5332691515ff45a4b7b160d7af40cc
  custom:CustomObjectIndexerAttribute: 232f87dd983dbecb2a4e21e08eb2cef8 -> 
  custom:container-demuxer-webm: 4f35f7cbe854078d1ac9338744f61a02 -> 
  custom:container-muxer-webm: aa71ff27fc2769a1b78a27578f13a17b -> 
  custom:scripting/monoscript/fileName/CustomIKController.cs: 4df3f7e13d73c56e2a7133001d6862b9 -> 68a62c82b227cef8c0cb62a145e583d8
  custom:video-decoder-webm-vp8: 9c59270c3fd7afecdb556c50c9e8de78 -> 
  custom:SearchIndexIgnoredProperties: e643bd26f0fe6173181afceb89e7c659 -> 
  custom:AudioImporter_EditorPlatform: 2f0ff77a95e0ac474e3e8eeba4e2f7cb -> 
  custom:scripting/monoscript/fileName/PositionServiceResponse.cs: eb8b35c8ccd425d6366d4a98c4e4b483 -> 14d8e1b7be2a90ffc11a47ff3676c47b
  custom:video-encoder-webm-vp8: eb34c28f22e8b96e1ab97ce403110664 -> 
  custom:audio-decoder-ogg-vorbis: bf7c407c2cedff20999df2af8eb42d56 -> 
  custom:scripting/monoscript/fileName/ObjectPoseServiceResponse.cs: 4835040a06592c037884d4ea1d5f8d63 -> 620467b7faa0547d7a2c3511e9703be2
  custom:scripting/monoscript/fileName/PosRotMsg.cs: abd368e715fc1c890b3798a7625cedb4 -> 37cbb950fd8d559e159b3f7c4a713652
  custom:audio-encoder-webm-vorbis: bf7c407c2cedff20999df2af8eb42d56 -> 
  custom:scripting/precompiled-assembly-types:Assembly-CSharp: c02ce6627e6b1d98d98e0d8dc1afacfc -> 8ca404f8a24693e23426b57e83396e6b
========================================================================
Received Prepare
Caller must complete domain reload
Begin MonoManager ReloadAssembly
- Loaded All Assemblies, in  0.577 seconds
Native extension for LinuxStandalone target not found
Native extension for Android target not found
[Package Manager] Server::EnsureServerProcessIsRunning -- launch failed, reason: Unity was launched with the -noUpm command-line argument
[Package Manager] UpmClient::Send -- Unable to send message (not connected to UPM process).
[Package Manager] Cannot connect to Unity Package Manager local server
Mono: successfully reloaded assembly
[Package Manager] Server::EnsureServerProcessIsRunning -- launch failed, reason: Unity was launched with the -noUpm command-line argument
[Package Manager] UpmClient::Send -- Unable to send message (not connected to UPM process).
[Package Manager] Cannot connect to Unity Package Manager local server
- Finished resetting the current domain, in  0.914 seconds
Domain Reload Profiling: 1489ms
	BeginReloadAssembly (175ms)
		ExecutionOrderSort (0ms)
		DisableScriptedObjects (5ms)
		BackupInstance (0ms)
		ReleaseScriptingObjects (0ms)
		CreateAndSetChildDomain (53ms)
	RebuildCommonClasses (51ms)
	RebuildNativeTypeToScriptingClass (13ms)
	initialDomainReloadingComplete (44ms)
	LoadAllAssembliesAndSetupDomain (290ms)
		LoadAssemblies (347ms)
		RebuildTransferFunctionScriptingTraits (0ms)
		AnalyzeDomain (25ms)
			TypeCache.Refresh (11ms)
				TypeCache.ScanAssembly (0ms)
			ScanForSourceGeneratedMonoScriptInfo (0ms)
			ResolveRequiredComponents (12ms)
	FinalizeReload (914ms)
		ReleaseScriptCaches (0ms)
		RebuildScriptCaches (0ms)
		SetupLoadedEditorAssemblies (493ms)
			LogAssemblyErrors (0ms)
			InitializePlatformSupportModulesInManaged (49ms)
			SetLoadedEditorAssemblies (4ms)
			RefreshPlugins (0ms)
			BeforeProcessingInitializeOnLoad (70ms)
			ProcessInitializeOnLoadAttributes (317ms)
			ProcessInitializeOnLoadMethodAttributes (48ms)
			AfterProcessingInitializeOnLoad (4ms)
			EditorAssembliesLoaded (0ms)
		ExecutionOrderSort2 (0ms)
		AwakeInstancesAfterBackupRestoration (6ms)
Refreshing native plugins compatible for Editor in 1.23 ms, found 2 plugins.
Preloading 0 native plugins for Editor in 0.00 ms.
Unloading 3926 Unused Serialized files (Serialized files now loaded: 0)
Unloading 16 unused Assets / (29.0 KB). Loaded Objects now: 4494.
Memory consumption went from 133.0 MB to 133.0 MB.
Total: 4.698318 ms (FindLiveObjects: 0.337635 ms CreateObjectMapping: 0.113355 ms MarkObjects: 4.156026 ms  DeleteObjects: 0.089362 ms)

Prepare: number of updated asset objects reloaded= 0
AssetImportParameters requested are different than current active one (requested -> active):
  custom:container-demuxer-ogg: 62fdf1f143b41e24485cea50d1cbac27 -> 
  custom:scripting/monoscript/fileName/JointStateSubscriber.cs: a16c1fe57f836fb4ab55d7fecb5b9d6e -> 4dedc4a66c6e67481e12c8a20eda7a17
  custom:scripting/monoscript/fileName/UnityColorMsg.cs: dee5fdaf0f0de34c3b8a304af96f20a0 -> c0b80ff3cf83e3d05b0ba4f2f77d5b19
  custom:scripting/monoscript/fileName/ObjectPoseServiceRequest.cs: e8340b02528bd576f46ab0e8d32803a5 -> ac96913d6908110a6abd1a7bba739457
  custom:video-decoder-ogg-theora: a1e56fd34408186e4bbccfd4996cb3dc -> 
  custom:scripting/monoscript/fileName/CartesianInputMover.cs: 6e481e4dc4a81911d4aac901246306ea -> 352cebde0451330d3418c9b8170d7770
  custom:scripting/monoscript/fileName/PositionServiceRequest.cs: 604b7350a1923a5a9bd709fbb0ec64de -> 1b5332691515ff45a4b7b160d7af40cc
  custom:CustomObjectIndexerAttribute: 232f87dd983dbecb2a4e21e08eb2cef8 -> 
  custom:container-demuxer-webm: 4f35f7cbe854078d1ac9338744f61a02 -> 
  custom:container-muxer-webm: aa71ff27fc2769a1b78a27578f13a17b -> 
  custom:scripting/monoscript/fileName/CustomIKController.cs: 4df3f7e13d73c56e2a7133001d6862b9 -> 68a62c82b227cef8c0cb62a145e583d8
  custom:video-decoder-webm-vp8: 9c59270c3fd7afecdb556c50c9e8de78 -> 
  custom:SearchIndexIgnoredProperties: e643bd26f0fe6173181afceb89e7c659 -> 
  custom:AudioImporter_EditorPlatform: 2f0ff77a95e0ac474e3e8eeba4e2f7cb -> 
  custom:scripting/monoscript/fileName/PositionServiceResponse.cs: eb8b35c8ccd425d6366d4a98c4e4b483 -> 14d8e1b7be2a90ffc11a47ff3676c47b
  custom:video-encoder-webm-vp8: eb34c28f22e8b96e1ab97ce403110664 -> 
  custom:audio-decoder-ogg-vorbis: bf7c407c2cedff20999df2af8eb42d56 -> 
  custom:scripting/monoscript/fileName/ObjectPoseServiceResponse.cs: 4835040a06592c037884d4ea1d5f8d63 -> 620467b7faa0547d7a2c3511e9703be2
  custom:scripting/monoscript/fileName/PosRotMsg.cs: abd368e715fc1c890b3798a7625cedb4 -> 37cbb950fd8d559e159b3f7c4a713652
  custom:audio-encoder-webm-vorbis: bf7c407c2cedff20999df2af8eb42d56 -> 
  custom:scripting/precompiled-assembly-types:Assembly-CSharp: c02ce6627e6b1d98d98e0d8dc1afacfc -> 8ca404f8a24693e23426b57e83396e6b
========================================================================
Received Prepare
Caller must complete domain reload
Begin MonoManager ReloadAssembly
- Loaded All Assemblies, in  0.557 seconds
Native extension for LinuxStandalone target not found
Native extension for Android target not found
[Package Manager] Server::EnsureServerProcessIsRunning -- launch failed, reason: Unity was launched with the -noUpm command-line argument
[Package Manager] UpmClient::Send -- Unable to send message (not connected to UPM process).
[Package Manager] Cannot connect to Unity Package Manager local server
Mono: successfully reloaded assembly
[Package Manager] Server::EnsureServerProcessIsRunning -- launch failed, reason: Unity was launched with the -noUpm command-line argument
[Package Manager] UpmClient::Send -- Unable to send message (not connected to UPM process).
[Package Manager] Cannot connect to Unity Package Manager local server
- Finished resetting the current domain, in  1.244 seconds
Domain Reload Profiling: 1801ms
	BeginReloadAssembly (170ms)
		ExecutionOrderSort (0ms)
		DisableScriptedObjects (8ms)
		BackupInstance (0ms)
		ReleaseScriptingObjects (0ms)
		CreateAndSetChildDomain (56ms)
	RebuildCommonClasses (39ms)
	RebuildNativeTypeToScriptingClass (8ms)
	initialDomainReloadingComplete (33ms)
	LoadAllAssembliesAndSetupDomain (306ms)
		LoadAssemblies (342ms)
		RebuildTransferFunctionScriptingTraits (0ms)
		AnalyzeDomain (28ms)
			TypeCache.Refresh (11ms)
				TypeCache.ScanAssembly (0ms)
			ScanForSourceGeneratedMonoScriptInfo (0ms)
			ResolveRequiredComponents (14ms)
	FinalizeReload (1244ms)
		ReleaseScriptCaches (0ms)
		RebuildScriptCaches (0ms)
		SetupLoadedEditorAssemblies (684ms)
			LogAssemblyErrors (0ms)
			InitializePlatformSupportModulesInManaged (68ms)
			SetLoadedEditorAssemblies (5ms)
			RefreshPlugins (0ms)
			BeforeProcessingInitializeOnLoad (96ms)
			ProcessInitializeOnLoadAttributes (435ms)
			ProcessInitializeOnLoadMethodAttributes (73ms)
			AfterProcessingInitializeOnLoad (8ms)
			EditorAssembliesLoaded (0ms)
		ExecutionOrderSort2 (0ms)
		AwakeInstancesAfterBackupRestoration (9ms)
Refreshing native plugins compatible for Editor in 1.53 ms, found 2 plugins.
Preloading 0 native plugins for Editor in 0.00 ms.
Unloading 3926 Unused Serialized files (Serialized files now loaded: 0)
Unloading 16 unused Assets / (29.0 KB). Loaded Objects now: 4498.
Memory consumption went from 133.0 MB to 133.0 MB.
Total: 8.136732 ms (FindLiveObjects: 0.429465 ms CreateObjectMapping: 0.154738 ms MarkObjects: 7.472816 ms  DeleteObjects: 0.076563 ms)

Prepare: number of updated asset objects reloaded= 0
AssetImportParameters requested are different than current active one (requested -> active):
  custom:container-demuxer-ogg: 62fdf1f143b41e24485cea50d1cbac27 -> 
  custom:scripting/monoscript/fileName/JointStateSubscriber.cs: a16c1fe57f836fb4ab55d7fecb5b9d6e -> 4dedc4a66c6e67481e12c8a20eda7a17
  custom:scripting/monoscript/fileName/UnityColorMsg.cs: dee5fdaf0f0de34c3b8a304af96f20a0 -> c0b80ff3cf83e3d05b0ba4f2f77d5b19
  custom:scripting/monoscript/fileName/ObjectPoseServiceRequest.cs: e8340b02528bd576f46ab0e8d32803a5 -> ac96913d6908110a6abd1a7bba739457
  custom:video-decoder-ogg-theora: a1e56fd34408186e4bbccfd4996cb3dc -> 
  custom:scripting/monoscript/fileName/CartesianInputMover.cs: 6e481e4dc4a81911d4aac901246306ea -> 352cebde0451330d3418c9b8170d7770
  custom:scripting/monoscript/fileName/PositionServiceRequest.cs: 604b7350a1923a5a9bd709fbb0ec64de -> 1b5332691515ff45a4b7b160d7af40cc
  custom:CustomObjectIndexerAttribute: 232f87dd983dbecb2a4e21e08eb2cef8 -> 
  custom:container-demuxer-webm: 4f35f7cbe854078d1ac9338744f61a02 -> 
  custom:container-muxer-webm: aa71ff27fc2769a1b78a27578f13a17b -> 
  custom:scripting/monoscript/fileName/CustomIKController.cs: 4df3f7e13d73c56e2a7133001d6862b9 -> 68a62c82b227cef8c0cb62a145e583d8
  custom:video-decoder-webm-vp8: 9c59270c3fd7afecdb556c50c9e8de78 -> 
  custom:SearchIndexIgnoredProperties: e643bd26f0fe6173181afceb89e7c659 -> 
  custom:AudioImporter_EditorPlatform: 2f0ff77a95e0ac474e3e8eeba4e2f7cb -> 
  custom:scripting/monoscript/fileName/PositionServiceResponse.cs: eb8b35c8ccd425d6366d4a98c4e4b483 -> 14d8e1b7be2a90ffc11a47ff3676c47b
  custom:video-encoder-webm-vp8: eb34c28f22e8b96e1ab97ce403110664 -> 
  custom:audio-decoder-ogg-vorbis: bf7c407c2cedff20999df2af8eb42d56 -> 
  custom:scripting/monoscript/fileName/ObjectPoseServiceResponse.cs: 4835040a06592c037884d4ea1d5f8d63 -> 620467b7faa0547d7a2c3511e9703be2
  custom:scripting/monoscript/fileName/PosRotMsg.cs: abd368e715fc1c890b3798a7625cedb4 -> 37cbb950fd8d559e159b3f7c4a713652
  custom:audio-encoder-webm-vorbis: bf7c407c2cedff20999df2af8eb42d56 -> 
  custom:scripting/precompiled-assembly-types:Assembly-CSharp: c02ce6627e6b1d98d98e0d8dc1afacfc -> 8ca404f8a24693e23426b57e83396e6b
========================================================================
Received Prepare
Caller must complete domain reload
Begin MonoManager ReloadAssembly
- Loaded All Assemblies, in  0.583 seconds
Native extension for LinuxStandalone target not found
Native extension for Android target not found
[Package Manager] Server::EnsureServerProcessIsRunning -- launch failed, reason: Unity was launched with the -noUpm command-line argument
[Package Manager] UpmClient::Send -- Unable to send message (not connected to UPM process).
[Package Manager] Cannot connect to Unity Package Manager local server
Mono: successfully reloaded assembly
[Package Manager] Server::EnsureServerProcessIsRunning -- launch failed, reason: Unity was launched with the -noUpm command-line argument
[Package Manager] UpmClient::Send -- Unable to send message (not connected to UPM process).
[Package Manager] Cannot connect to Unity Package Manager local server
- Finished resetting the current domain, in  0.923 seconds
Domain Reload Profiling: 1507ms
	BeginReloadAssembly (193ms)
		ExecutionOrderSort (0ms)
		DisableScriptedObjects (8ms)
		BackupInstance (0ms)
		ReleaseScriptingObjects (0ms)
		CreateAndSetChildDomain (62ms)
	RebuildCommonClasses (56ms)
	RebuildNativeTypeToScriptingClass (14ms)
	initialDomainReloadingComplete (40ms)
	LoadAllAssembliesAndSetupDomain (280ms)
		LoadAssemblies (343ms)
		RebuildTransferFunctionScriptingTraits (0ms)
		AnalyzeDomain (20ms)
			TypeCache.Refresh (9ms)
				TypeCache.ScanAssembly (0ms)
			ScanForSourceGeneratedMonoScriptInfo (0ms)
			ResolveRequiredComponents (9ms)
	FinalizeReload (924ms)
		ReleaseScriptCaches (0ms)
		RebuildScriptCaches (0ms)
		SetupLoadedEditorAssemblies (531ms)
			LogAssemblyErrors (0ms)
			InitializePlatformSupportModulesInManaged (55ms)
			SetLoadedEditorAssemblies (5ms)
			RefreshPlugins (0ms)
			BeforeProcessingInitializeOnLoad (74ms)
			ProcessInitializeOnLoadAttributes (340ms)
			ProcessInitializeOnLoadMethodAttributes (52ms)
			AfterProcessingInitializeOnLoad (4ms)
			EditorAssembliesLoaded (0ms)
		ExecutionOrderSort2 (0ms)
		AwakeInstancesAfterBackupRestoration (7ms)
Refreshing native plugins compatible for Editor in 1.50 ms, found 2 plugins.
Preloading 0 native plugins for Editor in 0.00 ms.
Unloading 3926 Unused Serialized files (Serialized files now loaded: 0)
Unloading 16 unused Assets / (29.0 KB). Loaded Objects now: 4502.
Memory consumption went from 133.0 MB to 133.0 MB.
Total: 4.363710 ms (FindLiveObjects: 0.254055 ms CreateObjectMapping: 0.143980 ms MarkObjects: 3.846837 ms  DeleteObjects: 0.116727 ms)

Prepare: number of updated asset objects reloaded= 0
AssetImportParameters requested are different than current active one (requested -> active):
  custom:container-demuxer-ogg: 62fdf1f143b41e24485cea50d1cbac27 -> 
  custom:scripting/monoscript/fileName/JointStateSubscriber.cs: a16c1fe57f836fb4ab55d7fecb5b9d6e -> 4dedc4a66c6e67481e12c8a20eda7a17
  custom:scripting/monoscript/fileName/UnityColorMsg.cs: dee5fdaf0f0de34c3b8a304af96f20a0 -> c0b80ff3cf83e3d05b0ba4f2f77d5b19
  custom:scripting/monoscript/fileName/ObjectPoseServiceRequest.cs: e8340b02528bd576f46ab0e8d32803a5 -> ac96913d6908110a6abd1a7bba739457
  custom:video-decoder-ogg-theora: a1e56fd34408186e4bbccfd4996cb3dc -> 
  custom:scripting/monoscript/fileName/CartesianInputMover.cs: 6e481e4dc4a81911d4aac901246306ea -> 352cebde0451330d3418c9b8170d7770
  custom:scripting/monoscript/fileName/PositionServiceRequest.cs: 604b7350a1923a5a9bd709fbb0ec64de -> 1b5332691515ff45a4b7b160d7af40cc
  custom:CustomObjectIndexerAttribute: 232f87dd983dbecb2a4e21e08eb2cef8 -> 
  custom:container-demuxer-webm: 4f35f7cbe854078d1ac9338744f61a02 -> 
  custom:container-muxer-webm: aa71ff27fc2769a1b78a27578f13a17b -> 
  custom:scripting/monoscript/fileName/CustomIKController.cs: 4df3f7e13d73c56e2a7133001d6862b9 -> 68a62c82b227cef8c0cb62a145e583d8
  custom:video-decoder-webm-vp8: 9c59270c3fd7afecdb556c50c9e8de78 -> 
  custom:SearchIndexIgnoredProperties: e643bd26f0fe6173181afceb89e7c659 -> 
  custom:AudioImporter_EditorPlatform: 2f0ff77a95e0ac474e3e8eeba4e2f7cb -> 
  custom:scripting/monoscript/fileName/PositionServiceResponse.cs: eb8b35c8ccd425d6366d4a98c4e4b483 -> 14d8e1b7be2a90ffc11a47ff3676c47b
  custom:video-encoder-webm-vp8: eb34c28f22e8b96e1ab97ce403110664 -> 
  custom:audio-decoder-ogg-vorbis: bf7c407c2cedff20999df2af8eb42d56 -> 
  custom:scripting/monoscript/fileName/ObjectPoseServiceResponse.cs: 4835040a06592c037884d4ea1d5f8d63 -> 620467b7faa0547d7a2c3511e9703be2
  custom:scripting/monoscript/fileName/PosRotMsg.cs: abd368e715fc1c890b3798a7625cedb4 -> 37cbb950fd8d559e159b3f7c4a713652
  custom:audio-encoder-webm-vorbis: bf7c407c2cedff20999df2af8eb42d56 -> 
  custom:scripting/precompiled-assembly-types:Assembly-CSharp: c02ce6627e6b1d98d98e0d8dc1afacfc -> 8ca404f8a24693e23426b57e83396e6b
========================================================================
Received Prepare
Caller must complete domain reload
Begin MonoManager ReloadAssembly
- Loaded All Assemblies, in  0.369 seconds
Native extension for LinuxStandalone target not found
Native extension for Android target not found
[Package Manager] Server::EnsureServerProcessIsRunning -- launch failed, reason: Unity was launched with the -noUpm command-line argument
[Package Manager] UpmClient::Send -- Unable to send message (not connected to UPM process).
[Package Manager] Cannot connect to Unity Package Manager local server
Mono: successfully reloaded assembly
[Package Manager] Server::EnsureServerProcessIsRunning -- launch failed, reason: Unity was launched with the -noUpm command-line argument
[Package Manager] UpmClient::Send -- Unable to send message (not connected to UPM process).
[Package Manager] Cannot connect to Unity Package Manager local server
- Finished resetting the current domain, in  0.734 seconds
Domain Reload Profiling: 1103ms
	BeginReloadAssembly (114ms)
		ExecutionOrderSort (0ms)
		DisableScriptedObjects (4ms)
		BackupInstance (0ms)
		ReleaseScriptingObjects (0ms)
		CreateAndSetChildDomain (41ms)
	RebuildCommonClasses (26ms)
	RebuildNativeTypeToScriptingClass (5ms)
	initialDomainReloadingComplete (20ms)
	LoadAllAssembliesAndSetupDomain (204ms)
		LoadAssemblies (231ms)
		RebuildTransferFunctionScriptingTraits (0ms)
		AnalyzeDomain (16ms)
			TypeCache.Refresh (7ms)
				TypeCache.ScanAssembly (0ms)
			ScanForSourceGeneratedMonoScriptInfo (0ms)
			ResolveRequiredComponents (8ms)
	FinalizeReload (734ms)
		ReleaseScriptCaches (0ms)
		RebuildScriptCaches (0ms)
		SetupLoadedEditorAssemblies (360ms)
			LogAssemblyErrors (0ms)
			InitializePlatformSupportModulesInManaged (48ms)
			SetLoadedEditorAssemblies (4ms)
			RefreshPlugins (0ms)
			BeforeProcessingInitializeOnLoad (64ms)
			ProcessInitializeOnLoadAttributes (205ms)
			ProcessInitializeOnLoadMethodAttributes (35ms)
			AfterProcessingInitializeOnLoad (3ms)
			EditorAssembliesLoaded (0ms)
		ExecutionOrderSort2 (0ms)
		AwakeInstancesAfterBackupRestoration (5ms)
Refreshing native plugins compatible for Editor in 1.10 ms, found 2 plugins.
Preloading 0 native plugins for Editor in 0.00 ms.
Unloading 3926 Unused Serialized files (Serialized files now loaded: 0)
Unloading 16 unused Assets / (28.9 KB). Loaded Objects now: 4506.
Memory consumption went from 133.0 MB to 133.0 MB.
Total: 4.344767 ms (FindLiveObjects: 0.395461 ms CreateObjectMapping: 0.177935 ms MarkObjects: 3.707205 ms  DeleteObjects: 0.062748 ms)

Prepare: number of updated asset objects reloaded= 0
AssetImportParameters requested are different than current active one (requested -> active):
  custom:container-demuxer-ogg: 62fdf1f143b41e24485cea50d1cbac27 -> 
  custom:scripting/monoscript/fileName/JointStateSubscriber.cs: a16c1fe57f836fb4ab55d7fecb5b9d6e -> 4dedc4a66c6e67481e12c8a20eda7a17
  custom:scripting/monoscript/fileName/UnityColorMsg.cs: dee5fdaf0f0de34c3b8a304af96f20a0 -> c0b80ff3cf83e3d05b0ba4f2f77d5b19
  custom:scripting/monoscript/fileName/ObjectPoseServiceRequest.cs: e8340b02528bd576f46ab0e8d32803a5 -> ac96913d6908110a6abd1a7bba739457
  custom:video-decoder-ogg-theora: a1e56fd34408186e4bbccfd4996cb3dc -> 
  custom:scripting/monoscript/fileName/CartesianInputMover.cs: 6e481e4dc4a81911d4aac901246306ea -> 352cebde0451330d3418c9b8170d7770
  custom:scripting/monoscript/fileName/PositionServiceRequest.cs: 604b7350a1923a5a9bd709fbb0ec64de -> 1b5332691515ff45a4b7b160d7af40cc
  custom:CustomObjectIndexerAttribute: 232f87dd983dbecb2a4e21e08eb2cef8 -> 
  custom:container-demuxer-webm: 4f35f7cbe854078d1ac9338744f61a02 -> 
  custom:container-muxer-webm: aa71ff27fc2769a1b78a27578f13a17b -> 
  custom:scripting/monoscript/fileName/CustomIKController.cs: 4df3f7e13d73c56e2a7133001d6862b9 -> 68a62c82b227cef8c0cb62a145e583d8
  custom:video-decoder-webm-vp8: 9c59270c3fd7afecdb556c50c9e8de78 -> 
  custom:SearchIndexIgnoredProperties: e643bd26f0fe6173181afceb89e7c659 -> 
  custom:AudioImporter_EditorPlatform: 2f0ff77a95e0ac474e3e8eeba4e2f7cb -> 
  custom:scripting/monoscript/fileName/PositionServiceResponse.cs: eb8b35c8ccd425d6366d4a98c4e4b483 -> 14d8e1b7be2a90ffc11a47ff3676c47b
  custom:video-encoder-webm-vp8: eb34c28f22e8b96e1ab97ce403110664 -> 
  custom:audio-decoder-ogg-vorbis: bf7c407c2cedff20999df2af8eb42d56 -> 
  custom:scripting/monoscript/fileName/ObjectPoseServiceResponse.cs: 4835040a06592c037884d4ea1d5f8d63 -> 620467b7faa0547d7a2c3511e9703be2
  custom:scripting/monoscript/fileName/PosRotMsg.cs: abd368e715fc1c890b3798a7625cedb4 -> 37cbb950fd8d559e159b3f7c4a713652
  custom:audio-encoder-webm-vorbis: bf7c407c2cedff20999df2af8eb42d56 -> 
  custom:scripting/precompiled-assembly-types:Assembly-CSharp: c02ce6627e6b1d98d98e0d8dc1afacfc -> 8ca404f8a24693e23426b57e83396e6b
========================================================================
Received Prepare
Caller must complete domain reload
Begin MonoManager ReloadAssembly
- Loaded All Assemblies, in  0.424 seconds
Native extension for LinuxStandalone target not found
Native extension for Android target not found
[Package Manager] Server::EnsureServerProcessIsRunning -- launch failed, reason: Unity was launched with the -noUpm command-line argument
[Package Manager] UpmClient::Send -- Unable to send message (not connected to UPM process).
[Package Manager] Cannot connect to Unity Package Manager local server
Mono: successfully reloaded assembly
[Package Manager] Server::EnsureServerProcessIsRunning -- launch failed, reason: Unity was launched with the -noUpm command-line argument
[Package Manager] UpmClient::Send -- Unable to send message (not connected to UPM process).
[Package Manager] Cannot connect to Unity Package Manager local server
- Finished resetting the current domain, in  0.719 seconds
Domain Reload Profiling: 1143ms
	BeginReloadAssembly (123ms)
		ExecutionOrderSort (0ms)
		DisableScriptedObjects (4ms)
		BackupInstance (0ms)
		ReleaseScriptingObjects (0ms)
		CreateAndSetChildDomain (39ms)
	RebuildCommonClasses (36ms)
	RebuildNativeTypeToScriptingClass (11ms)
	initialDomainReloadingComplete (28ms)
	LoadAllAssembliesAndSetupDomain (225ms)
		LoadAssemblies (250ms)
		RebuildTransferFunctionScriptingTraits (0ms)
		AnalyzeDomain (29ms)
			TypeCache.Refresh (11ms)
				TypeCache.ScanAssembly (0ms)
			ScanForSourceGeneratedMonoScriptInfo (9ms)
			ResolveRequiredComponents (8ms)
	FinalizeReload (719ms)
		ReleaseScriptCaches (0ms)
		RebuildScriptCaches (0ms)
		SetupLoadedEditorAssemblies (370ms)
			LogAssemblyErrors (0ms)
			InitializePlatformSupportModulesInManaged (44ms)
			SetLoadedEditorAssemblies (4ms)
			RefreshPlugins (0ms)
			BeforeProcessingInitializeOnLoad (63ms)
			ProcessInitializeOnLoadAttributes (223ms)
			ProcessInitializeOnLoadMethodAttributes (33ms)
			AfterProcessingInitializeOnLoad (3ms)
			EditorAssembliesLoaded (0ms)
		ExecutionOrderSort2 (0ms)
		AwakeInstancesAfterBackupRestoration (5ms)
Refreshing native plugins compatible for Editor in 0.81 ms, found 2 plugins.
Preloading 0 native plugins for Editor in 0.00 ms.
Unloading 3926 Unused Serialized files (Serialized files now loaded: 0)
Unloading 16 unused Assets / (29.0 KB). Loaded Objects now: 4510.
Memory consumption went from 133.0 MB to 133.0 MB.
Total: 3.473745 ms (FindLiveObjects: 0.337917 ms CreateObjectMapping: 0.084477 ms MarkObjects: 2.995033 ms  DeleteObjects: 0.054874 ms)

Prepare: number of updated asset objects reloaded= 0
AssetImportParameters requested are different than current active one (requested -> active):
  custom:container-demuxer-ogg: 62fdf1f143b41e24485cea50d1cbac27 -> 
  custom:scripting/monoscript/fileName/JointStateSubscriber.cs: a16c1fe57f836fb4ab55d7fecb5b9d6e -> 4dedc4a66c6e67481e12c8a20eda7a17
  custom:scripting/monoscript/fileName/UnityColorMsg.cs: dee5fdaf0f0de34c3b8a304af96f20a0 -> c0b80ff3cf83e3d05b0ba4f2f77d5b19
  custom:scripting/monoscript/fileName/ObjectPoseServiceRequest.cs: e8340b02528bd576f46ab0e8d32803a5 -> ac96913d6908110a6abd1a7bba739457
  custom:video-decoder-ogg-theora: a1e56fd34408186e4bbccfd4996cb3dc -> 
  custom:scripting/monoscript/fileName/CartesianInputMover.cs: 6e481e4dc4a81911d4aac901246306ea -> 352cebde0451330d3418c9b8170d7770
  custom:scripting/monoscript/fileName/PositionServiceRequest.cs: 604b7350a1923a5a9bd709fbb0ec64de -> 1b5332691515ff45a4b7b160d7af40cc
  custom:CustomObjectIndexerAttribute: 232f87dd983dbecb2a4e21e08eb2cef8 -> 
  custom:container-demuxer-webm: 4f35f7cbe854078d1ac9338744f61a02 -> 
  custom:container-muxer-webm: aa71ff27fc2769a1b78a27578f13a17b -> 
  custom:scripting/monoscript/fileName/CustomIKController.cs: 4df3f7e13d73c56e2a7133001d6862b9 -> 68a62c82b227cef8c0cb62a145e583d8
  custom:video-decoder-webm-vp8: 9c59270c3fd7afecdb556c50c9e8de78 -> 
  custom:SearchIndexIgnoredProperties: e643bd26f0fe6173181afceb89e7c659 -> 
  custom:AudioImporter_EditorPlatform: 2f0ff77a95e0ac474e3e8eeba4e2f7cb -> 
  custom:scripting/monoscript/fileName/PositionServiceResponse.cs: eb8b35c8ccd425d6366d4a98c4e4b483 -> 14d8e1b7be2a90ffc11a47ff3676c47b
  custom:video-encoder-webm-vp8: eb34c28f22e8b96e1ab97ce403110664 -> 
  custom:audio-decoder-ogg-vorbis: bf7c407c2cedff20999df2af8eb42d56 -> 
  custom:scripting/monoscript/fileName/ObjectPoseServiceResponse.cs: 4835040a06592c037884d4ea1d5f8d63 -> 620467b7faa0547d7a2c3511e9703be2
  custom:scripting/monoscript/fileName/PosRotMsg.cs: abd368e715fc1c890b3798a7625cedb4 -> 37cbb950fd8d559e159b3f7c4a713652
  custom:audio-encoder-webm-vorbis: bf7c407c2cedff20999df2af8eb42d56 -> 
  custom:scripting/precompiled-assembly-types:Assembly-CSharp: c02ce6627e6b1d98d98e0d8dc1afacfc -> 8ca404f8a24693e23426b57e83396e6b
========================================================================
Received Prepare
Caller must complete domain reload
Begin MonoManager ReloadAssembly
- Loaded All Assemblies, in  0.377 seconds
Native extension for LinuxStandalone target not found
Native extension for Android target not found
[Package Manager] Server::EnsureServerProcessIsRunning -- launch failed, reason: Unity was launched with the -noUpm command-line argument
[Package Manager] UpmClient::Send -- Unable to send message (not connected to UPM process).
[Package Manager] Cannot connect to Unity Package Manager local server
Mono: successfully reloaded assembly
[Package Manager] Server::EnsureServerProcessIsRunning -- launch failed, reason: Unity was launched with the -noUpm command-line argument
[Package Manager] UpmClient::Send -- Unable to send message (not connected to UPM process).
[Package Manager] Cannot connect to Unity Package Manager local server
- Finished resetting the current domain, in  0.645 seconds
Domain Reload Profiling: 1021ms
	BeginReloadAssembly (124ms)
		ExecutionOrderSort (0ms)
		DisableScriptedObjects (5ms)
		BackupInstance (0ms)
		ReleaseScriptingObjects (0ms)
		CreateAndSetChildDomain (35ms)
	RebuildCommonClasses (35ms)
	RebuildNativeTypeToScriptingClass (10ms)
	initialDomainReloadingComplete (30ms)
	LoadAllAssembliesAndSetupDomain (176ms)
		LoadAssemblies (213ms)
		RebuildTransferFunctionScriptingTraits (0ms)
		AnalyzeDomain (21ms)
			TypeCache.Refresh (9ms)
				TypeCache.ScanAssembly (0ms)
			ScanForSourceGeneratedMonoScriptInfo (6ms)
			ResolveRequiredComponents (5ms)
	FinalizeReload (645ms)
		ReleaseScriptCaches (0ms)
		RebuildScriptCaches (0ms)
		SetupLoadedEditorAssemblies (413ms)
			LogAssemblyErrors (0ms)
			InitializePlatformSupportModulesInManaged (40ms)
			SetLoadedEditorAssemblies (4ms)
			RefreshPlugins (0ms)
			BeforeProcessingInitializeOnLoad (63ms)
			ProcessInitializeOnLoadAttributes (268ms)
			ProcessInitializeOnLoadMethodAttributes (35ms)
			AfterProcessingInitializeOnLoad (3ms)
			EditorAssembliesLoaded (0ms)
		ExecutionOrderSort2 (0ms)
		AwakeInstancesAfterBackupRestoration (6ms)
Refreshing native plugins compatible for Editor in 0.85 ms, found 2 plugins.
Preloading 0 native plugins for Editor in 0.00 ms.
Unloading 3926 Unused Serialized files (Serialized files now loaded: 0)
Unloading 16 unused Assets / (29.0 KB). Loaded Objects now: 4514.
Memory consumption went from 133.0 MB to 133.0 MB.
Total: 3.593334 ms (FindLiveObjects: 0.175791 ms CreateObjectMapping: 0.080582 ms MarkObjects: 3.296220 ms  DeleteObjects: 0.039982 ms)

Prepare: number of updated asset objects reloaded= 0
AssetImportParameters requested are different than current active one (requested -> active):
  custom:container-demuxer-ogg: 62fdf1f143b41e24485cea50d1cbac27 -> 
  custom:scripting/monoscript/fileName/JointStateSubscriber.cs: a16c1fe57f836fb4ab55d7fecb5b9d6e -> 4dedc4a66c6e67481e12c8a20eda7a17
  custom:scripting/monoscript/fileName/UnityColorMsg.cs: dee5fdaf0f0de34c3b8a304af96f20a0 -> c0b80ff3cf83e3d05b0ba4f2f77d5b19
  custom:scripting/monoscript/fileName/ObjectPoseServiceRequest.cs: e8340b02528bd576f46ab0e8d32803a5 -> ac96913d6908110a6abd1a7bba739457
  custom:video-decoder-ogg-theora: a1e56fd34408186e4bbccfd4996cb3dc -> 
  custom:scripting/monoscript/fileName/CartesianInputMover.cs: 6e481e4dc4a81911d4aac901246306ea -> 352cebde0451330d3418c9b8170d7770
  custom:scripting/monoscript/fileName/PositionServiceRequest.cs: 604b7350a1923a5a9bd709fbb0ec64de -> 1b5332691515ff45a4b7b160d7af40cc
  custom:CustomObjectIndexerAttribute: 232f87dd983dbecb2a4e21e08eb2cef8 -> 
  custom:container-demuxer-webm: 4f35f7cbe854078d1ac9338744f61a02 -> 
  custom:container-muxer-webm: aa71ff27fc2769a1b78a27578f13a17b -> 
  custom:scripting/monoscript/fileName/CustomIKController.cs: 4df3f7e13d73c56e2a7133001d6862b9 -> 68a62c82b227cef8c0cb62a145e583d8
  custom:video-decoder-webm-vp8: 9c59270c3fd7afecdb556c50c9e8de78 -> 
  custom:SearchIndexIgnoredProperties: e643bd26f0fe6173181afceb89e7c659 -> 
  custom:AudioImporter_EditorPlatform: 2f0ff77a95e0ac474e3e8eeba4e2f7cb -> 
  custom:scripting/monoscript/fileName/PositionServiceResponse.cs: eb8b35c8ccd425d6366d4a98c4e4b483 -> 14d8e1b7be2a90ffc11a47ff3676c47b
  custom:video-encoder-webm-vp8: eb34c28f22e8b96e1ab97ce403110664 -> 
  custom:audio-decoder-ogg-vorbis: bf7c407c2cedff20999df2af8eb42d56 -> 
  custom:scripting/monoscript/fileName/ObjectPoseServiceResponse.cs: 4835040a06592c037884d4ea1d5f8d63 -> 620467b7faa0547d7a2c3511e9703be2
  custom:scripting/monoscript/fileName/PosRotMsg.cs: abd368e715fc1c890b3798a7625cedb4 -> 37cbb950fd8d559e159b3f7c4a713652
  custom:audio-encoder-webm-vorbis: bf7c407c2cedff20999df2af8eb42d56 -> 
  custom:scripting/precompiled-assembly-types:Assembly-CSharp: c02ce6627e6b1d98d98e0d8dc1afacfc -> 8ca404f8a24693e23426b57e83396e6b
========================================================================
Received Prepare
Caller must complete domain reload
Begin MonoManager ReloadAssembly
- Loaded All Assemblies, in  0.429 seconds
Native extension for LinuxStandalone target not found
Native extension for Android target not found
[Package Manager] Server::EnsureServerProcessIsRunning -- launch failed, reason: Unity was launched with the -noUpm command-line argument
[Package Manager] UpmClient::Send -- Unable to send message (not connected to UPM process).
[Package Manager] Cannot connect to Unity Package Manager local server
Mono: successfully reloaded assembly
[Package Manager] Server::EnsureServerProcessIsRunning -- launch failed, reason: Unity was launched with the -noUpm command-line argument
[Package Manager] UpmClient::Send -- Unable to send message (not connected to UPM process).
[Package Manager] Cannot connect to Unity Package Manager local server
- Finished resetting the current domain, in  0.681 seconds
Domain Reload Profiling: 1109ms
	BeginReloadAssembly (119ms)
		ExecutionOrderSort (0ms)
		DisableScriptedObjects (4ms)
		BackupInstance (0ms)
		ReleaseScriptingObjects (0ms)
		CreateAndSetChildDomain (34ms)
	RebuildCommonClasses (34ms)
	RebuildNativeTypeToScriptingClass (10ms)
	initialDomainReloadingComplete (29ms)
	LoadAllAssembliesAndSetupDomain (235ms)
		LoadAssemblies (272ms)
		RebuildTransferFunctionScriptingTraits (0ms)
		AnalyzeDomain (19ms)
			TypeCache.Refresh (8ms)
				TypeCache.ScanAssembly (0ms)
			ScanForSourceGeneratedMonoScriptInfo (0ms)
			ResolveRequiredComponents (8ms)
	FinalizeReload (682ms)
		ReleaseScriptCaches (0ms)
		RebuildScriptCaches (0ms)
		SetupLoadedEditorAssemblies (387ms)
			LogAssemblyErrors (0ms)
			InitializePlatformSupportModulesInManaged (46ms)
			SetLoadedEditorAssemblies (4ms)
			RefreshPlugins (0ms)
			BeforeProcessingInitializeOnLoad (73ms)
			ProcessInitializeOnLoadAttributes (228ms)
			ProcessInitializeOnLoadMethodAttributes (32ms)
			AfterProcessingInitializeOnLoad (3ms)
			EditorAssembliesLoaded (0ms)
		ExecutionOrderSort2 (0ms)
		AwakeInstancesAfterBackupRestoration (4ms)
Refreshing native plugins compatible for Editor in 0.94 ms, found 2 plugins.
Preloading 0 native plugins for Editor in 0.00 ms.
Unloading 3926 Unused Serialized files (Serialized files now loaded: 0)
Unloading 16 unused Assets / (29.0 KB). Loaded Objects now: 4518.
Memory consumption went from 133.0 MB to 133.0 MB.
Total: 4.818800 ms (FindLiveObjects: 0.457941 ms CreateObjectMapping: 0.189064 ms MarkObjects: 4.083557 ms  DeleteObjects: 0.081445 ms)

Prepare: number of updated asset objects reloaded= 0
AssetImportParameters requested are different than current active one (requested -> active):
  custom:container-demuxer-ogg: 62fdf1f143b41e24485cea50d1cbac27 -> 
  custom:scripting/monoscript/fileName/JointStateSubscriber.cs: a16c1fe57f836fb4ab55d7fecb5b9d6e -> 4dedc4a66c6e67481e12c8a20eda7a17
  custom:scripting/monoscript/fileName/UnityColorMsg.cs: dee5fdaf0f0de34c3b8a304af96f20a0 -> c0b80ff3cf83e3d05b0ba4f2f77d5b19
  custom:scripting/monoscript/fileName/ObjectPoseServiceRequest.cs: e8340b02528bd576f46ab0e8d32803a5 -> ac96913d6908110a6abd1a7bba739457
  custom:video-decoder-ogg-theora: a1e56fd34408186e4bbccfd4996cb3dc -> 
  custom:scripting/monoscript/fileName/CartesianInputMover.cs: 6e481e4dc4a81911d4aac901246306ea -> 352cebde0451330d3418c9b8170d7770
  custom:scripting/monoscript/fileName/PositionServiceRequest.cs: 604b7350a1923a5a9bd709fbb0ec64de -> 1b5332691515ff45a4b7b160d7af40cc
  custom:CustomObjectIndexerAttribute: 232f87dd983dbecb2a4e21e08eb2cef8 -> 
  custom:container-demuxer-webm: 4f35f7cbe854078d1ac9338744f61a02 -> 
  custom:container-muxer-webm: aa71ff27fc2769a1b78a27578f13a17b -> 
  custom:scripting/monoscript/fileName/CustomIKController.cs: 4df3f7e13d73c56e2a7133001d6862b9 -> 68a62c82b227cef8c0cb62a145e583d8
  custom:video-decoder-webm-vp8: 9c59270c3fd7afecdb556c50c9e8de78 -> 
  custom:SearchIndexIgnoredProperties: e643bd26f0fe6173181afceb89e7c659 -> 
  custom:AudioImporter_EditorPlatform: 2f0ff77a95e0ac474e3e8eeba4e2f7cb -> 
  custom:scripting/monoscript/fileName/PositionServiceResponse.cs: eb8b35c8ccd425d6366d4a98c4e4b483 -> 14d8e1b7be2a90ffc11a47ff3676c47b
  custom:video-encoder-webm-vp8: eb34c28f22e8b96e1ab97ce403110664 -> 
  custom:audio-decoder-ogg-vorbis: bf7c407c2cedff20999df2af8eb42d56 -> 
  custom:scripting/monoscript/fileName/ObjectPoseServiceResponse.cs: 4835040a06592c037884d4ea1d5f8d63 -> 620467b7faa0547d7a2c3511e9703be2
  custom:scripting/monoscript/fileName/PosRotMsg.cs: abd368e715fc1c890b3798a7625cedb4 -> 37cbb950fd8d559e159b3f7c4a713652
  custom:audio-encoder-webm-vorbis: bf7c407c2cedff20999df2af8eb42d56 -> 
  custom:scripting/precompiled-assembly-types:Assembly-CSharp: c02ce6627e6b1d98d98e0d8dc1afacfc -> 8ca404f8a24693e23426b57e83396e6b
========================================================================
Received Prepare
Caller must complete domain reload
Begin MonoManager ReloadAssembly
- Loaded All Assemblies, in  0.371 seconds
Native extension for LinuxStandalone target not found
Native extension for Android target not found
[Package Manager] Server::EnsureServerProcessIsRunning -- launch failed, reason: Unity was launched with the -noUpm command-line argument
[Package Manager] UpmClient::Send -- Unable to send message (not connected to UPM process).
[Package Manager] Cannot connect to Unity Package Manager local server
Mono: successfully reloaded assembly
[Package Manager] Server::EnsureServerProcessIsRunning -- launch failed, reason: Unity was launched with the -noUpm command-line argument
[Package Manager] UpmClient::Send -- Unable to send message (not connected to UPM process).
[Package Manager] Cannot connect to Unity Package Manager local server
- Finished resetting the current domain, in  0.645 seconds
Domain Reload Profiling: 1015ms
	BeginReloadAssembly (121ms)
		ExecutionOrderSort (0ms)
		DisableScriptedObjects (4ms)
		BackupInstance (0ms)
		ReleaseScriptingObjects (0ms)
		CreateAndSetChildDomain (35ms)
	RebuildCommonClasses (34ms)
	RebuildNativeTypeToScriptingClass (9ms)
	initialDomainReloadingComplete (30ms)
	LoadAllAssembliesAndSetupDomain (175ms)
		LoadAssemblies (217ms)
		RebuildTransferFunctionScriptingTraits (0ms)
		AnalyzeDomain (14ms)
			TypeCache.Refresh (7ms)
				TypeCache.ScanAssembly (0ms)
			ScanForSourceGeneratedMonoScriptInfo (0ms)
			ResolveRequiredComponents (6ms)
	FinalizeReload (646ms)
		ReleaseScriptCaches (0ms)
		RebuildScriptCaches (0ms)
		SetupLoadedEditorAssemblies (402ms)
			LogAssemblyErrors (0ms)
			InitializePlatformSupportModulesInManaged (38ms)
			SetLoadedEditorAssemblies (4ms)
			RefreshPlugins (0ms)
			BeforeProcessingInitializeOnLoad (65ms)
			ProcessInitializeOnLoadAttributes (260ms)
			ProcessInitializeOnLoadMethodAttributes (33ms)
			AfterProcessingInitializeOnLoad (3ms)
			EditorAssembliesLoaded (0ms)
		ExecutionOrderSort2 (0ms)
		AwakeInstancesAfterBackupRestoration (4ms)
Refreshing native plugins compatible for Editor in 0.96 ms, found 2 plugins.
Preloading 0 native plugins for Editor in 0.00 ms.
Unloading 3926 Unused Serialized files (Serialized files now loaded: 0)
Unloading 16 unused Assets / (29.0 KB). Loaded Objects now: 4522.
Memory consumption went from 133.0 MB to 133.0 MB.
Total: 5.121652 ms (FindLiveObjects: 0.575528 ms CreateObjectMapping: 0.218985 ms MarkObjects: 4.246696 ms  DeleteObjects: 0.077515 ms)

Prepare: number of updated asset objects reloaded= 0
AssetImportParameters requested are different than current active one (requested -> active):
  custom:container-demuxer-ogg: 62fdf1f143b41e24485cea50d1cbac27 -> 
  custom:scripting/monoscript/fileName/JointStateSubscriber.cs: a16c1fe57f836fb4ab55d7fecb5b9d6e -> 4dedc4a66c6e67481e12c8a20eda7a17
  custom:scripting/monoscript/fileName/UnityColorMsg.cs: dee5fdaf0f0de34c3b8a304af96f20a0 -> c0b80ff3cf83e3d05b0ba4f2f77d5b19
  custom:scripting/monoscript/fileName/ObjectPoseServiceRequest.cs: e8340b02528bd576f46ab0e8d32803a5 -> ac96913d6908110a6abd1a7bba739457
  custom:video-decoder-ogg-theora: a1e56fd34408186e4bbccfd4996cb3dc -> 
  custom:scripting/monoscript/fileName/CartesianInputMover.cs: 6e481e4dc4a81911d4aac901246306ea -> 352cebde0451330d3418c9b8170d7770
  custom:scripting/monoscript/fileName/PositionServiceRequest.cs: 604b7350a1923a5a9bd709fbb0ec64de -> 1b5332691515ff45a4b7b160d7af40cc
  custom:CustomObjectIndexerAttribute: 232f87dd983dbecb2a4e21e08eb2cef8 -> 
  custom:container-demuxer-webm: 4f35f7cbe854078d1ac9338744f61a02 -> 
  custom:container-muxer-webm: aa71ff27fc2769a1b78a27578f13a17b -> 
  custom:scripting/monoscript/fileName/CustomIKController.cs: 4df3f7e13d73c56e2a7133001d6862b9 -> 68a62c82b227cef8c0cb62a145e583d8
  custom:video-decoder-webm-vp8: 9c59270c3fd7afecdb556c50c9e8de78 -> 
  custom:SearchIndexIgnoredProperties: e643bd26f0fe6173181afceb89e7c659 -> 
  custom:AudioImporter_EditorPlatform: 2f0ff77a95e0ac474e3e8eeba4e2f7cb -> 
  custom:scripting/monoscript/fileName/PositionServiceResponse.cs: eb8b35c8ccd425d6366d4a98c4e4b483 -> 14d8e1b7be2a90ffc11a47ff3676c47b
  custom:video-encoder-webm-vp8: eb34c28f22e8b96e1ab97ce403110664 -> 
  custom:audio-decoder-ogg-vorbis: bf7c407c2cedff20999df2af8eb42d56 -> 
  custom:scripting/monoscript/fileName/ObjectPoseServiceResponse.cs: 4835040a06592c037884d4ea1d5f8d63 -> 620467b7faa0547d7a2c3511e9703be2
  custom:scripting/monoscript/fileName/PosRotMsg.cs: abd368e715fc1c890b3798a7625cedb4 -> 37cbb950fd8d559e159b3f7c4a713652
  custom:audio-encoder-webm-vorbis: bf7c407c2cedff20999df2af8eb42d56 -> 
  custom:scripting/precompiled-assembly-types:Assembly-CSharp: c02ce6627e6b1d98d98e0d8dc1afacfc -> 8ca404f8a24693e23426b57e83396e6b
========================================================================
Received Prepare
Caller must complete domain reload
Begin MonoManager ReloadAssembly
- Loaded All Assemblies, in  0.452 seconds
Native extension for LinuxStandalone target not found
Native extension for Android target not found
[Package Manager] Server::EnsureServerProcessIsRunning -- launch failed, reason: Unity was launched with the -noUpm command-line argument
[Package Manager] UpmClient::Send -- Unable to send message (not connected to UPM process).
[Package Manager] Cannot connect to Unity Package Manager local server
Mono: successfully reloaded assembly
[Package Manager] Server::EnsureServerProcessIsRunning -- launch failed, reason: Unity was launched with the -noUpm command-line argument
[Package Manager] UpmClient::Send -- Unable to send message (not connected to UPM process).
[Package Manager] Cannot connect to Unity Package Manager local server
- Finished resetting the current domain, in  0.646 seconds
Domain Reload Profiling: 1096ms
	BeginReloadAssembly (132ms)
		ExecutionOrderSort (0ms)
		DisableScriptedObjects (4ms)
		BackupInstance (0ms)
		ReleaseScriptingObjects (0ms)
		CreateAndSetChildDomain (40ms)
	RebuildCommonClasses (33ms)
	RebuildNativeTypeToScriptingClass (9ms)
	initialDomainReloadingComplete (33ms)
	LoadAllAssembliesAndSetupDomain (243ms)
		LoadAssemblies (271ms)
		RebuildTransferFunctionScriptingTraits (0ms)
		AnalyzeDomain (28ms)
			TypeCache.Refresh (10ms)
				TypeCache.ScanAssembly (0ms)
			ScanForSourceGeneratedMonoScriptInfo (9ms)
			ResolveRequiredComponents (8ms)
	FinalizeReload (646ms)
		ReleaseScriptCaches (0ms)
		RebuildScriptCaches (0ms)
		SetupLoadedEditorAssemblies (396ms)
			LogAssemblyErrors (0ms)
			InitializePlatformSupportModulesInManaged (39ms)
			SetLoadedEditorAssemblies (4ms)
			RefreshPlugins (0ms)
			BeforeProcessingInitializeOnLoad (65ms)
			ProcessInitializeOnLoadAttributes (260ms)
			ProcessInitializeOnLoadMethodAttributes (26ms)
			AfterProcessingInitializeOnLoad (3ms)
			EditorAssembliesLoaded (0ms)
		ExecutionOrderSort2 (0ms)
		AwakeInstancesAfterBackupRestoration (3ms)
Refreshing native plugins compatible for Editor in 0.84 ms, found 2 plugins.
Preloading 0 native plugins for Editor in 0.00 ms.
Unloading 3926 Unused Serialized files (Serialized files now loaded: 0)
Unloading 16 unused Assets / (29.0 KB). Loaded Objects now: 4526.
Memory consumption went from 133.0 MB to 133.0 MB.
Total: 3.787682 ms (FindLiveObjects: 0.268769 ms CreateObjectMapping: 0.112394 ms MarkObjects: 3.319229 ms  DeleteObjects: 0.085466 ms)

Prepare: number of updated asset objects reloaded= 0
AssetImportParameters requested are different than current active one (requested -> active):
  custom:container-demuxer-ogg: 62fdf1f143b41e24485cea50d1cbac27 -> 
  custom:scripting/monoscript/fileName/JointStateSubscriber.cs: a16c1fe57f836fb4ab55d7fecb5b9d6e -> 4dedc4a66c6e67481e12c8a20eda7a17
  custom:scripting/monoscript/fileName/UnityColorMsg.cs: dee5fdaf0f0de34c3b8a304af96f20a0 -> c0b80ff3cf83e3d05b0ba4f2f77d5b19
  custom:scripting/monoscript/fileName/ObjectPoseServiceRequest.cs: e8340b02528bd576f46ab0e8d32803a5 -> ac96913d6908110a6abd1a7bba739457
  custom:video-decoder-ogg-theora: a1e56fd34408186e4bbccfd4996cb3dc -> 
  custom:scripting/monoscript/fileName/CartesianInputMover.cs: 6e481e4dc4a81911d4aac901246306ea -> 352cebde0451330d3418c9b8170d7770
  custom:scripting/monoscript/fileName/PositionServiceRequest.cs: 604b7350a1923a5a9bd709fbb0ec64de -> 1b5332691515ff45a4b7b160d7af40cc
  custom:CustomObjectIndexerAttribute: 232f87dd983dbecb2a4e21e08eb2cef8 -> 
  custom:container-demuxer-webm: 4f35f7cbe854078d1ac9338744f61a02 -> 
  custom:container-muxer-webm: aa71ff27fc2769a1b78a27578f13a17b -> 
  custom:scripting/monoscript/fileName/CustomIKController.cs: 4df3f7e13d73c56e2a7133001d6862b9 -> 68a62c82b227cef8c0cb62a145e583d8
  custom:video-decoder-webm-vp8: 9c59270c3fd7afecdb556c50c9e8de78 -> 
  custom:SearchIndexIgnoredProperties: e643bd26f0fe6173181afceb89e7c659 -> 
  custom:AudioImporter_EditorPlatform: 2f0ff77a95e0ac474e3e8eeba4e2f7cb -> 
  custom:scripting/monoscript/fileName/PositionServiceResponse.cs: eb8b35c8ccd425d6366d4a98c4e4b483 -> 14d8e1b7be2a90ffc11a47ff3676c47b
  custom:video-encoder-webm-vp8: eb34c28f22e8b96e1ab97ce403110664 -> 
  custom:audio-decoder-ogg-vorbis: bf7c407c2cedff20999df2af8eb42d56 -> 
  custom:scripting/monoscript/fileName/ObjectPoseServiceResponse.cs: 4835040a06592c037884d4ea1d5f8d63 -> 620467b7faa0547d7a2c3511e9703be2
  custom:scripting/monoscript/fileName/PosRotMsg.cs: abd368e715fc1c890b3798a7625cedb4 -> 37cbb950fd8d559e159b3f7c4a713652
  custom:audio-encoder-webm-vorbis: bf7c407c2cedff20999df2af8eb42d56 -> 
  custom:scripting/precompiled-assembly-types:Assembly-CSharp: c02ce6627e6b1d98d98e0d8dc1afacfc -> 8ca404f8a24693e23426b57e83396e6b
========================================================================
Received Prepare
Caller must complete domain reload
Begin MonoManager ReloadAssembly
- Loaded All Assemblies, in  0.356 seconds
Native extension for LinuxStandalone target not found
Native extension for Android target not found
[Package Manager] Server::EnsureServerProcessIsRunning -- launch failed, reason: Unity was launched with the -noUpm command-line argument
[Package Manager] UpmClient::Send -- Unable to send message (not connected to UPM process).
[Package Manager] Cannot connect to Unity Package Manager local server
Mono: successfully reloaded assembly
[Package Manager] Server::EnsureServerProcessIsRunning -- launch failed, reason: Unity was launched with the -noUpm command-line argument
[Package Manager] UpmClient::Send -- Unable to send message (not connected to UPM process).
[Package Manager] Cannot connect to Unity Package Manager local server
- Finished resetting the current domain, in  0.532 seconds
Domain Reload Profiling: 888ms
	BeginReloadAssembly (119ms)
		ExecutionOrderSort (0ms)
		DisableScriptedObjects (4ms)
		BackupInstance (0ms)
		ReleaseScriptingObjects (0ms)
		CreateAndSetChildDomain (35ms)
	RebuildCommonClasses (35ms)
	RebuildNativeTypeToScriptingClass (10ms)
	initialDomainReloadingComplete (30ms)
	LoadAllAssembliesAndSetupDomain (161ms)
		LoadAssemblies (203ms)
		RebuildTransferFunctionScriptingTraits (0ms)
		AnalyzeDomain (13ms)
			TypeCache.Refresh (7ms)
				TypeCache.ScanAssembly (0ms)
			ScanForSourceGeneratedMonoScriptInfo (0ms)
			ResolveRequiredComponents (6ms)
	FinalizeReload (533ms)
		ReleaseScriptCaches (0ms)
		RebuildScriptCaches (0ms)
		SetupLoadedEditorAssemblies (308ms)
			LogAssemblyErrors (0ms)
			InitializePlatformSupportModulesInManaged (35ms)
			SetLoadedEditorAssemblies (3ms)
			RefreshPlugins (0ms)
			BeforeProcessingInitializeOnLoad (46ms)
			ProcessInitializeOnLoadAttributes (191ms)
			ProcessInitializeOnLoadMethodAttributes (30ms)
			AfterProcessingInitializeOnLoad (3ms)
			EditorAssembliesLoaded (0ms)
		ExecutionOrderSort2 (0ms)
		AwakeInstancesAfterBackupRestoration (4ms)
Refreshing native plugins compatible for Editor in 1.00 ms, found 2 plugins.
Preloading 0 native plugins for Editor in 0.00 ms.
Unloading 3926 Unused Serialized files (Serialized files now loaded: 0)
Unloading 16 unused Assets / (29.0 KB). Loaded Objects now: 4530.
Memory consumption went from 133.0 MB to 133.0 MB.
Total: 4.188462 ms (FindLiveObjects: 0.417356 ms CreateObjectMapping: 0.175980 ms MarkObjects: 3.522831 ms  DeleteObjects: 0.070452 ms)

Prepare: number of updated asset objects reloaded= 0
AssetImportParameters requested are different than current active one (requested -> active):
  custom:container-demuxer-ogg: 62fdf1f143b41e24485cea50d1cbac27 -> 
  custom:scripting/monoscript/fileName/JointStateSubscriber.cs: a16c1fe57f836fb4ab55d7fecb5b9d6e -> 4dedc4a66c6e67481e12c8a20eda7a17
  custom:scripting/monoscript/fileName/UnityColorMsg.cs: dee5fdaf0f0de34c3b8a304af96f20a0 -> c0b80ff3cf83e3d05b0ba4f2f77d5b19
  custom:scripting/monoscript/fileName/ObjectPoseServiceRequest.cs: e8340b02528bd576f46ab0e8d32803a5 -> ac96913d6908110a6abd1a7bba739457
  custom:video-decoder-ogg-theora: a1e56fd34408186e4bbccfd4996cb3dc -> 
  custom:scripting/monoscript/fileName/CartesianInputMover.cs: 6e481e4dc4a81911d4aac901246306ea -> 352cebde0451330d3418c9b8170d7770
  custom:scripting/monoscript/fileName/PositionServiceRequest.cs: 604b7350a1923a5a9bd709fbb0ec64de -> 1b5332691515ff45a4b7b160d7af40cc
  custom:CustomObjectIndexerAttribute: 232f87dd983dbecb2a4e21e08eb2cef8 -> 
  custom:container-demuxer-webm: 4f35f7cbe854078d1ac9338744f61a02 -> 
  custom:container-muxer-webm: aa71ff27fc2769a1b78a27578f13a17b -> 
  custom:scripting/monoscript/fileName/CustomIKController.cs: 4df3f7e13d73c56e2a7133001d6862b9 -> 68a62c82b227cef8c0cb62a145e583d8
  custom:video-decoder-webm-vp8: 9c59270c3fd7afecdb556c50c9e8de78 -> 
  custom:SearchIndexIgnoredProperties: e643bd26f0fe6173181afceb89e7c659 -> 
  custom:AudioImporter_EditorPlatform: 2f0ff77a95e0ac474e3e8eeba4e2f7cb -> 
  custom:scripting/monoscript/fileName/PositionServiceResponse.cs: eb8b35c8ccd425d6366d4a98c4e4b483 -> 14d8e1b7be2a90ffc11a47ff3676c47b
  custom:video-encoder-webm-vp8: eb34c28f22e8b96e1ab97ce403110664 -> 
  custom:audio-decoder-ogg-vorbis: bf7c407c2cedff20999df2af8eb42d56 -> 
  custom:scripting/monoscript/fileName/ObjectPoseServiceResponse.cs: 4835040a06592c037884d4ea1d5f8d63 -> 620467b7faa0547d7a2c3511e9703be2
  custom:scripting/monoscript/fileName/PosRotMsg.cs: abd368e715fc1c890b3798a7625cedb4 -> 37cbb950fd8d559e159b3f7c4a713652
  custom:audio-encoder-webm-vorbis: bf7c407c2cedff20999df2af8eb42d56 -> 
  custom:scripting/precompiled-assembly-types:Assembly-CSharp: c02ce6627e6b1d98d98e0d8dc1afacfc -> 8ca404f8a24693e23426b57e83396e6b
========================================================================
Received Prepare
Caller must complete domain reload
Begin MonoManager ReloadAssembly
- Loaded All Assemblies, in  0.356 seconds
Native extension for LinuxStandalone target not found
Native extension for Android target not found
[Package Manager] Server::EnsureServerProcessIsRunning -- launch failed, reason: Unity was launched with the -noUpm command-line argument
[Package Manager] UpmClient::Send -- Unable to send message (not connected to UPM process).
[Package Manager] Cannot connect to Unity Package Manager local server
Mono: successfully reloaded assembly
[Package Manager] Server::EnsureServerProcessIsRunning -- launch failed, reason: Unity was launched with the -noUpm command-line argument
[Package Manager] UpmClient::Send -- Unable to send message (not connected to UPM process).
[Package Manager] Cannot connect to Unity Package Manager local server
- Finished resetting the current domain, in  0.518 seconds
Domain Reload Profiling: 874ms
	BeginReloadAssembly (125ms)
		ExecutionOrderSort (0ms)
		DisableScriptedObjects (4ms)
		BackupInstance (0ms)
		ReleaseScriptingObjects (0ms)
		CreateAndSetChildDomain (36ms)
	RebuildCommonClasses (34ms)
	RebuildNativeTypeToScriptingClass (9ms)
	initialDomainReloadingComplete (24ms)
	LoadAllAssembliesAndSetupDomain (165ms)
		LoadAssemblies (200ms)
		RebuildTransferFunctionScriptingTraits (0ms)
		AnalyzeDomain (20ms)
			TypeCache.Refresh (8ms)
				TypeCache.ScanAssembly (0ms)
			ScanForSourceGeneratedMonoScriptInfo (6ms)
			ResolveRequiredComponents (5ms)
	FinalizeReload (518ms)
		ReleaseScriptCaches (0ms)
		RebuildScriptCaches (0ms)
		SetupLoadedEditorAssemblies (305ms)
			LogAssemblyErrors (0ms)
			InitializePlatformSupportModulesInManaged (37ms)
			SetLoadedEditorAssemblies (4ms)
			RefreshPlugins (0ms)
			BeforeProcessingInitializeOnLoad (54ms)
			ProcessInitializeOnLoadAttributes (182ms)
			ProcessInitializeOnLoadMethodAttributes (26ms)
			AfterProcessingInitializeOnLoad (2ms)
			EditorAssembliesLoaded (0ms)
		ExecutionOrderSort2 (0ms)
		AwakeInstancesAfterBackupRestoration (3ms)
Refreshing native plugins compatible for Editor in 1.00 ms, found 2 plugins.
Preloading 0 native plugins for Editor in 0.00 ms.
Unloading 3926 Unused Serialized files (Serialized files now loaded: 0)
Unloading 16 unused Assets / (29.0 KB). Loaded Objects now: 4534.
Memory consumption went from 133.0 MB to 133.0 MB.
Total: 4.527158 ms (FindLiveObjects: 0.392566 ms CreateObjectMapping: 0.172978 ms MarkObjects: 3.883970 ms  DeleteObjects: 0.075760 ms)

Prepare: number of updated asset objects reloaded= 0
AssetImportParameters requested are different than current active one (requested -> active):
  custom:container-demuxer-ogg: 62fdf1f143b41e24485cea50d1cbac27 -> 
  custom:scripting/monoscript/fileName/JointStateSubscriber.cs: a16c1fe57f836fb4ab55d7fecb5b9d6e -> 4dedc4a66c6e67481e12c8a20eda7a17
  custom:scripting/monoscript/fileName/UnityColorMsg.cs: dee5fdaf0f0de34c3b8a304af96f20a0 -> c0b80ff3cf83e3d05b0ba4f2f77d5b19
  custom:scripting/monoscript/fileName/ObjectPoseServiceRequest.cs: e8340b02528bd576f46ab0e8d32803a5 -> ac96913d6908110a6abd1a7bba739457
  custom:video-decoder-ogg-theora: a1e56fd34408186e4bbccfd4996cb3dc -> 
  custom:scripting/monoscript/fileName/CartesianInputMover.cs: 6e481e4dc4a81911d4aac901246306ea -> 352cebde0451330d3418c9b8170d7770
  custom:scripting/monoscript/fileName/PositionServiceRequest.cs: 604b7350a1923a5a9bd709fbb0ec64de -> 1b5332691515ff45a4b7b160d7af40cc
  custom:CustomObjectIndexerAttribute: 232f87dd983dbecb2a4e21e08eb2cef8 -> 
  custom:container-demuxer-webm: 4f35f7cbe854078d1ac9338744f61a02 -> 
  custom:container-muxer-webm: aa71ff27fc2769a1b78a27578f13a17b -> 
  custom:scripting/monoscript/fileName/CustomIKController.cs: 4df3f7e13d73c56e2a7133001d6862b9 -> 68a62c82b227cef8c0cb62a145e583d8
  custom:video-decoder-webm-vp8: 9c59270c3fd7afecdb556c50c9e8de78 -> 
  custom:SearchIndexIgnoredProperties: e643bd26f0fe6173181afceb89e7c659 -> 
  custom:AudioImporter_EditorPlatform: 2f0ff77a95e0ac474e3e8eeba4e2f7cb -> 
  custom:scripting/monoscript/fileName/PositionServiceResponse.cs: eb8b35c8ccd425d6366d4a98c4e4b483 -> 14d8e1b7be2a90ffc11a47ff3676c47b
  custom:video-encoder-webm-vp8: eb34c28f22e8b96e1ab97ce403110664 -> 
  custom:audio-decoder-ogg-vorbis: bf7c407c2cedff20999df2af8eb42d56 -> 
  custom:scripting/monoscript/fileName/ObjectPoseServiceResponse.cs: 4835040a06592c037884d4ea1d5f8d63 -> 620467b7faa0547d7a2c3511e9703be2
  custom:scripting/monoscript/fileName/PosRotMsg.cs: abd368e715fc1c890b3798a7625cedb4 -> 37cbb950fd8d559e159b3f7c4a713652
  custom:audio-encoder-webm-vorbis: bf7c407c2cedff20999df2af8eb42d56 -> 
  custom:scripting/precompiled-assembly-types:Assembly-CSharp: c02ce6627e6b1d98d98e0d8dc1afacfc -> 8ca404f8a24693e23426b57e83396e6b
========================================================================
Received Prepare
Caller must complete domain reload
Begin MonoManager ReloadAssembly
- Loaded All Assemblies, in  0.376 seconds
Native extension for LinuxStandalone target not found
Native extension for Android target not found
[Package Manager] Server::EnsureServerProcessIsRunning -- launch failed, reason: Unity was launched with the -noUpm command-line argument
[Package Manager] UpmClient::Send -- Unable to send message (not connected to UPM process).
[Package Manager] Cannot connect to Unity Package Manager local server
Mono: successfully reloaded assembly
[Package Manager] Server::EnsureServerProcessIsRunning -- launch failed, reason: Unity was launched with the -noUpm command-line argument
[Package Manager] UpmClient::Send -- Unable to send message (not connected to UPM process).
[Package Manager] Cannot connect to Unity Package Manager local server
- Finished resetting the current domain, in  0.719 seconds
Domain Reload Profiling: 1096ms
	BeginReloadAssembly (106ms)
		ExecutionOrderSort (0ms)
		DisableScriptedObjects (4ms)
		BackupInstance (0ms)
		ReleaseScriptingObjects (0ms)
		CreateAndSetChildDomain (35ms)
	RebuildCommonClasses (25ms)
	RebuildNativeTypeToScriptingClass (6ms)
	initialDomainReloadingComplete (22ms)
	LoadAllAssembliesAndSetupDomain (217ms)
		LoadAssemblies (242ms)
		RebuildTransferFunctionScriptingTraits (0ms)
		AnalyzeDomain (17ms)
			TypeCache.Refresh (7ms)
				TypeCache.ScanAssembly (0ms)
			ScanForSourceGeneratedMonoScriptInfo (0ms)
			ResolveRequiredComponents (8ms)
	FinalizeReload (720ms)
		ReleaseScriptCaches (0ms)
		RebuildScriptCaches (0ms)
		SetupLoadedEditorAssemblies (432ms)
			LogAssemblyErrors (0ms)
			InitializePlatformSupportModulesInManaged (40ms)
			SetLoadedEditorAssemblies (4ms)
			RefreshPlugins (0ms)
			BeforeProcessingInitializeOnLoad (68ms)
			ProcessInitializeOnLoadAttributes (267ms)
			ProcessInitializeOnLoadMethodAttributes (48ms)
			AfterProcessingInitializeOnLoad (5ms)
			EditorAssembliesLoaded (0ms)
		ExecutionOrderSort2 (0ms)
		AwakeInstancesAfterBackupRestoration (5ms)
Refreshing native plugins compatible for Editor in 0.92 ms, found 2 plugins.
Preloading 0 native plugins for Editor in 0.00 ms.
Unloading 3926 Unused Serialized files (Serialized files now loaded: 0)
Unloading 16 unused Assets / (29.0 KB). Loaded Objects now: 4538.
Memory consumption went from 133.1 MB to 133.0 MB.
Total: 4.657468 ms (FindLiveObjects: 0.372371 ms CreateObjectMapping: 0.178503 ms MarkObjects: 4.010258 ms  DeleteObjects: 0.094614 ms)

Prepare: number of updated asset objects reloaded= 0
AssetImportParameters requested are different than current active one (requested -> active):
  custom:container-demuxer-ogg: 62fdf1f143b41e24485cea50d1cbac27 -> 
  custom:scripting/monoscript/fileName/JointStateSubscriber.cs: a16c1fe57f836fb4ab55d7fecb5b9d6e -> 4dedc4a66c6e67481e12c8a20eda7a17
  custom:scripting/monoscript/fileName/UnityColorMsg.cs: dee5fdaf0f0de34c3b8a304af96f20a0 -> c0b80ff3cf83e3d05b0ba4f2f77d5b19
  custom:scripting/monoscript/fileName/ObjectPoseServiceRequest.cs: e8340b02528bd576f46ab0e8d32803a5 -> ac96913d6908110a6abd1a7bba739457
  custom:video-decoder-ogg-theora: a1e56fd34408186e4bbccfd4996cb3dc -> 
  custom:scripting/monoscript/fileName/CartesianInputMover.cs: 6e481e4dc4a81911d4aac901246306ea -> 352cebde0451330d3418c9b8170d7770
  custom:scripting/monoscript/fileName/PositionServiceRequest.cs: 604b7350a1923a5a9bd709fbb0ec64de -> 1b5332691515ff45a4b7b160d7af40cc
  custom:CustomObjectIndexerAttribute: 232f87dd983dbecb2a4e21e08eb2cef8 -> 
  custom:container-demuxer-webm: 4f35f7cbe854078d1ac9338744f61a02 -> 
  custom:container-muxer-webm: aa71ff27fc2769a1b78a27578f13a17b -> 
  custom:scripting/monoscript/fileName/CustomIKController.cs: 4df3f7e13d73c56e2a7133001d6862b9 -> 68a62c82b227cef8c0cb62a145e583d8
  custom:video-decoder-webm-vp8: 9c59270c3fd7afecdb556c50c9e8de78 -> 
  custom:SearchIndexIgnoredProperties: e643bd26f0fe6173181afceb89e7c659 -> 
  custom:AudioImporter_EditorPlatform: 2f0ff77a95e0ac474e3e8eeba4e2f7cb -> 
  custom:scripting/monoscript/fileName/PositionServiceResponse.cs: eb8b35c8ccd425d6366d4a98c4e4b483 -> 14d8e1b7be2a90ffc11a47ff3676c47b
  custom:video-encoder-webm-vp8: eb34c28f22e8b96e1ab97ce403110664 -> 
  custom:audio-decoder-ogg-vorbis: bf7c407c2cedff20999df2af8eb42d56 -> 
  custom:scripting/monoscript/fileName/ObjectPoseServiceResponse.cs: 4835040a06592c037884d4ea1d5f8d63 -> 620467b7faa0547d7a2c3511e9703be2
  custom:scripting/monoscript/fileName/PosRotMsg.cs: abd368e715fc1c890b3798a7625cedb4 -> 37cbb950fd8d559e159b3f7c4a713652
  custom:audio-encoder-webm-vorbis: bf7c407c2cedff20999df2af8eb42d56 -> 
  custom:scripting/precompiled-assembly-types:Assembly-CSharp: c02ce6627e6b1d98d98e0d8dc1afacfc -> 8ca404f8a24693e23426b57e83396e6b
========================================================================
Received Prepare
Caller must complete domain reload
Begin MonoManager ReloadAssembly
- Loaded All Assemblies, in  0.386 seconds
Native extension for LinuxStandalone target not found
Native extension for Android target not found
[Package Manager] Server::EnsureServerProcessIsRunning -- launch failed, reason: Unity was launched with the -noUpm command-line argument
[Package Manager] UpmClient::Send -- Unable to send message (not connected to UPM process).
[Package Manager] Cannot connect to Unity Package Manager local server
Mono: successfully reloaded assembly
[Package Manager] Server::EnsureServerProcessIsRunning -- launch failed, reason: Unity was launched with the -noUpm command-line argument
[Package Manager] UpmClient::Send -- Unable to send message (not connected to UPM process).
[Package Manager] Cannot connect to Unity Package Manager local server
- Finished resetting the current domain, in  0.577 seconds
Domain Reload Profiling: 962ms
	BeginReloadAssembly (129ms)
		ExecutionOrderSort (0ms)
		DisableScriptedObjects (4ms)
		BackupInstance (0ms)
		ReleaseScriptingObjects (0ms)
		CreateAndSetChildDomain (38ms)
	RebuildCommonClasses (35ms)
	RebuildNativeTypeToScriptingClass (10ms)
	initialDomainReloadingComplete (35ms)
	LoadAllAssembliesAndSetupDomain (176ms)
		LoadAssemblies (219ms)
		RebuildTransferFunctionScriptingTraits (0ms)
		AnalyzeDomain (13ms)
			TypeCache.Refresh (6ms)
				TypeCache.ScanAssembly (0ms)
			ScanForSourceGeneratedMonoScriptInfo (0ms)
			ResolveRequiredComponents (6ms)
	FinalizeReload (577ms)
		ReleaseScriptCaches (0ms)
		RebuildScriptCaches (0ms)
		SetupLoadedEditorAssemblies (345ms)
			LogAssemblyErrors (0ms)
			InitializePlatformSupportModulesInManaged (37ms)
			SetLoadedEditorAssemblies (4ms)
			RefreshPlugins (0ms)
			BeforeProcessingInitializeOnLoad (46ms)
			ProcessInitializeOnLoadAttributes (219ms)
			ProcessInitializeOnLoadMethodAttributes (35ms)
			AfterProcessingInitializeOnLoad (3ms)
			EditorAssembliesLoaded (0ms)
		ExecutionOrderSort2 (0ms)
		AwakeInstancesAfterBackupRestoration (4ms)
Refreshing native plugins compatible for Editor in 1.06 ms, found 2 plugins.
Preloading 0 native plugins for Editor in 0.00 ms.
Unloading 3926 Unused Serialized files (Serialized files now loaded: 0)
Unloading 16 unused Assets / (28.9 KB). Loaded Objects now: 4542.
Memory consumption went from 133.1 MB to 133.0 MB.
Total: 4.352807 ms (FindLiveObjects: 0.427195 ms CreateObjectMapping: 0.180494 ms MarkObjects: 3.667467 ms  DeleteObjects: 0.076217 ms)

Prepare: number of updated asset objects reloaded= 0
AssetImportParameters requested are different than current active one (requested -> active):
  custom:container-demuxer-ogg: 62fdf1f143b41e24485cea50d1cbac27 -> 
  custom:scripting/monoscript/fileName/JointStateSubscriber.cs: a16c1fe57f836fb4ab55d7fecb5b9d6e -> 4dedc4a66c6e67481e12c8a20eda7a17
  custom:scripting/monoscript/fileName/UnityColorMsg.cs: dee5fdaf0f0de34c3b8a304af96f20a0 -> c0b80ff3cf83e3d05b0ba4f2f77d5b19
  custom:scripting/monoscript/fileName/ObjectPoseServiceRequest.cs: e8340b02528bd576f46ab0e8d32803a5 -> ac96913d6908110a6abd1a7bba739457
  custom:video-decoder-ogg-theora: a1e56fd34408186e4bbccfd4996cb3dc -> 
  custom:scripting/monoscript/fileName/CartesianInputMover.cs: 6e481e4dc4a81911d4aac901246306ea -> 352cebde0451330d3418c9b8170d7770
  custom:scripting/monoscript/fileName/PositionServiceRequest.cs: 604b7350a1923a5a9bd709fbb0ec64de -> 1b5332691515ff45a4b7b160d7af40cc
  custom:CustomObjectIndexerAttribute: 232f87dd983dbecb2a4e21e08eb2cef8 -> 
  custom:container-demuxer-webm: 4f35f7cbe854078d1ac9338744f61a02 -> 
  custom:container-muxer-webm: aa71ff27fc2769a1b78a27578f13a17b -> 
  custom:scripting/monoscript/fileName/CustomIKController.cs: 4df3f7e13d73c56e2a7133001d6862b9 -> 68a62c82b227cef8c0cb62a145e583d8
  custom:video-decoder-webm-vp8: 9c59270c3fd7afecdb556c50c9e8de78 -> 
  custom:SearchIndexIgnoredProperties: e643bd26f0fe6173181afceb89e7c659 -> 
  custom:AudioImporter_EditorPlatform: 2f0ff77a95e0ac474e3e8eeba4e2f7cb -> 
  custom:scripting/monoscript/fileName/PositionServiceResponse.cs: eb8b35c8ccd425d6366d4a98c4e4b483 -> 14d8e1b7be2a90ffc11a47ff3676c47b
  custom:video-encoder-webm-vp8: eb34c28f22e8b96e1ab97ce403110664 -> 
  custom:audio-decoder-ogg-vorbis: bf7c407c2cedff20999df2af8eb42d56 -> 
  custom:scripting/monoscript/fileName/ObjectPoseServiceResponse.cs: 4835040a06592c037884d4ea1d5f8d63 -> 620467b7faa0547d7a2c3511e9703be2
  custom:scripting/monoscript/fileName/PosRotMsg.cs: abd368e715fc1c890b3798a7625cedb4 -> 37cbb950fd8d559e159b3f7c4a713652
  custom:audio-encoder-webm-vorbis: bf7c407c2cedff20999df2af8eb42d56 -> 
  custom:scripting/precompiled-assembly-types:Assembly-CSharp: c02ce6627e6b1d98d98e0d8dc1afacfc -> 8ca404f8a24693e23426b57e83396e6b
========================================================================
Received Prepare
Caller must complete domain reload
Begin MonoManager ReloadAssembly
- Loaded All Assemblies, in  0.644 seconds
Native extension for LinuxStandalone target not found
Native extension for Android target not found
[Package Manager] Server::EnsureServerProcessIsRunning -- launch failed, reason: Unity was launched with the -noUpm command-line argument
[Package Manager] UpmClient::Send -- Unable to send message (not connected to UPM process).
[Package Manager] Cannot connect to Unity Package Manager local server
Mono: successfully reloaded assembly
[Package Manager] Server::EnsureServerProcessIsRunning -- launch failed, reason: Unity was launched with the -noUpm command-line argument
[Package Manager] UpmClient::Send -- Unable to send message (not connected to UPM process).
[Package Manager] Cannot connect to Unity Package Manager local server
- Finished resetting the current domain, in  0.961 seconds
Domain Reload Profiling: 1603ms
	BeginReloadAssembly (180ms)
		ExecutionOrderSort (0ms)
		DisableScriptedObjects (6ms)
		BackupInstance (0ms)
		ReleaseScriptingObjects (0ms)
		CreateAndSetChildDomain (57ms)
	RebuildCommonClasses (56ms)
	RebuildNativeTypeToScriptingClass (15ms)
	initialDomainReloadingComplete (48ms)
	LoadAllAssembliesAndSetupDomain (343ms)
		LoadAssemblies (401ms)
		RebuildTransferFunctionScriptingTraits (0ms)
		AnalyzeDomain (24ms)
			TypeCache.Refresh (11ms)
				TypeCache.ScanAssembly (0ms)
			ScanForSourceGeneratedMonoScriptInfo (0ms)
			ResolveRequiredComponents (12ms)
	FinalizeReload (962ms)
		ReleaseScriptCaches (0ms)
		RebuildScriptCaches (0ms)
		SetupLoadedEditorAssemblies (590ms)
			LogAssemblyErrors (0ms)
			InitializePlatformSupportModulesInManaged (58ms)
			SetLoadedEditorAssemblies (6ms)
			RefreshPlugins (0ms)
			BeforeProcessingInitializeOnLoad (99ms)
			ProcessInitializeOnLoadAttributes (366ms)
			ProcessInitializeOnLoadMethodAttributes (57ms)
			AfterProcessingInitializeOnLoad (4ms)
			EditorAssembliesLoaded (0ms)
		ExecutionOrderSort2 (0ms)
		AwakeInstancesAfterBackupRestoration (6ms)
Refreshing native plugins compatible for Editor in 1.72 ms, found 2 plugins.
Preloading 0 native plugins for Editor in 0.00 ms.
Unloading 3926 Unused Serialized files (Serialized files now loaded: 0)
Unloading 16 unused Assets / (29.0 KB). Loaded Objects now: 4546.
Memory consumption went from 133.1 MB to 133.0 MB.
Total: 5.260351 ms (FindLiveObjects: 0.388722 ms CreateObjectMapping: 0.164737 ms MarkObjects: 4.420301 ms  DeleteObjects: 0.282655 ms)

Prepare: number of updated asset objects reloaded= 0
AssetImportParameters requested are different than current active one (requested -> active):
  custom:container-demuxer-ogg: 62fdf1f143b41e24485cea50d1cbac27 -> 
  custom:scripting/monoscript/fileName/JointStateSubscriber.cs: a16c1fe57f836fb4ab55d7fecb5b9d6e -> 4dedc4a66c6e67481e12c8a20eda7a17
  custom:scripting/monoscript/fileName/UnityColorMsg.cs: dee5fdaf0f0de34c3b8a304af96f20a0 -> c0b80ff3cf83e3d05b0ba4f2f77d5b19
  custom:scripting/monoscript/fileName/ObjectPoseServiceRequest.cs: e8340b02528bd576f46ab0e8d32803a5 -> ac96913d6908110a6abd1a7bba739457
  custom:video-decoder-ogg-theora: a1e56fd34408186e4bbccfd4996cb3dc -> 
  custom:scripting/monoscript/fileName/CartesianInputMover.cs: 6e481e4dc4a81911d4aac901246306ea -> 352cebde0451330d3418c9b8170d7770
  custom:scripting/monoscript/fileName/PositionServiceRequest.cs: 604b7350a1923a5a9bd709fbb0ec64de -> 1b5332691515ff45a4b7b160d7af40cc
  custom:CustomObjectIndexerAttribute: 232f87dd983dbecb2a4e21e08eb2cef8 -> 
  custom:container-demuxer-webm: 4f35f7cbe854078d1ac9338744f61a02 -> 
  custom:container-muxer-webm: aa71ff27fc2769a1b78a27578f13a17b -> 
  custom:scripting/monoscript/fileName/CustomIKController.cs: 4df3f7e13d73c56e2a7133001d6862b9 -> 68a62c82b227cef8c0cb62a145e583d8
  custom:video-decoder-webm-vp8: 9c59270c3fd7afecdb556c50c9e8de78 -> 
  custom:SearchIndexIgnoredProperties: e643bd26f0fe6173181afceb89e7c659 -> 
  custom:AudioImporter_EditorPlatform: 2f0ff77a95e0ac474e3e8eeba4e2f7cb -> 
  custom:scripting/monoscript/fileName/PositionServiceResponse.cs: eb8b35c8ccd425d6366d4a98c4e4b483 -> 14d8e1b7be2a90ffc11a47ff3676c47b
  custom:video-encoder-webm-vp8: eb34c28f22e8b96e1ab97ce403110664 -> 
  custom:audio-decoder-ogg-vorbis: bf7c407c2cedff20999df2af8eb42d56 -> 
  custom:scripting/monoscript/fileName/ObjectPoseServiceResponse.cs: 4835040a06592c037884d4ea1d5f8d63 -> 620467b7faa0547d7a2c3511e9703be2
  custom:scripting/monoscript/fileName/PosRotMsg.cs: abd368e715fc1c890b3798a7625cedb4 -> 37cbb950fd8d559e159b3f7c4a713652
  custom:audio-encoder-webm-vorbis: bf7c407c2cedff20999df2af8eb42d56 -> 
  custom:scripting/precompiled-assembly-types:Assembly-CSharp: c02ce6627e6b1d98d98e0d8dc1afacfc -> 8ca404f8a24693e23426b57e83396e6b
========================================================================
Received Prepare
Caller must complete domain reload
Begin MonoManager ReloadAssembly
- Loaded All Assemblies, in  0.594 seconds
Native extension for LinuxStandalone target not found
Native extension for Android target not found
[Package Manager] Server::EnsureServerProcessIsRunning -- launch failed, reason: Unity was launched with the -noUpm command-line argument
[Package Manager] UpmClient::Send -- Unable to send message (not connected to UPM process).
[Package Manager] Cannot connect to Unity Package Manager local server
Mono: successfully reloaded assembly
[Package Manager] Server::EnsureServerProcessIsRunning -- launch failed, reason: Unity was launched with the -noUpm command-line argument
[Package Manager] UpmClient::Send -- Unable to send message (not connected to UPM process).
[Package Manager] Cannot connect to Unity Package Manager local server
- Finished resetting the current domain, in  0.953 seconds
Domain Reload Profiling: 1547ms
	BeginReloadAssembly (194ms)
		ExecutionOrderSort (0ms)
		DisableScriptedObjects (9ms)
		BackupInstance (0ms)
		ReleaseScriptingObjects (0ms)
		CreateAndSetChildDomain (62ms)
	RebuildCommonClasses (41ms)
	RebuildNativeTypeToScriptingClass (8ms)
	initialDomainReloadingComplete (32ms)
	LoadAllAssembliesAndSetupDomain (318ms)
		LoadAssemblies (374ms)
		RebuildTransferFunctionScriptingTraits (0ms)
		AnalyzeDomain (25ms)
			TypeCache.Refresh (11ms)
				TypeCache.ScanAssembly (0ms)
			ScanForSourceGeneratedMonoScriptInfo (0ms)
			ResolveRequiredComponents (12ms)
	FinalizeReload (954ms)
		ReleaseScriptCaches (0ms)
		RebuildScriptCaches (0ms)
		SetupLoadedEditorAssemblies (522ms)
			LogAssemblyErrors (0ms)
			InitializePlatformSupportModulesInManaged (53ms)
			SetLoadedEditorAssemblies (4ms)
			RefreshPlugins (0ms)
			BeforeProcessingInitializeOnLoad (69ms)
			ProcessInitializeOnLoadAttributes (341ms)
			ProcessInitializeOnLoadMethodAttributes (49ms)
			AfterProcessingInitializeOnLoad (4ms)
			EditorAssembliesLoaded (0ms)
		ExecutionOrderSort2 (0ms)
		AwakeInstancesAfterBackupRestoration (7ms)
Refreshing native plugins compatible for Editor in 1.32 ms, found 2 plugins.
Preloading 0 native plugins for Editor in 0.00 ms.
Unloading 3926 Unused Serialized files (Serialized files now loaded: 0)
Unloading 16 unused Assets / (29.0 KB). Loaded Objects now: 4550.
Memory consumption went from 133.1 MB to 133.0 MB.
Total: 7.159704 ms (FindLiveObjects: 0.359040 ms CreateObjectMapping: 0.375920 ms MarkObjects: 6.316691 ms  DeleteObjects: 0.105951 ms)

Prepare: number of updated asset objects reloaded= 0
AssetImportParameters requested are different than current active one (requested -> active):
  custom:container-demuxer-ogg: 62fdf1f143b41e24485cea50d1cbac27 -> 
  custom:scripting/monoscript/fileName/JointStateSubscriber.cs: a16c1fe57f836fb4ab55d7fecb5b9d6e -> 4dedc4a66c6e67481e12c8a20eda7a17
  custom:scripting/monoscript/fileName/UnityColorMsg.cs: dee5fdaf0f0de34c3b8a304af96f20a0 -> c0b80ff3cf83e3d05b0ba4f2f77d5b19
  custom:scripting/monoscript/fileName/ObjectPoseServiceRequest.cs: e8340b02528bd576f46ab0e8d32803a5 -> ac96913d6908110a6abd1a7bba739457
  custom:video-decoder-ogg-theora: a1e56fd34408186e4bbccfd4996cb3dc -> 
  custom:scripting/monoscript/fileName/CartesianInputMover.cs: 6e481e4dc4a81911d4aac901246306ea -> 352cebde0451330d3418c9b8170d7770
  custom:scripting/monoscript/fileName/PositionServiceRequest.cs: 604b7350a1923a5a9bd709fbb0ec64de -> 1b5332691515ff45a4b7b160d7af40cc
  custom:CustomObjectIndexerAttribute: 232f87dd983dbecb2a4e21e08eb2cef8 -> 
  custom:container-demuxer-webm: 4f35f7cbe854078d1ac9338744f61a02 -> 
  custom:container-muxer-webm: aa71ff27fc2769a1b78a27578f13a17b -> 
  custom:scripting/monoscript/fileName/CustomIKController.cs: 4df3f7e13d73c56e2a7133001d6862b9 -> 68a62c82b227cef8c0cb62a145e583d8
  custom:video-decoder-webm-vp8: 9c59270c3fd7afecdb556c50c9e8de78 -> 
  custom:SearchIndexIgnoredProperties: e643bd26f0fe6173181afceb89e7c659 -> 
  custom:AudioImporter_EditorPlatform: 2f0ff77a95e0ac474e3e8eeba4e2f7cb -> 
  custom:scripting/monoscript/fileName/PositionServiceResponse.cs: eb8b35c8ccd425d6366d4a98c4e4b483 -> 14d8e1b7be2a90ffc11a47ff3676c47b
  custom:video-encoder-webm-vp8: eb34c28f22e8b96e1ab97ce403110664 -> 
  custom:audio-decoder-ogg-vorbis: bf7c407c2cedff20999df2af8eb42d56 -> 
  custom:scripting/monoscript/fileName/ObjectPoseServiceResponse.cs: 4835040a06592c037884d4ea1d5f8d63 -> 620467b7faa0547d7a2c3511e9703be2
  custom:scripting/monoscript/fileName/PosRotMsg.cs: abd368e715fc1c890b3798a7625cedb4 -> 37cbb950fd8d559e159b3f7c4a713652
  custom:audio-encoder-webm-vorbis: bf7c407c2cedff20999df2af8eb42d56 -> 
  custom:scripting/precompiled-assembly-types:Assembly-CSharp: c02ce6627e6b1d98d98e0d8dc1afacfc -> 8ca404f8a24693e23426b57e83396e6b
========================================================================
Received Prepare
Caller must complete domain reload
Begin MonoManager ReloadAssembly
- Loaded All Assemblies, in  0.570 seconds
Native extension for LinuxStandalone target not found
Native extension for Android target not found
[Package Manager] Server::EnsureServerProcessIsRunning -- launch failed, reason: Unity was launched with the -noUpm command-line argument
[Package Manager] UpmClient::Send -- Unable to send message (not connected to UPM process).
[Package Manager] Cannot connect to Unity Package Manager local server
Mono: successfully reloaded assembly
[Package Manager] Server::EnsureServerProcessIsRunning -- launch failed, reason: Unity was launched with the -noUpm command-line argument
[Package Manager] UpmClient::Send -- Unable to send message (not connected to UPM process).
[Package Manager] Cannot connect to Unity Package Manager local server
- Finished resetting the current domain, in  0.848 seconds
Domain Reload Profiling: 1416ms
	BeginReloadAssembly (197ms)
		ExecutionOrderSort (0ms)
		DisableScriptedObjects (8ms)
		BackupInstance (0ms)
		ReleaseScriptingObjects (0ms)
		CreateAndSetChildDomain (64ms)
	RebuildCommonClasses (55ms)
	RebuildNativeTypeToScriptingClass (14ms)
	initialDomainReloadingComplete (45ms)
	LoadAllAssembliesAndSetupDomain (257ms)
		LoadAssemblies (307ms)
		RebuildTransferFunctionScriptingTraits (0ms)
		AnalyzeDomain (33ms)
			TypeCache.Refresh (10ms)
				TypeCache.ScanAssembly (0ms)
			ScanForSourceGeneratedMonoScriptInfo (10ms)
			ResolveRequiredComponents (10ms)
	FinalizeReload (848ms)
		ReleaseScriptCaches (0ms)
		RebuildScriptCaches (0ms)
		SetupLoadedEditorAssemblies (443ms)
			LogAssemblyErrors (0ms)
			InitializePlatformSupportModulesInManaged (53ms)
			SetLoadedEditorAssemblies (4ms)
			RefreshPlugins (0ms)
			BeforeProcessingInitializeOnLoad (67ms)
			ProcessInitializeOnLoadAttributes (271ms)
			ProcessInitializeOnLoadMethodAttributes (43ms)
			AfterProcessingInitializeOnLoad (4ms)
			EditorAssembliesLoaded (1ms)
		ExecutionOrderSort2 (0ms)
		AwakeInstancesAfterBackupRestoration (6ms)
Refreshing native plugins compatible for Editor in 1.27 ms, found 2 plugins.
Preloading 0 native plugins for Editor in 0.00 ms.
Unloading 3926 Unused Serialized files (Serialized files now loaded: 0)
Unloading 16 unused Assets / (29.0 KB). Loaded Objects now: 4554.
Memory consumption went from 133.1 MB to 133.0 MB.
Total: 5.549045 ms (FindLiveObjects: 0.454172 ms CreateObjectMapping: 0.313590 ms MarkObjects: 4.658196 ms  DeleteObjects: 0.120537 ms)

Prepare: number of updated asset objects reloaded= 0
AssetImportParameters requested are different than current active one (requested -> active):
  custom:container-demuxer-ogg: 62fdf1f143b41e24485cea50d1cbac27 -> 
  custom:scripting/monoscript/fileName/JointStateSubscriber.cs: a16c1fe57f836fb4ab55d7fecb5b9d6e -> 4dedc4a66c6e67481e12c8a20eda7a17
  custom:scripting/monoscript/fileName/UnityColorMsg.cs: dee5fdaf0f0de34c3b8a304af96f20a0 -> c0b80ff3cf83e3d05b0ba4f2f77d5b19
  custom:scripting/monoscript/fileName/ObjectPoseServiceRequest.cs: e8340b02528bd576f46ab0e8d32803a5 -> ac96913d6908110a6abd1a7bba739457
  custom:video-decoder-ogg-theora: a1e56fd34408186e4bbccfd4996cb3dc -> 
  custom:scripting/monoscript/fileName/CartesianInputMover.cs: 6e481e4dc4a81911d4aac901246306ea -> 352cebde0451330d3418c9b8170d7770
  custom:scripting/monoscript/fileName/PositionServiceRequest.cs: 604b7350a1923a5a9bd709fbb0ec64de -> 1b5332691515ff45a4b7b160d7af40cc
  custom:CustomObjectIndexerAttribute: 232f87dd983dbecb2a4e21e08eb2cef8 -> 
  custom:container-demuxer-webm: 4f35f7cbe854078d1ac9338744f61a02 -> 
  custom:container-muxer-webm: aa71ff27fc2769a1b78a27578f13a17b -> 
  custom:scripting/monoscript/fileName/CustomIKController.cs: 4df3f7e13d73c56e2a7133001d6862b9 -> 68a62c82b227cef8c0cb62a145e583d8
  custom:video-decoder-webm-vp8: 9c59270c3fd7afecdb556c50c9e8de78 -> 
  custom:SearchIndexIgnoredProperties: e643bd26f0fe6173181afceb89e7c659 -> 
  custom:AudioImporter_EditorPlatform: 2f0ff77a95e0ac474e3e8eeba4e2f7cb -> 
  custom:scripting/monoscript/fileName/PositionServiceResponse.cs: eb8b35c8ccd425d6366d4a98c4e4b483 -> 14d8e1b7be2a90ffc11a47ff3676c47b
  custom:video-encoder-webm-vp8: eb34c28f22e8b96e1ab97ce403110664 -> 
  custom:audio-decoder-ogg-vorbis: bf7c407c2cedff20999df2af8eb42d56 -> 
  custom:scripting/monoscript/fileName/ObjectPoseServiceResponse.cs: 4835040a06592c037884d4ea1d5f8d63 -> 620467b7faa0547d7a2c3511e9703be2
  custom:scripting/monoscript/fileName/PosRotMsg.cs: abd368e715fc1c890b3798a7625cedb4 -> 37cbb950fd8d559e159b3f7c4a713652
  custom:audio-encoder-webm-vorbis: bf7c407c2cedff20999df2af8eb42d56 -> 
  custom:scripting/precompiled-assembly-types:Assembly-CSharp: c02ce6627e6b1d98d98e0d8dc1afacfc -> 8ca404f8a24693e23426b57e83396e6b
========================================================================
Received Prepare
Caller must complete domain reload
Begin MonoManager ReloadAssembly
- Loaded All Assemblies, in  0.513 seconds
Native extension for LinuxStandalone target not found
Native extension for Android target not found
[Package Manager] Server::EnsureServerProcessIsRunning -- launch failed, reason: Unity was launched with the -noUpm command-line argument
[Package Manager] UpmClient::Send -- Unable to send message (not connected to UPM process).
[Package Manager] Cannot connect to Unity Package Manager local server
Mono: successfully reloaded assembly
[Package Manager] Server::EnsureServerProcessIsRunning -- launch failed, reason: Unity was launched with the -noUpm command-line argument
[Package Manager] UpmClient::Send -- Unable to send message (not connected to UPM process).
[Package Manager] Cannot connect to Unity Package Manager local server
- Finished resetting the current domain, in  0.822 seconds
Domain Reload Profiling: 1335ms
	BeginReloadAssembly (181ms)
		ExecutionOrderSort (0ms)
		DisableScriptedObjects (13ms)
		BackupInstance (0ms)
		ReleaseScriptingObjects (0ms)
		CreateAndSetChildDomain (56ms)
	RebuildCommonClasses (39ms)
	RebuildNativeTypeToScriptingClass (9ms)
	initialDomainReloadingComplete (33ms)
	LoadAllAssembliesAndSetupDomain (249ms)
		LoadAssemblies (301ms)
		RebuildTransferFunctionScriptingTraits (0ms)
		AnalyzeDomain (18ms)
			TypeCache.Refresh (8ms)
				TypeCache.ScanAssembly (0ms)
			ScanForSourceGeneratedMonoScriptInfo (0ms)
			ResolveRequiredComponents (8ms)
	FinalizeReload (823ms)
		ReleaseScriptCaches (0ms)
		RebuildScriptCaches (0ms)
		SetupLoadedEditorAssemblies (465ms)
			LogAssemblyErrors (0ms)
			InitializePlatformSupportModulesInManaged (53ms)
			SetLoadedEditorAssemblies (5ms)
			RefreshPlugins (0ms)
			BeforeProcessingInitializeOnLoad (67ms)
			ProcessInitializeOnLoadAttributes (284ms)
			ProcessInitializeOnLoadMethodAttributes (51ms)
			AfterProcessingInitializeOnLoad (4ms)
			EditorAssembliesLoaded (0ms)
		ExecutionOrderSort2 (0ms)
		AwakeInstancesAfterBackupRestoration (7ms)
Refreshing native plugins compatible for Editor in 1.56 ms, found 2 plugins.
Preloading 0 native plugins for Editor in 0.00 ms.
Unloading 3926 Unused Serialized files (Serialized files now loaded: 0)
Unloading 16 unused Assets / (28.9 KB). Loaded Objects now: 4558.
Memory consumption went from 133.1 MB to 133.0 MB.
Total: 7.019479 ms (FindLiveObjects: 0.795361 ms CreateObjectMapping: 0.913040 ms MarkObjects: 5.229642 ms  DeleteObjects: 0.079069 ms)

Prepare: number of updated asset objects reloaded= 0
AssetImportParameters requested are different than current active one (requested -> active):
  custom:container-demuxer-ogg: 62fdf1f143b41e24485cea50d1cbac27 -> 
  custom:scripting/monoscript/fileName/JointStateSubscriber.cs: a16c1fe57f836fb4ab55d7fecb5b9d6e -> 4dedc4a66c6e67481e12c8a20eda7a17
  custom:scripting/monoscript/fileName/UnityColorMsg.cs: dee5fdaf0f0de34c3b8a304af96f20a0 -> c0b80ff3cf83e3d05b0ba4f2f77d5b19
  custom:scripting/monoscript/fileName/ObjectPoseServiceRequest.cs: e8340b02528bd576f46ab0e8d32803a5 -> ac96913d6908110a6abd1a7bba739457
  custom:video-decoder-ogg-theora: a1e56fd34408186e4bbccfd4996cb3dc -> 
  custom:scripting/monoscript/fileName/CartesianInputMover.cs: 6e481e4dc4a81911d4aac901246306ea -> 352cebde0451330d3418c9b8170d7770
  custom:scripting/monoscript/fileName/PositionServiceRequest.cs: 604b7350a1923a5a9bd709fbb0ec64de -> 1b5332691515ff45a4b7b160d7af40cc
  custom:CustomObjectIndexerAttribute: 232f87dd983dbecb2a4e21e08eb2cef8 -> 
  custom:container-demuxer-webm: 4f35f7cbe854078d1ac9338744f61a02 -> 
  custom:container-muxer-webm: aa71ff27fc2769a1b78a27578f13a17b -> 
  custom:scripting/monoscript/fileName/CustomIKController.cs: 4df3f7e13d73c56e2a7133001d6862b9 -> 68a62c82b227cef8c0cb62a145e583d8
  custom:video-decoder-webm-vp8: 9c59270c3fd7afecdb556c50c9e8de78 -> 
  custom:SearchIndexIgnoredProperties: e643bd26f0fe6173181afceb89e7c659 -> 
  custom:AudioImporter_EditorPlatform: 2f0ff77a95e0ac474e3e8eeba4e2f7cb -> 
  custom:scripting/monoscript/fileName/PositionServiceResponse.cs: eb8b35c8ccd425d6366d4a98c4e4b483 -> 14d8e1b7be2a90ffc11a47ff3676c47b
  custom:video-encoder-webm-vp8: eb34c28f22e8b96e1ab97ce403110664 -> 
  custom:audio-decoder-ogg-vorbis: bf7c407c2cedff20999df2af8eb42d56 -> 
  custom:scripting/monoscript/fileName/ObjectPoseServiceResponse.cs: 4835040a06592c037884d4ea1d5f8d63 -> 620467b7faa0547d7a2c3511e9703be2
  custom:scripting/monoscript/fileName/PosRotMsg.cs: abd368e715fc1c890b3798a7625cedb4 -> 37cbb950fd8d559e159b3f7c4a713652
  custom:audio-encoder-webm-vorbis: bf7c407c2cedff20999df2af8eb42d56 -> 
  custom:scripting/precompiled-assembly-types:Assembly-CSharp: c02ce6627e6b1d98d98e0d8dc1afacfc -> 8ca404f8a24693e23426b57e83396e6b
========================================================================
Received Prepare
Caller must complete domain reload
Begin MonoManager ReloadAssembly
- Loaded All Assemblies, in  0.576 seconds
Native extension for LinuxStandalone target not found
Native extension for Android target not found
[Package Manager] Server::EnsureServerProcessIsRunning -- launch failed, reason: Unity was launched with the -noUpm command-line argument
[Package Manager] UpmClient::Send -- Unable to send message (not connected to UPM process).
[Package Manager] Cannot connect to Unity Package Manager local server
Mono: successfully reloaded assembly
[Package Manager] Server::EnsureServerProcessIsRunning -- launch failed, reason: Unity was launched with the -noUpm command-line argument
[Package Manager] UpmClient::Send -- Unable to send message (not connected to UPM process).
[Package Manager] Cannot connect to Unity Package Manager local server
- Finished resetting the current domain, in  0.871 seconds
Domain Reload Profiling: 1445ms
	BeginReloadAssembly (187ms)
		ExecutionOrderSort (0ms)
		DisableScriptedObjects (8ms)
		BackupInstance (0ms)
		ReleaseScriptingObjects (0ms)
		CreateAndSetChildDomain (52ms)
	RebuildCommonClasses (52ms)
	RebuildNativeTypeToScriptingClass (15ms)
	initialDomainReloadingComplete (46ms)
	LoadAllAssembliesAndSetupDomain (273ms)
		LoadAssemblies (343ms)
		RebuildTransferFunctionScriptingTraits (0ms)
		AnalyzeDomain (18ms)
			TypeCache.Refresh (8ms)
				TypeCache.ScanAssembly (0ms)
			ScanForSourceGeneratedMonoScriptInfo (0ms)
			ResolveRequiredComponents (9ms)
	FinalizeReload (872ms)
		ReleaseScriptCaches (0ms)
		RebuildScriptCaches (0ms)
		SetupLoadedEditorAssemblies (507ms)
			LogAssemblyErrors (0ms)
			InitializePlatformSupportModulesInManaged (49ms)
			SetLoadedEditorAssemblies (4ms)
			RefreshPlugins (0ms)
			BeforeProcessingInitializeOnLoad (71ms)
			ProcessInitializeOnLoadAttributes (326ms)
			ProcessInitializeOnLoadMethodAttributes (53ms)
			AfterProcessingInitializeOnLoad (4ms)
			EditorAssembliesLoaded (0ms)
		ExecutionOrderSort2 (0ms)
		AwakeInstancesAfterBackupRestoration (8ms)
Refreshing native plugins compatible for Editor in 1.85 ms, found 2 plugins.
Preloading 0 native plugins for Editor in 0.00 ms.
Unloading 3926 Unused Serialized files (Serialized files now loaded: 0)
Unloading 16 unused Assets / (29.0 KB). Loaded Objects now: 4562.
Memory consumption went from 133.1 MB to 133.0 MB.
Total: 5.839769 ms (FindLiveObjects: 0.781745 ms CreateObjectMapping: 0.248924 ms MarkObjects: 4.735564 ms  DeleteObjects: 0.071034 ms)

Prepare: number of updated asset objects reloaded= 0
AssetImportParameters requested are different than current active one (requested -> active):
  custom:container-demuxer-ogg: 62fdf1f143b41e24485cea50d1cbac27 -> 
  custom:scripting/monoscript/fileName/JointStateSubscriber.cs: a16c1fe57f836fb4ab55d7fecb5b9d6e -> 4dedc4a66c6e67481e12c8a20eda7a17
  custom:scripting/monoscript/fileName/UnityColorMsg.cs: dee5fdaf0f0de34c3b8a304af96f20a0 -> c0b80ff3cf83e3d05b0ba4f2f77d5b19
  custom:scripting/monoscript/fileName/ObjectPoseServiceRequest.cs: e8340b02528bd576f46ab0e8d32803a5 -> ac96913d6908110a6abd1a7bba739457
  custom:video-decoder-ogg-theora: a1e56fd34408186e4bbccfd4996cb3dc -> 
  custom:scripting/monoscript/fileName/CartesianInputMover.cs: 6e481e4dc4a81911d4aac901246306ea -> 352cebde0451330d3418c9b8170d7770
  custom:scripting/monoscript/fileName/PositionServiceRequest.cs: 604b7350a1923a5a9bd709fbb0ec64de -> 1b5332691515ff45a4b7b160d7af40cc
  custom:CustomObjectIndexerAttribute: 232f87dd983dbecb2a4e21e08eb2cef8 -> 
  custom:container-demuxer-webm: 4f35f7cbe854078d1ac9338744f61a02 -> 
  custom:container-muxer-webm: aa71ff27fc2769a1b78a27578f13a17b -> 
  custom:scripting/monoscript/fileName/CustomIKController.cs: 4df3f7e13d73c56e2a7133001d6862b9 -> 68a62c82b227cef8c0cb62a145e583d8
  custom:video-decoder-webm-vp8: 9c59270c3fd7afecdb556c50c9e8de78 -> 
  custom:SearchIndexIgnoredProperties: e643bd26f0fe6173181afceb89e7c659 -> 
  custom:AudioImporter_EditorPlatform: 2f0ff77a95e0ac474e3e8eeba4e2f7cb -> 
  custom:scripting/monoscript/fileName/PositionServiceResponse.cs: eb8b35c8ccd425d6366d4a98c4e4b483 -> 14d8e1b7be2a90ffc11a47ff3676c47b
  custom:video-encoder-webm-vp8: eb34c28f22e8b96e1ab97ce403110664 -> 
  custom:audio-decoder-ogg-vorbis: bf7c407c2cedff20999df2af8eb42d56 -> 
  custom:scripting/monoscript/fileName/ObjectPoseServiceResponse.cs: 4835040a06592c037884d4ea1d5f8d63 -> 620467b7faa0547d7a2c3511e9703be2
  custom:scripting/monoscript/fileName/PosRotMsg.cs: abd368e715fc1c890b3798a7625cedb4 -> 37cbb950fd8d559e159b3f7c4a713652
  custom:audio-encoder-webm-vorbis: bf7c407c2cedff20999df2af8eb42d56 -> 
  custom:scripting/precompiled-assembly-types:Assembly-CSharp: c02ce6627e6b1d98d98e0d8dc1afacfc -> 8ca404f8a24693e23426b57e83396e6b
========================================================================
Received Prepare
Caller must complete domain reload
Begin MonoManager ReloadAssembly
- Loaded All Assemblies, in  0.508 seconds
Native extension for LinuxStandalone target not found
Native extension for Android target not found
[Package Manager] Server::EnsureServerProcessIsRunning -- launch failed, reason: Unity was launched with the -noUpm command-line argument
[Package Manager] UpmClient::Send -- Unable to send message (not connected to UPM process).
[Package Manager] Cannot connect to Unity Package Manager local server
Mono: successfully reloaded assembly
[Package Manager] Server::EnsureServerProcessIsRunning -- launch failed, reason: Unity was launched with the -noUpm command-line argument
[Package Manager] UpmClient::Send -- Unable to send message (not connected to UPM process).
[Package Manager] Cannot connect to Unity Package Manager local server
- Finished resetting the current domain, in  0.909 seconds
Domain Reload Profiling: 1416ms
	BeginReloadAssembly (161ms)
		ExecutionOrderSort (0ms)
		DisableScriptedObjects (6ms)
		BackupInstance (0ms)
		ReleaseScriptingObjects (0ms)
		CreateAndSetChildDomain (59ms)
	RebuildCommonClasses (38ms)
	RebuildNativeTypeToScriptingClass (8ms)
	initialDomainReloadingComplete (31ms)
	LoadAllAssembliesAndSetupDomain (270ms)
		LoadAssemblies (304ms)
		RebuildTransferFunctionScriptingTraits (0ms)
		AnalyzeDomain (24ms)
			TypeCache.Refresh (10ms)
				TypeCache.ScanAssembly (0ms)
			ScanForSourceGeneratedMonoScriptInfo (0ms)
			ResolveRequiredComponents (11ms)
	FinalizeReload (910ms)
		ReleaseScriptCaches (0ms)
		RebuildScriptCaches (0ms)
		SetupLoadedEditorAssemblies (486ms)
			LogAssemblyErrors (0ms)
			InitializePlatformSupportModulesInManaged (50ms)
			SetLoadedEditorAssemblies (5ms)
			RefreshPlugins (0ms)
			BeforeProcessingInitializeOnLoad (70ms)
			ProcessInitializeOnLoadAttributes (298ms)
			ProcessInitializeOnLoadMethodAttributes (58ms)
			AfterProcessingInitializeOnLoad (4ms)
			EditorAssembliesLoaded (0ms)
		ExecutionOrderSort2 (0ms)
		AwakeInstancesAfterBackupRestoration (7ms)
Refreshing native plugins compatible for Editor in 1.22 ms, found 2 plugins.
Preloading 0 native plugins for Editor in 0.00 ms.
Unloading 3926 Unused Serialized files (Serialized files now loaded: 0)
Unloading 16 unused Assets / (28.9 KB). Loaded Objects now: 4566.
Memory consumption went from 133.1 MB to 133.0 MB.
Total: 5.847222 ms (FindLiveObjects: 0.413336 ms CreateObjectMapping: 0.210626 ms MarkObjects: 5.091130 ms  DeleteObjects: 0.130188 ms)

Prepare: number of updated asset objects reloaded= 0
AssetImportParameters requested are different than current active one (requested -> active):
  custom:container-demuxer-ogg: 62fdf1f143b41e24485cea50d1cbac27 -> 
  custom:scripting/monoscript/fileName/JointStateSubscriber.cs: a16c1fe57f836fb4ab55d7fecb5b9d6e -> 4dedc4a66c6e67481e12c8a20eda7a17
  custom:scripting/monoscript/fileName/UnityColorMsg.cs: dee5fdaf0f0de34c3b8a304af96f20a0 -> c0b80ff3cf83e3d05b0ba4f2f77d5b19
  custom:scripting/monoscript/fileName/ObjectPoseServiceRequest.cs: e8340b02528bd576f46ab0e8d32803a5 -> ac96913d6908110a6abd1a7bba739457
  custom:video-decoder-ogg-theora: a1e56fd34408186e4bbccfd4996cb3dc -> 
  custom:scripting/monoscript/fileName/CartesianInputMover.cs: 6e481e4dc4a81911d4aac901246306ea -> 352cebde0451330d3418c9b8170d7770
  custom:scripting/monoscript/fileName/PositionServiceRequest.cs: 604b7350a1923a5a9bd709fbb0ec64de -> 1b5332691515ff45a4b7b160d7af40cc
  custom:CustomObjectIndexerAttribute: 232f87dd983dbecb2a4e21e08eb2cef8 -> 
  custom:container-demuxer-webm: 4f35f7cbe854078d1ac9338744f61a02 -> 
  custom:container-muxer-webm: aa71ff27fc2769a1b78a27578f13a17b -> 
  custom:scripting/monoscript/fileName/CustomIKController.cs: 4df3f7e13d73c56e2a7133001d6862b9 -> 68a62c82b227cef8c0cb62a145e583d8
  custom:video-decoder-webm-vp8: 9c59270c3fd7afecdb556c50c9e8de78 -> 
  custom:SearchIndexIgnoredProperties: e643bd26f0fe6173181afceb89e7c659 -> 
  custom:AudioImporter_EditorPlatform: 2f0ff77a95e0ac474e3e8eeba4e2f7cb -> 
  custom:scripting/monoscript/fileName/PositionServiceResponse.cs: eb8b35c8ccd425d6366d4a98c4e4b483 -> 14d8e1b7be2a90ffc11a47ff3676c47b
  custom:video-encoder-webm-vp8: eb34c28f22e8b96e1ab97ce403110664 -> 
  custom:audio-decoder-ogg-vorbis: bf7c407c2cedff20999df2af8eb42d56 -> 
  custom:scripting/monoscript/fileName/ObjectPoseServiceResponse.cs: 4835040a06592c037884d4ea1d5f8d63 -> 620467b7faa0547d7a2c3511e9703be2
  custom:scripting/monoscript/fileName/PosRotMsg.cs: abd368e715fc1c890b3798a7625cedb4 -> 37cbb950fd8d559e159b3f7c4a713652
  custom:audio-encoder-webm-vorbis: bf7c407c2cedff20999df2af8eb42d56 -> 
  custom:scripting/precompiled-assembly-types:Assembly-CSharp: c02ce6627e6b1d98d98e0d8dc1afacfc -> 8ca404f8a24693e23426b57e83396e6b
========================================================================
Received Prepare
Caller must complete domain reload
Begin MonoManager ReloadAssembly
- Loaded All Assemblies, in  0.357 seconds
Native extension for LinuxStandalone target not found
Native extension for Android target not found
[Package Manager] Server::EnsureServerProcessIsRunning -- launch failed, reason: Unity was launched with the -noUpm command-line argument
[Package Manager] UpmClient::Send -- Unable to send message (not connected to UPM process).
[Package Manager] Cannot connect to Unity Package Manager local server
Mono: successfully reloaded assembly
[Package Manager] Server::EnsureServerProcessIsRunning -- launch failed, reason: Unity was launched with the -noUpm command-line argument
[Package Manager] UpmClient::Send -- Unable to send message (not connected to UPM process).
[Package Manager] Cannot connect to Unity Package Manager local server
- Finished resetting the current domain, in  0.582 seconds
Domain Reload Profiling: 939ms
	BeginReloadAssembly (122ms)
		ExecutionOrderSort (0ms)
		DisableScriptedObjects (4ms)
		BackupInstance (0ms)
		ReleaseScriptingObjects (0ms)
		CreateAndSetChildDomain (40ms)
	RebuildCommonClasses (27ms)
	RebuildNativeTypeToScriptingClass (6ms)
	initialDomainReloadingComplete (22ms)
	LoadAllAssembliesAndSetupDomain (180ms)
		LoadAssemblies (215ms)
		RebuildTransferFunctionScriptingTraits (0ms)
		AnalyzeDomain (13ms)
			TypeCache.Refresh (6ms)
				TypeCache.ScanAssembly (0ms)
			ScanForSourceGeneratedMonoScriptInfo (0ms)
			ResolveRequiredComponents (6ms)
	FinalizeReload (582ms)
		ReleaseScriptCaches (0ms)
		RebuildScriptCaches (0ms)
		SetupLoadedEditorAssemblies (331ms)
			LogAssemblyErrors (0ms)
			InitializePlatformSupportModulesInManaged (41ms)
			SetLoadedEditorAssemblies (4ms)
			RefreshPlugins (0ms)
			BeforeProcessingInitializeOnLoad (69ms)
			ProcessInitializeOnLoadAttributes (188ms)
			ProcessInitializeOnLoadMethodAttributes (27ms)
			AfterProcessingInitializeOnLoad (3ms)
			EditorAssembliesLoaded (0ms)
		ExecutionOrderSort2 (0ms)
		AwakeInstancesAfterBackupRestoration (4ms)
Refreshing native plugins compatible for Editor in 0.90 ms, found 2 plugins.
Preloading 0 native plugins for Editor in 0.00 ms.
Unloading 3926 Unused Serialized files (Serialized files now loaded: 0)
Unloading 16 unused Assets / (29.0 KB). Loaded Objects now: 4570.
Memory consumption went from 133.1 MB to 133.1 MB.
Total: 6.192866 ms (FindLiveObjects: 1.117652 ms CreateObjectMapping: 0.400092 ms MarkObjects: 4.579999 ms  DeleteObjects: 0.092527 ms)

Prepare: number of updated asset objects reloaded= 0
AssetImportParameters requested are different than current active one (requested -> active):
  custom:container-demuxer-ogg: 62fdf1f143b41e24485cea50d1cbac27 -> 
  custom:scripting/monoscript/fileName/JointStateSubscriber.cs: a16c1fe57f836fb4ab55d7fecb5b9d6e -> 4dedc4a66c6e67481e12c8a20eda7a17
  custom:scripting/monoscript/fileName/UnityColorMsg.cs: dee5fdaf0f0de34c3b8a304af96f20a0 -> c0b80ff3cf83e3d05b0ba4f2f77d5b19
  custom:scripting/monoscript/fileName/ObjectPoseServiceRequest.cs: e8340b02528bd576f46ab0e8d32803a5 -> ac96913d6908110a6abd1a7bba739457
  custom:video-decoder-ogg-theora: a1e56fd34408186e4bbccfd4996cb3dc -> 
  custom:scripting/monoscript/fileName/CartesianInputMover.cs: 6e481e4dc4a81911d4aac901246306ea -> 352cebde0451330d3418c9b8170d7770
  custom:scripting/monoscript/fileName/PositionServiceRequest.cs: 604b7350a1923a5a9bd709fbb0ec64de -> 1b5332691515ff45a4b7b160d7af40cc
  custom:CustomObjectIndexerAttribute: 232f87dd983dbecb2a4e21e08eb2cef8 -> 
  custom:container-demuxer-webm: 4f35f7cbe854078d1ac9338744f61a02 -> 
  custom:container-muxer-webm: aa71ff27fc2769a1b78a27578f13a17b -> 
  custom:scripting/monoscript/fileName/CustomIKController.cs: 4df3f7e13d73c56e2a7133001d6862b9 -> 68a62c82b227cef8c0cb62a145e583d8
  custom:video-decoder-webm-vp8: 9c59270c3fd7afecdb556c50c9e8de78 -> 
  custom:SearchIndexIgnoredProperties: e643bd26f0fe6173181afceb89e7c659 -> 
  custom:AudioImporter_EditorPlatform: 2f0ff77a95e0ac474e3e8eeba4e2f7cb -> 
  custom:scripting/monoscript/fileName/PositionServiceResponse.cs: eb8b35c8ccd425d6366d4a98c4e4b483 -> 14d8e1b7be2a90ffc11a47ff3676c47b
  custom:video-encoder-webm-vp8: eb34c28f22e8b96e1ab97ce403110664 -> 
  custom:audio-decoder-ogg-vorbis: bf7c407c2cedff20999df2af8eb42d56 -> 
  custom:scripting/monoscript/fileName/ObjectPoseServiceResponse.cs: 4835040a06592c037884d4ea1d5f8d63 -> 620467b7faa0547d7a2c3511e9703be2
  custom:scripting/monoscript/fileName/PosRotMsg.cs: abd368e715fc1c890b3798a7625cedb4 -> 37cbb950fd8d559e159b3f7c4a713652
  custom:audio-encoder-webm-vorbis: bf7c407c2cedff20999df2af8eb42d56 -> 
  custom:scripting/precompiled-assembly-types:Assembly-CSharp: c02ce6627e6b1d98d98e0d8dc1afacfc -> 8ca404f8a24693e23426b57e83396e6b
========================================================================
Received Prepare
Caller must complete domain reload
Begin MonoManager ReloadAssembly
- Loaded All Assemblies, in  0.340 seconds
Native extension for LinuxStandalone target not found
Native extension for Android target not found
[Package Manager] Server::EnsureServerProcessIsRunning -- launch failed, reason: Unity was launched with the -noUpm command-line argument
[Package Manager] UpmClient::Send -- Unable to send message (not connected to UPM process).
[Package Manager] Cannot connect to Unity Package Manager local server
Mono: successfully reloaded assembly
[Package Manager] Server::EnsureServerProcessIsRunning -- launch failed, reason: Unity was launched with the -noUpm command-line argument
[Package Manager] UpmClient::Send -- Unable to send message (not connected to UPM process).
[Package Manager] Cannot connect to Unity Package Manager local server
- Finished resetting the current domain, in  0.562 seconds
Domain Reload Profiling: 901ms
	BeginReloadAssembly (107ms)
		ExecutionOrderSort (0ms)
		DisableScriptedObjects (4ms)
		BackupInstance (0ms)
		ReleaseScriptingObjects (0ms)
		CreateAndSetChildDomain (34ms)
	RebuildCommonClasses (27ms)
	RebuildNativeTypeToScriptingClass (6ms)
	initialDomainReloadingComplete (21ms)
	LoadAllAssembliesAndSetupDomain (179ms)
		LoadAssemblies (202ms)
		RebuildTransferFunctionScriptingTraits (0ms)
		AnalyzeDomain (21ms)
			TypeCache.Refresh (8ms)
				TypeCache.ScanAssembly (0ms)
			ScanForSourceGeneratedMonoScriptInfo (7ms)
			ResolveRequiredComponents (5ms)
	FinalizeReload (562ms)
		ReleaseScriptCaches (0ms)
		RebuildScriptCaches (0ms)
		SetupLoadedEditorAssemblies (330ms)
			LogAssemblyErrors (0ms)
			InitializePlatformSupportModulesInManaged (41ms)
			SetLoadedEditorAssemblies (4ms)
			RefreshPlugins (0ms)
			BeforeProcessingInitializeOnLoad (52ms)
			ProcessInitializeOnLoadAttributes (199ms)
			ProcessInitializeOnLoadMethodAttributes (31ms)
			AfterProcessingInitializeOnLoad (3ms)
			EditorAssembliesLoaded (0ms)
		ExecutionOrderSort2 (0ms)
		AwakeInstancesAfterBackupRestoration (4ms)
Refreshing native plugins compatible for Editor in 1.07 ms, found 2 plugins.
Preloading 0 native plugins for Editor in 0.00 ms.
Unloading 3926 Unused Serialized files (Serialized files now loaded: 0)
Unloading 16 unused Assets / (29.0 KB). Loaded Objects now: 4574.
Memory consumption went from 133.1 MB to 133.1 MB.
Total: 4.460946 ms (FindLiveObjects: 0.421015 ms CreateObjectMapping: 0.150084 ms MarkObjects: 3.824795 ms  DeleteObjects: 0.063710 ms)

Prepare: number of updated asset objects reloaded= 0
AssetImportParameters requested are different than current active one (requested -> active):
  custom:container-demuxer-ogg: 62fdf1f143b41e24485cea50d1cbac27 -> 
  custom:scripting/monoscript/fileName/JointStateSubscriber.cs: a16c1fe57f836fb4ab55d7fecb5b9d6e -> 4dedc4a66c6e67481e12c8a20eda7a17
  custom:scripting/monoscript/fileName/UnityColorMsg.cs: dee5fdaf0f0de34c3b8a304af96f20a0 -> c0b80ff3cf83e3d05b0ba4f2f77d5b19
  custom:scripting/monoscript/fileName/ObjectPoseServiceRequest.cs: e8340b02528bd576f46ab0e8d32803a5 -> ac96913d6908110a6abd1a7bba739457
  custom:video-decoder-ogg-theora: a1e56fd34408186e4bbccfd4996cb3dc -> 
  custom:scripting/monoscript/fileName/CartesianInputMover.cs: 6e481e4dc4a81911d4aac901246306ea -> 352cebde0451330d3418c9b8170d7770
  custom:scripting/monoscript/fileName/PositionServiceRequest.cs: 604b7350a1923a5a9bd709fbb0ec64de -> 1b5332691515ff45a4b7b160d7af40cc
  custom:CustomObjectIndexerAttribute: 232f87dd983dbecb2a4e21e08eb2cef8 -> 
  custom:container-demuxer-webm: 4f35f7cbe854078d1ac9338744f61a02 -> 
  custom:container-muxer-webm: aa71ff27fc2769a1b78a27578f13a17b -> 
  custom:scripting/monoscript/fileName/CustomIKController.cs: 4df3f7e13d73c56e2a7133001d6862b9 -> 68a62c82b227cef8c0cb62a145e583d8
  custom:video-decoder-webm-vp8: 9c59270c3fd7afecdb556c50c9e8de78 -> 
  custom:SearchIndexIgnoredProperties: e643bd26f0fe6173181afceb89e7c659 -> 
  custom:AudioImporter_EditorPlatform: 2f0ff77a95e0ac474e3e8eeba4e2f7cb -> 
  custom:scripting/monoscript/fileName/PositionServiceResponse.cs: eb8b35c8ccd425d6366d4a98c4e4b483 -> 14d8e1b7be2a90ffc11a47ff3676c47b
  custom:video-encoder-webm-vp8: eb34c28f22e8b96e1ab97ce403110664 -> 
  custom:audio-decoder-ogg-vorbis: bf7c407c2cedff20999df2af8eb42d56 -> 
  custom:scripting/monoscript/fileName/ObjectPoseServiceResponse.cs: 4835040a06592c037884d4ea1d5f8d63 -> 620467b7faa0547d7a2c3511e9703be2
  custom:scripting/monoscript/fileName/PosRotMsg.cs: abd368e715fc1c890b3798a7625cedb4 -> 37cbb950fd8d559e159b3f7c4a713652
  custom:audio-encoder-webm-vorbis: bf7c407c2cedff20999df2af8eb42d56 -> 
  custom:scripting/precompiled-assembly-types:Assembly-CSharp: c02ce6627e6b1d98d98e0d8dc1afacfc -> 8ca404f8a24693e23426b57e83396e6b
========================================================================
Received Prepare
Caller must complete domain reload
Begin MonoManager ReloadAssembly
- Loaded All Assemblies, in  0.440 seconds
Native extension for LinuxStandalone target not found
Native extension for Android target not found
[Package Manager] Server::EnsureServerProcessIsRunning -- launch failed, reason: Unity was launched with the -noUpm command-line argument
[Package Manager] UpmClient::Send -- Unable to send message (not connected to UPM process).
[Package Manager] Cannot connect to Unity Package Manager local server
Mono: successfully reloaded assembly
[Package Manager] Server::EnsureServerProcessIsRunning -- launch failed, reason: Unity was launched with the -noUpm command-line argument
[Package Manager] UpmClient::Send -- Unable to send message (not connected to UPM process).
[Package Manager] Cannot connect to Unity Package Manager local server
- Finished resetting the current domain, in  0.597 seconds
Domain Reload Profiling: 1035ms
	BeginReloadAssembly (129ms)
		ExecutionOrderSort (0ms)
		DisableScriptedObjects (4ms)
		BackupInstance (0ms)
		ReleaseScriptingObjects (0ms)
		CreateAndSetChildDomain (40ms)
	RebuildCommonClasses (36ms)
	RebuildNativeTypeToScriptingClass (12ms)
	initialDomainReloadingComplete (37ms)
	LoadAllAssembliesAndSetupDomain (224ms)
		LoadAssemblies (260ms)
		RebuildTransferFunctionScriptingTraits (0ms)
		AnalyzeDomain (18ms)
			TypeCache.Refresh (8ms)
				TypeCache.ScanAssembly (0ms)
			ScanForSourceGeneratedMonoScriptInfo (0ms)
			ResolveRequiredComponents (9ms)
	FinalizeReload (597ms)
		ReleaseScriptCaches (0ms)
		RebuildScriptCaches (0ms)
		SetupLoadedEditorAssemblies (365ms)
			LogAssemblyErrors (0ms)
			InitializePlatformSupportModulesInManaged (42ms)
			SetLoadedEditorAssemblies (5ms)
			RefreshPlugins (0ms)
			BeforeProcessingInitializeOnLoad (62ms)
			ProcessInitializeOnLoadAttributes (220ms)
			ProcessInitializeOnLoadMethodAttributes (33ms)
			AfterProcessingInitializeOnLoad (3ms)
			EditorAssembliesLoaded (0ms)
		ExecutionOrderSort2 (0ms)
		AwakeInstancesAfterBackupRestoration (4ms)
Refreshing native plugins compatible for Editor in 0.94 ms, found 2 plugins.
Preloading 0 native plugins for Editor in 0.00 ms.
Unloading 3926 Unused Serialized files (Serialized files now loaded: 0)
Unloading 16 unused Assets / (29.0 KB). Loaded Objects now: 4578.
Memory consumption went from 133.1 MB to 133.1 MB.
Total: 4.149300 ms (FindLiveObjects: 0.374093 ms CreateObjectMapping: 0.138849 ms MarkObjects: 3.571256 ms  DeleteObjects: 0.062809 ms)

Prepare: number of updated asset objects reloaded= 0
AssetImportParameters requested are different than current active one (requested -> active):
  custom:container-demuxer-ogg: 62fdf1f143b41e24485cea50d1cbac27 -> 
  custom:scripting/monoscript/fileName/JointStateSubscriber.cs: a16c1fe57f836fb4ab55d7fecb5b9d6e -> 4dedc4a66c6e67481e12c8a20eda7a17
  custom:scripting/monoscript/fileName/UnityColorMsg.cs: dee5fdaf0f0de34c3b8a304af96f20a0 -> c0b80ff3cf83e3d05b0ba4f2f77d5b19
  custom:scripting/monoscript/fileName/ObjectPoseServiceRequest.cs: e8340b02528bd576f46ab0e8d32803a5 -> ac96913d6908110a6abd1a7bba739457
  custom:video-decoder-ogg-theora: a1e56fd34408186e4bbccfd4996cb3dc -> 
  custom:scripting/monoscript/fileName/CartesianInputMover.cs: 6e481e4dc4a81911d4aac901246306ea -> 352cebde0451330d3418c9b8170d7770
  custom:scripting/monoscript/fileName/PositionServiceRequest.cs: 604b7350a1923a5a9bd709fbb0ec64de -> 1b5332691515ff45a4b7b160d7af40cc
  custom:CustomObjectIndexerAttribute: 232f87dd983dbecb2a4e21e08eb2cef8 -> 
  custom:container-demuxer-webm: 4f35f7cbe854078d1ac9338744f61a02 -> 
  custom:container-muxer-webm: aa71ff27fc2769a1b78a27578f13a17b -> 
  custom:scripting/monoscript/fileName/CustomIKController.cs: 4df3f7e13d73c56e2a7133001d6862b9 -> 68a62c82b227cef8c0cb62a145e583d8
  custom:video-decoder-webm-vp8: 9c59270c3fd7afecdb556c50c9e8de78 -> 
  custom:SearchIndexIgnoredProperties: e643bd26f0fe6173181afceb89e7c659 -> 
  custom:AudioImporter_EditorPlatform: 2f0ff77a95e0ac474e3e8eeba4e2f7cb -> 
  custom:scripting/monoscript/fileName/PositionServiceResponse.cs: eb8b35c8ccd425d6366d4a98c4e4b483 -> 14d8e1b7be2a90ffc11a47ff3676c47b
  custom:video-encoder-webm-vp8: eb34c28f22e8b96e1ab97ce403110664 -> 
  custom:audio-decoder-ogg-vorbis: bf7c407c2cedff20999df2af8eb42d56 -> 
  custom:scripting/monoscript/fileName/ObjectPoseServiceResponse.cs: 4835040a06592c037884d4ea1d5f8d63 -> 620467b7faa0547d7a2c3511e9703be2
  custom:scripting/monoscript/fileName/PosRotMsg.cs: abd368e715fc1c890b3798a7625cedb4 -> 37cbb950fd8d559e159b3f7c4a713652
  custom:audio-encoder-webm-vorbis: bf7c407c2cedff20999df2af8eb42d56 -> 
  custom:scripting/precompiled-assembly-types:Assembly-CSharp: c02ce6627e6b1d98d98e0d8dc1afacfc -> 8ca404f8a24693e23426b57e83396e6b
========================================================================
Received Prepare
Caller must complete domain reload
Begin MonoManager ReloadAssembly
- Loaded All Assemblies, in  0.384 seconds
Native extension for LinuxStandalone target not found
Native extension for Android target not found
[Package Manager] Server::EnsureServerProcessIsRunning -- launch failed, reason: Unity was launched with the -noUpm command-line argument
[Package Manager] UpmClient::Send -- Unable to send message (not connected to UPM process).
[Package Manager] Cannot connect to Unity Package Manager local server
Mono: successfully reloaded assembly
[Package Manager] Server::EnsureServerProcessIsRunning -- launch failed, reason: Unity was launched with the -noUpm command-line argument
[Package Manager] UpmClient::Send -- Unable to send message (not connected to UPM process).
[Package Manager] Cannot connect to Unity Package Manager local server
- Finished resetting the current domain, in  0.662 seconds
Domain Reload Profiling: 1046ms
	BeginReloadAssembly (134ms)
		ExecutionOrderSort (0ms)
		DisableScriptedObjects (4ms)
		BackupInstance (0ms)
		ReleaseScriptingObjects (0ms)
		CreateAndSetChildDomain (43ms)
	RebuildCommonClasses (36ms)
	RebuildNativeTypeToScriptingClass (12ms)
	initialDomainReloadingComplete (29ms)
	LoadAllAssembliesAndSetupDomain (171ms)
		LoadAssemblies (214ms)
		RebuildTransferFunctionScriptingTraits (0ms)
		AnalyzeDomain (14ms)
			TypeCache.Refresh (6ms)
				TypeCache.ScanAssembly (0ms)
			ScanForSourceGeneratedMonoScriptInfo (0ms)
			ResolveRequiredComponents (6ms)
	FinalizeReload (663ms)
		ReleaseScriptCaches (0ms)
		RebuildScriptCaches (0ms)
		SetupLoadedEditorAssemblies (361ms)
			LogAssemblyErrors (0ms)
			InitializePlatformSupportModulesInManaged (37ms)
			SetLoadedEditorAssemblies (3ms)
			RefreshPlugins (0ms)
			BeforeProcessingInitializeOnLoad (53ms)
			ProcessInitializeOnLoadAttributes (231ms)
			ProcessInitializeOnLoadMethodAttributes (34ms)
			AfterProcessingInitializeOnLoad (3ms)
			EditorAssembliesLoaded (0ms)
		ExecutionOrderSort2 (0ms)
		AwakeInstancesAfterBackupRestoration (4ms)
Refreshing native plugins compatible for Editor in 0.91 ms, found 2 plugins.
Preloading 0 native plugins for Editor in 0.00 ms.
Unloading 3926 Unused Serialized files (Serialized files now loaded: 0)
Unloading 16 unused Assets / (28.9 KB). Loaded Objects now: 4582.
Memory consumption went from 133.1 MB to 133.1 MB.
Total: 5.226481 ms (FindLiveObjects: 0.361791 ms CreateObjectMapping: 0.117928 ms MarkObjects: 4.636345 ms  DeleteObjects: 0.107105 ms)

Prepare: number of updated asset objects reloaded= 0
AssetImportParameters requested are different than current active one (requested -> active):
  custom:container-demuxer-ogg: 62fdf1f143b41e24485cea50d1cbac27 -> 
  custom:scripting/monoscript/fileName/JointStateSubscriber.cs: a16c1fe57f836fb4ab55d7fecb5b9d6e -> 4dedc4a66c6e67481e12c8a20eda7a17
  custom:scripting/monoscript/fileName/UnityColorMsg.cs: dee5fdaf0f0de34c3b8a304af96f20a0 -> c0b80ff3cf83e3d05b0ba4f2f77d5b19
  custom:scripting/monoscript/fileName/ObjectPoseServiceRequest.cs: e8340b02528bd576f46ab0e8d32803a5 -> ac96913d6908110a6abd1a7bba739457
  custom:video-decoder-ogg-theora: a1e56fd34408186e4bbccfd4996cb3dc -> 
  custom:scripting/monoscript/fileName/CartesianInputMover.cs: 6e481e4dc4a81911d4aac901246306ea -> 352cebde0451330d3418c9b8170d7770
  custom:scripting/monoscript/fileName/PositionServiceRequest.cs: 604b7350a1923a5a9bd709fbb0ec64de -> 1b5332691515ff45a4b7b160d7af40cc
  custom:CustomObjectIndexerAttribute: 232f87dd983dbecb2a4e21e08eb2cef8 -> 
  custom:container-demuxer-webm: 4f35f7cbe854078d1ac9338744f61a02 -> 
  custom:container-muxer-webm: aa71ff27fc2769a1b78a27578f13a17b -> 
  custom:scripting/monoscript/fileName/CustomIKController.cs: 4df3f7e13d73c56e2a7133001d6862b9 -> 68a62c82b227cef8c0cb62a145e583d8
  custom:video-decoder-webm-vp8: 9c59270c3fd7afecdb556c50c9e8de78 -> 
  custom:SearchIndexIgnoredProperties: e643bd26f0fe6173181afceb89e7c659 -> 
  custom:AudioImporter_EditorPlatform: 2f0ff77a95e0ac474e3e8eeba4e2f7cb -> 
  custom:scripting/monoscript/fileName/PositionServiceResponse.cs: eb8b35c8ccd425d6366d4a98c4e4b483 -> 14d8e1b7be2a90ffc11a47ff3676c47b
  custom:video-encoder-webm-vp8: eb34c28f22e8b96e1ab97ce403110664 -> 
  custom:audio-decoder-ogg-vorbis: bf7c407c2cedff20999df2af8eb42d56 -> 
  custom:scripting/monoscript/fileName/ObjectPoseServiceResponse.cs: 4835040a06592c037884d4ea1d5f8d63 -> 620467b7faa0547d7a2c3511e9703be2
  custom:scripting/monoscript/fileName/PosRotMsg.cs: abd368e715fc1c890b3798a7625cedb4 -> 37cbb950fd8d559e159b3f7c4a713652
  custom:audio-encoder-webm-vorbis: bf7c407c2cedff20999df2af8eb42d56 -> 
  custom:scripting/precompiled-assembly-types:Assembly-CSharp: c02ce6627e6b1d98d98e0d8dc1afacfc -> 8ca404f8a24693e23426b57e83396e6b
========================================================================
Received Prepare
Caller must complete domain reload
Begin MonoManager ReloadAssembly
- Loaded All Assemblies, in  0.415 seconds
Native extension for LinuxStandalone target not found
Native extension for Android target not found
[Package Manager] Server::EnsureServerProcessIsRunning -- launch failed, reason: Unity was launched with the -noUpm command-line argument
[Package Manager] UpmClient::Send -- Unable to send message (not connected to UPM process).
[Package Manager] Cannot connect to Unity Package Manager local server
Mono: successfully reloaded assembly
[Package Manager] Server::EnsureServerProcessIsRunning -- launch failed, reason: Unity was launched with the -noUpm command-line argument
[Package Manager] UpmClient::Send -- Unable to send message (not connected to UPM process).
[Package Manager] Cannot connect to Unity Package Manager local server
- Finished resetting the current domain, in  0.762 seconds
Domain Reload Profiling: 1177ms
	BeginReloadAssembly (108ms)
		ExecutionOrderSort (0ms)
		DisableScriptedObjects (4ms)
		BackupInstance (0ms)
		ReleaseScriptingObjects (0ms)
		CreateAndSetChildDomain (36ms)
	RebuildCommonClasses (25ms)
	RebuildNativeTypeToScriptingClass (6ms)
	initialDomainReloadingComplete (21ms)
	LoadAllAssembliesAndSetupDomain (254ms)
		LoadAssemblies (278ms)
		RebuildTransferFunctionScriptingTraits (0ms)
		AnalyzeDomain (19ms)
			TypeCache.Refresh (8ms)
				TypeCache.ScanAssembly (0ms)
			ScanForSourceGeneratedMonoScriptInfo (0ms)
			ResolveRequiredComponents (9ms)
	FinalizeReload (763ms)
		ReleaseScriptCaches (0ms)
		RebuildScriptCaches (0ms)
		SetupLoadedEditorAssemblies (402ms)
			LogAssemblyErrors (0ms)
			InitializePlatformSupportModulesInManaged (58ms)
			SetLoadedEditorAssemblies (5ms)
			RefreshPlugins (0ms)
			BeforeProcessingInitializeOnLoad (53ms)
			ProcessInitializeOnLoadAttributes (250ms)
			ProcessInitializeOnLoadMethodAttributes (34ms)
			AfterProcessingInitializeOnLoad (3ms)
			EditorAssembliesLoaded (0ms)
		ExecutionOrderSort2 (0ms)
		AwakeInstancesAfterBackupRestoration (5ms)
Refreshing native plugins compatible for Editor in 1.01 ms, found 2 plugins.
Preloading 0 native plugins for Editor in 0.00 ms.
Unloading 3926 Unused Serialized files (Serialized files now loaded: 0)
Unloading 16 unused Assets / (29.0 KB). Loaded Objects now: 4586.
Memory consumption went from 133.1 MB to 133.1 MB.
Total: 11.957541 ms (FindLiveObjects: 0.521611 ms CreateObjectMapping: 0.157040 ms MarkObjects: 11.176192 ms  DeleteObjects: 0.100354 ms)

Prepare: number of updated asset objects reloaded= 0
AssetImportParameters requested are different than current active one (requested -> active):
  custom:container-demuxer-ogg: 62fdf1f143b41e24485cea50d1cbac27 -> 
  custom:scripting/monoscript/fileName/JointStateSubscriber.cs: a16c1fe57f836fb4ab55d7fecb5b9d6e -> 4dedc4a66c6e67481e12c8a20eda7a17
  custom:scripting/monoscript/fileName/UnityColorMsg.cs: dee5fdaf0f0de34c3b8a304af96f20a0 -> c0b80ff3cf83e3d05b0ba4f2f77d5b19
  custom:scripting/monoscript/fileName/ObjectPoseServiceRequest.cs: e8340b02528bd576f46ab0e8d32803a5 -> ac96913d6908110a6abd1a7bba739457
  custom:video-decoder-ogg-theora: a1e56fd34408186e4bbccfd4996cb3dc -> 
  custom:scripting/monoscript/fileName/CartesianInputMover.cs: 6e481e4dc4a81911d4aac901246306ea -> 352cebde0451330d3418c9b8170d7770
  custom:scripting/monoscript/fileName/PositionServiceRequest.cs: 604b7350a1923a5a9bd709fbb0ec64de -> 1b5332691515ff45a4b7b160d7af40cc
  custom:CustomObjectIndexerAttribute: 232f87dd983dbecb2a4e21e08eb2cef8 -> 
  custom:container-demuxer-webm: 4f35f7cbe854078d1ac9338744f61a02 -> 
  custom:container-muxer-webm: aa71ff27fc2769a1b78a27578f13a17b -> 
  custom:scripting/monoscript/fileName/CustomIKController.cs: 4df3f7e13d73c56e2a7133001d6862b9 -> 68a62c82b227cef8c0cb62a145e583d8
  custom:video-decoder-webm-vp8: 9c59270c3fd7afecdb556c50c9e8de78 -> 
  custom:SearchIndexIgnoredProperties: e643bd26f0fe6173181afceb89e7c659 -> 
  custom:AudioImporter_EditorPlatform: 2f0ff77a95e0ac474e3e8eeba4e2f7cb -> 
  custom:scripting/monoscript/fileName/PositionServiceResponse.cs: eb8b35c8ccd425d6366d4a98c4e4b483 -> 14d8e1b7be2a90ffc11a47ff3676c47b
  custom:video-encoder-webm-vp8: eb34c28f22e8b96e1ab97ce403110664 -> 
  custom:audio-decoder-ogg-vorbis: bf7c407c2cedff20999df2af8eb42d56 -> 
  custom:scripting/monoscript/fileName/ObjectPoseServiceResponse.cs: 4835040a06592c037884d4ea1d5f8d63 -> 620467b7faa0547d7a2c3511e9703be2
  custom:scripting/monoscript/fileName/PosRotMsg.cs: abd368e715fc1c890b3798a7625cedb4 -> 37cbb950fd8d559e159b3f7c4a713652
  custom:audio-encoder-webm-vorbis: bf7c407c2cedff20999df2af8eb42d56 -> 
  custom:scripting/precompiled-assembly-types:Assembly-CSharp: c02ce6627e6b1d98d98e0d8dc1afacfc -> 8ca404f8a24693e23426b57e83396e6b
========================================================================
Received Prepare
Caller must complete domain reload
Begin MonoManager ReloadAssembly
- Loaded All Assemblies, in  0.536 seconds
Native extension for LinuxStandalone target not found
Native extension for Android target not found
[Package Manager] Server::EnsureServerProcessIsRunning -- launch failed, reason: Unity was launched with the -noUpm command-line argument
[Package Manager] UpmClient::Send -- Unable to send message (not connected to UPM process).
[Package Manager] Cannot connect to Unity Package Manager local server
Mono: successfully reloaded assembly
[Package Manager] Server::EnsureServerProcessIsRunning -- launch failed, reason: Unity was launched with the -noUpm command-line argument
[Package Manager] UpmClient::Send -- Unable to send message (not connected to UPM process).
[Package Manager] Cannot connect to Unity Package Manager local server
- Finished resetting the current domain, in  0.899 seconds
Domain Reload Profiling: 1434ms
	BeginReloadAssembly (179ms)
		ExecutionOrderSort (0ms)
		DisableScriptedObjects (7ms)
		BackupInstance (0ms)
		ReleaseScriptingObjects (0ms)
		CreateAndSetChildDomain (66ms)
	RebuildCommonClasses (44ms)
	RebuildNativeTypeToScriptingClass (9ms)
	initialDomainReloadingComplete (35ms)
	LoadAllAssembliesAndSetupDomain (267ms)
		LoadAssemblies (313ms)
		RebuildTransferFunctionScriptingTraits (0ms)
		AnalyzeDomain (21ms)
			TypeCache.Refresh (10ms)
				TypeCache.ScanAssembly (0ms)
			ScanForSourceGeneratedMonoScriptInfo (0ms)
			ResolveRequiredComponents (9ms)
	FinalizeReload (900ms)
		ReleaseScriptCaches (0ms)
		RebuildScriptCaches (0ms)
		SetupLoadedEditorAssemblies (498ms)
			LogAssemblyErrors (0ms)
			InitializePlatformSupportModulesInManaged (57ms)
			SetLoadedEditorAssemblies (5ms)
			RefreshPlugins (0ms)
			BeforeProcessingInitializeOnLoad (71ms)
			ProcessInitializeOnLoadAttributes (314ms)
			ProcessInitializeOnLoadMethodAttributes (47ms)
			AfterProcessingInitializeOnLoad (4ms)
			EditorAssembliesLoaded (0ms)
		ExecutionOrderSort2 (0ms)
		AwakeInstancesAfterBackupRestoration (7ms)
Refreshing native plugins compatible for Editor in 1.13 ms, found 2 plugins.
Preloading 0 native plugins for Editor in 0.00 ms.
Unloading 3926 Unused Serialized files (Serialized files now loaded: 0)
Unloading 16 unused Assets / (29.0 KB). Loaded Objects now: 4590.
Memory consumption went from 133.1 MB to 133.1 MB.
Total: 6.041135 ms (FindLiveObjects: 0.520665 ms CreateObjectMapping: 0.291961 ms MarkObjects: 5.092881 ms  DeleteObjects: 0.130444 ms)

Prepare: number of updated asset objects reloaded= 0
AssetImportParameters requested are different than current active one (requested -> active):
  custom:container-demuxer-ogg: 62fdf1f143b41e24485cea50d1cbac27 -> 
  custom:scripting/monoscript/fileName/JointStateSubscriber.cs: a16c1fe57f836fb4ab55d7fecb5b9d6e -> 4dedc4a66c6e67481e12c8a20eda7a17
  custom:scripting/monoscript/fileName/UnityColorMsg.cs: dee5fdaf0f0de34c3b8a304af96f20a0 -> c0b80ff3cf83e3d05b0ba4f2f77d5b19
  custom:scripting/monoscript/fileName/ObjectPoseServiceRequest.cs: e8340b02528bd576f46ab0e8d32803a5 -> ac96913d6908110a6abd1a7bba739457
  custom:video-decoder-ogg-theora: a1e56fd34408186e4bbccfd4996cb3dc -> 
  custom:scripting/monoscript/fileName/CartesianInputMover.cs: 6e481e4dc4a81911d4aac901246306ea -> 352cebde0451330d3418c9b8170d7770
  custom:scripting/monoscript/fileName/PositionServiceRequest.cs: 604b7350a1923a5a9bd709fbb0ec64de -> 1b5332691515ff45a4b7b160d7af40cc
  custom:CustomObjectIndexerAttribute: 232f87dd983dbecb2a4e21e08eb2cef8 -> 
  custom:container-demuxer-webm: 4f35f7cbe854078d1ac9338744f61a02 -> 
  custom:container-muxer-webm: aa71ff27fc2769a1b78a27578f13a17b -> 
  custom:scripting/monoscript/fileName/CustomIKController.cs: 4df3f7e13d73c56e2a7133001d6862b9 -> 68a62c82b227cef8c0cb62a145e583d8
  custom:video-decoder-webm-vp8: 9c59270c3fd7afecdb556c50c9e8de78 -> 
  custom:SearchIndexIgnoredProperties: e643bd26f0fe6173181afceb89e7c659 -> 
  custom:AudioImporter_EditorPlatform: 2f0ff77a95e0ac474e3e8eeba4e2f7cb -> 
  custom:scripting/monoscript/fileName/PositionServiceResponse.cs: eb8b35c8ccd425d6366d4a98c4e4b483 -> 14d8e1b7be2a90ffc11a47ff3676c47b
  custom:video-encoder-webm-vp8: eb34c28f22e8b96e1ab97ce403110664 -> 
  custom:audio-decoder-ogg-vorbis: bf7c407c2cedff20999df2af8eb42d56 -> 
  custom:scripting/monoscript/fileName/ObjectPoseServiceResponse.cs: 4835040a06592c037884d4ea1d5f8d63 -> 620467b7faa0547d7a2c3511e9703be2
  custom:scripting/monoscript/fileName/PosRotMsg.cs: abd368e715fc1c890b3798a7625cedb4 -> 37cbb950fd8d559e159b3f7c4a713652
  custom:audio-encoder-webm-vorbis: bf7c407c2cedff20999df2af8eb42d56 -> 
  custom:scripting/precompiled-assembly-types:Assembly-CSharp: c02ce6627e6b1d98d98e0d8dc1afacfc -> 8ca404f8a24693e23426b57e83396e6b
========================================================================
Received Prepare
Caller must complete domain reload
Begin MonoManager ReloadAssembly
- Loaded All Assemblies, in  0.368 seconds
Native extension for LinuxStandalone target not found
Native extension for Android target not found
[Package Manager] Server::EnsureServerProcessIsRunning -- launch failed, reason: Unity was launched with the -noUpm command-line argument
[Package Manager] UpmClient::Send -- Unable to send message (not connected to UPM process).
[Package Manager] Cannot connect to Unity Package Manager local server
Mono: successfully reloaded assembly
[Package Manager] Server::EnsureServerProcessIsRunning -- launch failed, reason: Unity was launched with the -noUpm command-line argument
[Package Manager] UpmClient::Send -- Unable to send message (not connected to UPM process).
[Package Manager] Cannot connect to Unity Package Manager local server
- Finished resetting the current domain, in  0.578 seconds
Domain Reload Profiling: 946ms
	BeginReloadAssembly (115ms)
		ExecutionOrderSort (0ms)
		DisableScriptedObjects (4ms)
		BackupInstance (0ms)
		ReleaseScriptingObjects (0ms)
		CreateAndSetChildDomain (40ms)
	RebuildCommonClasses (27ms)
	RebuildNativeTypeToScriptingClass (5ms)
	initialDomainReloadingComplete (20ms)
	LoadAllAssembliesAndSetupDomain (199ms)
		LoadAssemblies (231ms)
		RebuildTransferFunctionScriptingTraits (0ms)
		AnalyzeDomain (13ms)
			TypeCache.Refresh (6ms)
				TypeCache.ScanAssembly (0ms)
			ScanForSourceGeneratedMonoScriptInfo (0ms)
			ResolveRequiredComponents (6ms)
	FinalizeReload (579ms)
		ReleaseScriptCaches (0ms)
		RebuildScriptCaches (0ms)
		SetupLoadedEditorAssemblies (321ms)
			LogAssemblyErrors (0ms)
			InitializePlatformSupportModulesInManaged (44ms)
			SetLoadedEditorAssemblies (4ms)
			RefreshPlugins (0ms)
			BeforeProcessingInitializeOnLoad (52ms)
			ProcessInitializeOnLoadAttributes (191ms)
			ProcessInitializeOnLoadMethodAttributes (28ms)
			AfterProcessingInitializeOnLoad (3ms)
			EditorAssembliesLoaded (0ms)
		ExecutionOrderSort2 (0ms)
		AwakeInstancesAfterBackupRestoration (4ms)
Refreshing native plugins compatible for Editor in 0.99 ms, found 2 plugins.
Preloading 0 native plugins for Editor in 0.00 ms.
Unloading 3926 Unused Serialized files (Serialized files now loaded: 0)
Unloading 16 unused Assets / (29.0 KB). Loaded Objects now: 4594.
Memory consumption went from 133.1 MB to 133.1 MB.
Total: 5.979709 ms (FindLiveObjects: 0.712495 ms CreateObjectMapping: 0.278431 ms MarkObjects: 4.880719 ms  DeleteObjects: 0.105364 ms)

Prepare: number of updated asset objects reloaded= 0
AssetImportParameters requested are different than current active one (requested -> active):
  custom:container-demuxer-ogg: 62fdf1f143b41e24485cea50d1cbac27 -> 
  custom:scripting/monoscript/fileName/JointStateSubscriber.cs: a16c1fe57f836fb4ab55d7fecb5b9d6e -> 4dedc4a66c6e67481e12c8a20eda7a17
  custom:scripting/monoscript/fileName/UnityColorMsg.cs: dee5fdaf0f0de34c3b8a304af96f20a0 -> c0b80ff3cf83e3d05b0ba4f2f77d5b19
  custom:scripting/monoscript/fileName/ObjectPoseServiceRequest.cs: e8340b02528bd576f46ab0e8d32803a5 -> ac96913d6908110a6abd1a7bba739457
  custom:video-decoder-ogg-theora: a1e56fd34408186e4bbccfd4996cb3dc -> 
  custom:scripting/monoscript/fileName/CartesianInputMover.cs: 6e481e4dc4a81911d4aac901246306ea -> 352cebde0451330d3418c9b8170d7770
  custom:scripting/monoscript/fileName/PositionServiceRequest.cs: 604b7350a1923a5a9bd709fbb0ec64de -> 1b5332691515ff45a4b7b160d7af40cc
  custom:CustomObjectIndexerAttribute: 232f87dd983dbecb2a4e21e08eb2cef8 -> 
  custom:container-demuxer-webm: 4f35f7cbe854078d1ac9338744f61a02 -> 
  custom:container-muxer-webm: aa71ff27fc2769a1b78a27578f13a17b -> 
  custom:scripting/monoscript/fileName/CustomIKController.cs: 4df3f7e13d73c56e2a7133001d6862b9 -> 68a62c82b227cef8c0cb62a145e583d8
  custom:video-decoder-webm-vp8: 9c59270c3fd7afecdb556c50c9e8de78 -> 
  custom:SearchIndexIgnoredProperties: e643bd26f0fe6173181afceb89e7c659 -> 
  custom:AudioImporter_EditorPlatform: 2f0ff77a95e0ac474e3e8eeba4e2f7cb -> 
  custom:scripting/monoscript/fileName/PositionServiceResponse.cs: eb8b35c8ccd425d6366d4a98c4e4b483 -> 14d8e1b7be2a90ffc11a47ff3676c47b
  custom:video-encoder-webm-vp8: eb34c28f22e8b96e1ab97ce403110664 -> 
  custom:audio-decoder-ogg-vorbis: bf7c407c2cedff20999df2af8eb42d56 -> 
  custom:scripting/monoscript/fileName/ObjectPoseServiceResponse.cs: 4835040a06592c037884d4ea1d5f8d63 -> 620467b7faa0547d7a2c3511e9703be2
  custom:scripting/monoscript/fileName/PosRotMsg.cs: abd368e715fc1c890b3798a7625cedb4 -> 37cbb950fd8d559e159b3f7c4a713652
  custom:audio-encoder-webm-vorbis: bf7c407c2cedff20999df2af8eb42d56 -> 
  custom:scripting/precompiled-assembly-types:Assembly-CSharp: c02ce6627e6b1d98d98e0d8dc1afacfc -> 8ca404f8a24693e23426b57e83396e6b
========================================================================
Received Prepare
Caller must complete domain reload
Begin MonoManager ReloadAssembly
- Loaded All Assemblies, in  0.336 seconds
Native extension for LinuxStandalone target not found
Native extension for Android target not found
[Package Manager] Server::EnsureServerProcessIsRunning -- launch failed, reason: Unity was launched with the -noUpm command-line argument
[Package Manager] UpmClient::Send -- Unable to send message (not connected to UPM process).
[Package Manager] Cannot connect to Unity Package Manager local server
Mono: successfully reloaded assembly
[Package Manager] Server::EnsureServerProcessIsRunning -- launch failed, reason: Unity was launched with the -noUpm command-line argument
[Package Manager] UpmClient::Send -- Unable to send message (not connected to UPM process).
[Package Manager] Cannot connect to Unity Package Manager local server
- Finished resetting the current domain, in  0.573 seconds
Domain Reload Profiling: 908ms
	BeginReloadAssembly (118ms)
		ExecutionOrderSort (0ms)
		DisableScriptedObjects (4ms)
		BackupInstance (0ms)
		ReleaseScriptingObjects (0ms)
		CreateAndSetChildDomain (42ms)
	RebuildCommonClasses (26ms)
	RebuildNativeTypeToScriptingClass (6ms)
	initialDomainReloadingComplete (21ms)
	LoadAllAssembliesAndSetupDomain (164ms)
		LoadAssemblies (192ms)
		RebuildTransferFunctionScriptingTraits (0ms)
		AnalyzeDomain (13ms)
			TypeCache.Refresh (6ms)
				TypeCache.ScanAssembly (0ms)
			ScanForSourceGeneratedMonoScriptInfo (0ms)
			ResolveRequiredComponents (6ms)
	FinalizeReload (574ms)
		ReleaseScriptCaches (0ms)
		RebuildScriptCaches (0ms)
		SetupLoadedEditorAssemblies (320ms)
			LogAssemblyErrors (0ms)
			InitializePlatformSupportModulesInManaged (38ms)
			SetLoadedEditorAssemblies (4ms)
			RefreshPlugins (0ms)
			BeforeProcessingInitializeOnLoad (51ms)
			ProcessInitializeOnLoadAttributes (197ms)
			ProcessInitializeOnLoadMethodAttributes (27ms)
			AfterProcessingInitializeOnLoad (3ms)
			EditorAssembliesLoaded (0ms)
		ExecutionOrderSort2 (0ms)
		AwakeInstancesAfterBackupRestoration (4ms)
Refreshing native plugins compatible for Editor in 0.90 ms, found 2 plugins.
Preloading 0 native plugins for Editor in 0.00 ms.
Unloading 3926 Unused Serialized files (Serialized files now loaded: 0)
Unloading 16 unused Assets / (29.0 KB). Loaded Objects now: 4598.
Memory consumption went from 133.1 MB to 133.1 MB.
Total: 5.933115 ms (FindLiveObjects: 0.416658 ms CreateObjectMapping: 0.186467 ms MarkObjects: 5.240288 ms  DeleteObjects: 0.087832 ms)

Prepare: number of updated asset objects reloaded= 0
AssetImportParameters requested are different than current active one (requested -> active):
  custom:container-demuxer-ogg: 62fdf1f143b41e24485cea50d1cbac27 -> 
  custom:scripting/monoscript/fileName/JointStateSubscriber.cs: a16c1fe57f836fb4ab55d7fecb5b9d6e -> 4dedc4a66c6e67481e12c8a20eda7a17
  custom:scripting/monoscript/fileName/UnityColorMsg.cs: dee5fdaf0f0de34c3b8a304af96f20a0 -> c0b80ff3cf83e3d05b0ba4f2f77d5b19
  custom:scripting/monoscript/fileName/ObjectPoseServiceRequest.cs: e8340b02528bd576f46ab0e8d32803a5 -> ac96913d6908110a6abd1a7bba739457
  custom:video-decoder-ogg-theora: a1e56fd34408186e4bbccfd4996cb3dc -> 
  custom:scripting/monoscript/fileName/CartesianInputMover.cs: 6e481e4dc4a81911d4aac901246306ea -> 352cebde0451330d3418c9b8170d7770
  custom:scripting/monoscript/fileName/PositionServiceRequest.cs: 604b7350a1923a5a9bd709fbb0ec64de -> 1b5332691515ff45a4b7b160d7af40cc
  custom:CustomObjectIndexerAttribute: 232f87dd983dbecb2a4e21e08eb2cef8 -> 
  custom:container-demuxer-webm: 4f35f7cbe854078d1ac9338744f61a02 -> 
  custom:container-muxer-webm: aa71ff27fc2769a1b78a27578f13a17b -> 
  custom:scripting/monoscript/fileName/CustomIKController.cs: 4df3f7e13d73c56e2a7133001d6862b9 -> 68a62c82b227cef8c0cb62a145e583d8
  custom:video-decoder-webm-vp8: 9c59270c3fd7afecdb556c50c9e8de78 -> 
  custom:SearchIndexIgnoredProperties: e643bd26f0fe6173181afceb89e7c659 -> 
  custom:AudioImporter_EditorPlatform: 2f0ff77a95e0ac474e3e8eeba4e2f7cb -> 
  custom:scripting/monoscript/fileName/PositionServiceResponse.cs: eb8b35c8ccd425d6366d4a98c4e4b483 -> 14d8e1b7be2a90ffc11a47ff3676c47b
  custom:video-encoder-webm-vp8: eb34c28f22e8b96e1ab97ce403110664 -> 
  custom:audio-decoder-ogg-vorbis: bf7c407c2cedff20999df2af8eb42d56 -> 
  custom:scripting/monoscript/fileName/ObjectPoseServiceResponse.cs: 4835040a06592c037884d4ea1d5f8d63 -> 620467b7faa0547d7a2c3511e9703be2
  custom:scripting/monoscript/fileName/PosRotMsg.cs: abd368e715fc1c890b3798a7625cedb4 -> 37cbb950fd8d559e159b3f7c4a713652
  custom:audio-encoder-webm-vorbis: bf7c407c2cedff20999df2af8eb42d56 -> 
  custom:scripting/precompiled-assembly-types:Assembly-CSharp: c02ce6627e6b1d98d98e0d8dc1afacfc -> 8ca404f8a24693e23426b57e83396e6b
========================================================================
Received Prepare
Caller must complete domain reload
Begin MonoManager ReloadAssembly
- Loaded All Assemblies, in  0.520 seconds
Native extension for LinuxStandalone target not found
Native extension for Android target not found
[Package Manager] Server::EnsureServerProcessIsRunning -- launch failed, reason: Unity was launched with the -noUpm command-line argument
[Package Manager] UpmClient::Send -- Unable to send message (not connected to UPM process).
[Package Manager] Cannot connect to Unity Package Manager local server
Mono: successfully reloaded assembly
[Package Manager] Server::EnsureServerProcessIsRunning -- launch failed, reason: Unity was launched with the -noUpm command-line argument
[Package Manager] UpmClient::Send -- Unable to send message (not connected to UPM process).
[Package Manager] Cannot connect to Unity Package Manager local server
- Finished resetting the current domain, in  0.964 seconds
Domain Reload Profiling: 1484ms
	BeginReloadAssembly (181ms)
		ExecutionOrderSort (0ms)
		DisableScriptedObjects (6ms)
		BackupInstance (0ms)
		ReleaseScriptingObjects (0ms)
		CreateAndSetChildDomain (68ms)
	RebuildCommonClasses (39ms)
	RebuildNativeTypeToScriptingClass (8ms)
	initialDomainReloadingComplete (32ms)
	LoadAllAssembliesAndSetupDomain (258ms)
		LoadAssemblies (305ms)
		RebuildTransferFunctionScriptingTraits (0ms)
		AnalyzeDomain (20ms)
			TypeCache.Refresh (10ms)
				TypeCache.ScanAssembly (0ms)
			ScanForSourceGeneratedMonoScriptInfo (0ms)
			ResolveRequiredComponents (9ms)
	FinalizeReload (965ms)
		ReleaseScriptCaches (0ms)
		RebuildScriptCaches (0ms)
		SetupLoadedEditorAssemblies (496ms)
			LogAssemblyErrors (0ms)
			InitializePlatformSupportModulesInManaged (63ms)
			SetLoadedEditorAssemblies (5ms)
			RefreshPlugins (0ms)
			BeforeProcessingInitializeOnLoad (74ms)
			ProcessInitializeOnLoadAttributes (302ms)
			ProcessInitializeOnLoadMethodAttributes (49ms)
			AfterProcessingInitializeOnLoad (4ms)
			EditorAssembliesLoaded (0ms)
		ExecutionOrderSort2 (0ms)
		AwakeInstancesAfterBackupRestoration (6ms)
Refreshing native plugins compatible for Editor in 3.10 ms, found 2 plugins.
Preloading 0 native plugins for Editor in 0.00 ms.
Unloading 3926 Unused Serialized files (Serialized files now loaded: 0)
Unloading 16 unused Assets / (29.0 KB). Loaded Objects now: 4602.
Memory consumption went from 133.1 MB to 133.1 MB.
Total: 6.044490 ms (FindLiveObjects: 0.433024 ms CreateObjectMapping: 0.195684 ms MarkObjects: 5.249236 ms  DeleteObjects: 0.163695 ms)

Prepare: number of updated asset objects reloaded= 0
AssetImportParameters requested are different than current active one (requested -> active):
  custom:container-demuxer-ogg: 62fdf1f143b41e24485cea50d1cbac27 -> 
  custom:scripting/monoscript/fileName/JointStateSubscriber.cs: a16c1fe57f836fb4ab55d7fecb5b9d6e -> 4dedc4a66c6e67481e12c8a20eda7a17
  custom:scripting/monoscript/fileName/UnityColorMsg.cs: dee5fdaf0f0de34c3b8a304af96f20a0 -> c0b80ff3cf83e3d05b0ba4f2f77d5b19
  custom:scripting/monoscript/fileName/ObjectPoseServiceRequest.cs: e8340b02528bd576f46ab0e8d32803a5 -> ac96913d6908110a6abd1a7bba739457
  custom:video-decoder-ogg-theora: a1e56fd34408186e4bbccfd4996cb3dc -> 
  custom:scripting/monoscript/fileName/CartesianInputMover.cs: 6e481e4dc4a81911d4aac901246306ea -> 352cebde0451330d3418c9b8170d7770
  custom:scripting/monoscript/fileName/PositionServiceRequest.cs: 604b7350a1923a5a9bd709fbb0ec64de -> 1b5332691515ff45a4b7b160d7af40cc
  custom:CustomObjectIndexerAttribute: 232f87dd983dbecb2a4e21e08eb2cef8 -> 
  custom:container-demuxer-webm: 4f35f7cbe854078d1ac9338744f61a02 -> 
  custom:container-muxer-webm: aa71ff27fc2769a1b78a27578f13a17b -> 
  custom:scripting/monoscript/fileName/CustomIKController.cs: 4df3f7e13d73c56e2a7133001d6862b9 -> 68a62c82b227cef8c0cb62a145e583d8
  custom:video-decoder-webm-vp8: 9c59270c3fd7afecdb556c50c9e8de78 -> 
  custom:SearchIndexIgnoredProperties: e643bd26f0fe6173181afceb89e7c659 -> 
  custom:AudioImporter_EditorPlatform: 2f0ff77a95e0ac474e3e8eeba4e2f7cb -> 
  custom:scripting/monoscript/fileName/PositionServiceResponse.cs: eb8b35c8ccd425d6366d4a98c4e4b483 -> 14d8e1b7be2a90ffc11a47ff3676c47b
  custom:video-encoder-webm-vp8: eb34c28f22e8b96e1ab97ce403110664 -> 
  custom:audio-decoder-ogg-vorbis: bf7c407c2cedff20999df2af8eb42d56 -> 
  custom:scripting/monoscript/fileName/ObjectPoseServiceResponse.cs: 4835040a06592c037884d4ea1d5f8d63 -> 620467b7faa0547d7a2c3511e9703be2
  custom:scripting/monoscript/fileName/PosRotMsg.cs: abd368e715fc1c890b3798a7625cedb4 -> 37cbb950fd8d559e159b3f7c4a713652
  custom:audio-encoder-webm-vorbis: bf7c407c2cedff20999df2af8eb42d56 -> 
  custom:scripting/precompiled-assembly-types:Assembly-CSharp: c02ce6627e6b1d98d98e0d8dc1afacfc -> 8ca404f8a24693e23426b57e83396e6b
========================================================================
Received Prepare
Caller must complete domain reload
Begin MonoManager ReloadAssembly
- Loaded All Assemblies, in  0.470 seconds
Native extension for LinuxStandalone target not found
Native extension for Android target not found
[Package Manager] Server::EnsureServerProcessIsRunning -- launch failed, reason: Unity was launched with the -noUpm command-line argument
[Package Manager] UpmClient::Send -- Unable to send message (not connected to UPM process).
[Package Manager] Cannot connect to Unity Package Manager local server
Mono: successfully reloaded assembly
[Package Manager] Server::EnsureServerProcessIsRunning -- launch failed, reason: Unity was launched with the -noUpm command-line argument
[Package Manager] UpmClient::Send -- Unable to send message (not connected to UPM process).
[Package Manager] Cannot connect to Unity Package Manager local server
- Finished resetting the current domain, in  0.989 seconds
Domain Reload Profiling: 1459ms
	BeginReloadAssembly (159ms)
		ExecutionOrderSort (0ms)
		DisableScriptedObjects (5ms)
		BackupInstance (0ms)
		ReleaseScriptingObjects (0ms)
		CreateAndSetChildDomain (56ms)
	RebuildCommonClasses (39ms)
	RebuildNativeTypeToScriptingClass (8ms)
	initialDomainReloadingComplete (31ms)
	LoadAllAssembliesAndSetupDomain (232ms)
		LoadAssemblies (264ms)
		RebuildTransferFunctionScriptingTraits (0ms)
		AnalyzeDomain (31ms)
			TypeCache.Refresh (11ms)
				TypeCache.ScanAssembly (0ms)
			ScanForSourceGeneratedMonoScriptInfo (10ms)
			ResolveRequiredComponents (8ms)
	FinalizeReload (990ms)
		ReleaseScriptCaches (0ms)
		RebuildScriptCaches (0ms)
		SetupLoadedEditorAssemblies (621ms)
			LogAssemblyErrors (0ms)
			InitializePlatformSupportModulesInManaged (66ms)
			SetLoadedEditorAssemblies (5ms)
			RefreshPlugins (0ms)
			BeforeProcessingInitializeOnLoad (77ms)
			ProcessInitializeOnLoadAttributes (402ms)
			ProcessInitializeOnLoadMethodAttributes (63ms)
			AfterProcessingInitializeOnLoad (7ms)
			EditorAssembliesLoaded (0ms)
		ExecutionOrderSort2 (0ms)
		AwakeInstancesAfterBackupRestoration (8ms)
Refreshing native plugins compatible for Editor in 2.38 ms, found 2 plugins.
Preloading 0 native plugins for Editor in 0.00 ms.
Unloading 3926 Unused Serialized files (Serialized files now loaded: 0)
Unloading 16 unused Assets / (29.0 KB). Loaded Objects now: 4606.
Memory consumption went from 133.1 MB to 133.1 MB.
Total: 6.519250 ms (FindLiveObjects: 0.515216 ms CreateObjectMapping: 0.270281 ms MarkObjects: 5.600260 ms  DeleteObjects: 0.129404 ms)

Prepare: number of updated asset objects reloaded= 0
AssetImportParameters requested are different than current active one (requested -> active):
  custom:container-demuxer-ogg: 62fdf1f143b41e24485cea50d1cbac27 -> 
  custom:scripting/monoscript/fileName/JointStateSubscriber.cs: a16c1fe57f836fb4ab55d7fecb5b9d6e -> 4dedc4a66c6e67481e12c8a20eda7a17
  custom:scripting/monoscript/fileName/UnityColorMsg.cs: dee5fdaf0f0de34c3b8a304af96f20a0 -> c0b80ff3cf83e3d05b0ba4f2f77d5b19
  custom:scripting/monoscript/fileName/ObjectPoseServiceRequest.cs: e8340b02528bd576f46ab0e8d32803a5 -> ac96913d6908110a6abd1a7bba739457
  custom:video-decoder-ogg-theora: a1e56fd34408186e4bbccfd4996cb3dc -> 
  custom:scripting/monoscript/fileName/CartesianInputMover.cs: 6e481e4dc4a81911d4aac901246306ea -> 352cebde0451330d3418c9b8170d7770
  custom:scripting/monoscript/fileName/PositionServiceRequest.cs: 604b7350a1923a5a9bd709fbb0ec64de -> 1b5332691515ff45a4b7b160d7af40cc
  custom:CustomObjectIndexerAttribute: 232f87dd983dbecb2a4e21e08eb2cef8 -> 
  custom:container-demuxer-webm: 4f35f7cbe854078d1ac9338744f61a02 -> 
  custom:container-muxer-webm: aa71ff27fc2769a1b78a27578f13a17b -> 
  custom:scripting/monoscript/fileName/CustomIKController.cs: 4df3f7e13d73c56e2a7133001d6862b9 -> 68a62c82b227cef8c0cb62a145e583d8
  custom:video-decoder-webm-vp8: 9c59270c3fd7afecdb556c50c9e8de78 -> 
  custom:SearchIndexIgnoredProperties: e643bd26f0fe6173181afceb89e7c659 -> 
  custom:AudioImporter_EditorPlatform: 2f0ff77a95e0ac474e3e8eeba4e2f7cb -> 
  custom:scripting/monoscript/fileName/PositionServiceResponse.cs: eb8b35c8ccd425d6366d4a98c4e4b483 -> 14d8e1b7be2a90ffc11a47ff3676c47b
  custom:video-encoder-webm-vp8: eb34c28f22e8b96e1ab97ce403110664 -> 
  custom:audio-decoder-ogg-vorbis: bf7c407c2cedff20999df2af8eb42d56 -> 
  custom:scripting/monoscript/fileName/ObjectPoseServiceResponse.cs: 4835040a06592c037884d4ea1d5f8d63 -> 620467b7faa0547d7a2c3511e9703be2
  custom:scripting/monoscript/fileName/PosRotMsg.cs: abd368e715fc1c890b3798a7625cedb4 -> 37cbb950fd8d559e159b3f7c4a713652
  custom:audio-encoder-webm-vorbis: bf7c407c2cedff20999df2af8eb42d56 -> 
  custom:scripting/precompiled-assembly-types:Assembly-CSharp: c02ce6627e6b1d98d98e0d8dc1afacfc -> 8ca404f8a24693e23426b57e83396e6b
========================================================================
Received Prepare
Caller must complete domain reload
Begin MonoManager ReloadAssembly
- Loaded All Assemblies, in  0.510 seconds
Native extension for LinuxStandalone target not found
Native extension for Android target not found
[Package Manager] Server::EnsureServerProcessIsRunning -- launch failed, reason: Unity was launched with the -noUpm command-line argument
[Package Manager] UpmClient::Send -- Unable to send message (not connected to UPM process).
[Package Manager] Cannot connect to Unity Package Manager local server
Mono: successfully reloaded assembly
[Package Manager] Server::EnsureServerProcessIsRunning -- launch failed, reason: Unity was launched with the -noUpm command-line argument
[Package Manager] UpmClient::Send -- Unable to send message (not connected to UPM process).
[Package Manager] Cannot connect to Unity Package Manager local server
- Finished resetting the current domain, in  0.860 seconds
Domain Reload Profiling: 1370ms
	BeginReloadAssembly (165ms)
		ExecutionOrderSort (0ms)
		DisableScriptedObjects (8ms)
		BackupInstance (0ms)
		ReleaseScriptingObjects (0ms)
		CreateAndSetChildDomain (60ms)
	RebuildCommonClasses (40ms)
	RebuildNativeTypeToScriptingClass (8ms)
	initialDomainReloadingComplete (31ms)
	LoadAllAssembliesAndSetupDomain (265ms)
		LoadAssemblies (308ms)
		RebuildTransferFunctionScriptingTraits (0ms)
		AnalyzeDomain (18ms)
			TypeCache.Refresh (8ms)
				TypeCache.ScanAssembly (0ms)
			ScanForSourceGeneratedMonoScriptInfo (0ms)
			ResolveRequiredComponents (9ms)
	FinalizeReload (861ms)
		ReleaseScriptCaches (0ms)
		RebuildScriptCaches (0ms)
		SetupLoadedEditorAssemblies (491ms)
			LogAssemblyErrors (0ms)
			InitializePlatformSupportModulesInManaged (56ms)
			SetLoadedEditorAssemblies (5ms)
			RefreshPlugins (0ms)
			BeforeProcessingInitializeOnLoad (78ms)
			ProcessInitializeOnLoadAttributes (293ms)
			ProcessInitializeOnLoadMethodAttributes (54ms)
			AfterProcessingInitializeOnLoad (4ms)
			EditorAssembliesLoaded (0ms)
		ExecutionOrderSort2 (0ms)
		AwakeInstancesAfterBackupRestoration (8ms)
Refreshing native plugins compatible for Editor in 1.20 ms, found 2 plugins.
Preloading 0 native plugins for Editor in 0.00 ms.
Unloading 3926 Unused Serialized files (Serialized files now loaded: 0)
Unloading 16 unused Assets / (29.1 KB). Loaded Objects now: 4610.
Memory consumption went from 133.1 MB to 133.1 MB.
Total: 5.009461 ms (FindLiveObjects: 0.279123 ms CreateObjectMapping: 0.150424 ms MarkObjects: 4.478838 ms  DeleteObjects: 0.098616 ms)

Prepare: number of updated asset objects reloaded= 0
AssetImportParameters requested are different than current active one (requested -> active):
  custom:container-demuxer-ogg: 62fdf1f143b41e24485cea50d1cbac27 -> 
  custom:scripting/monoscript/fileName/JointStateSubscriber.cs: a16c1fe57f836fb4ab55d7fecb5b9d6e -> 4dedc4a66c6e67481e12c8a20eda7a17
  custom:scripting/monoscript/fileName/UnityColorMsg.cs: dee5fdaf0f0de34c3b8a304af96f20a0 -> c0b80ff3cf83e3d05b0ba4f2f77d5b19
  custom:scripting/monoscript/fileName/ObjectPoseServiceRequest.cs: e8340b02528bd576f46ab0e8d32803a5 -> ac96913d6908110a6abd1a7bba739457
  custom:video-decoder-ogg-theora: a1e56fd34408186e4bbccfd4996cb3dc -> 
  custom:scripting/monoscript/fileName/CartesianInputMover.cs: 6e481e4dc4a81911d4aac901246306ea -> 352cebde0451330d3418c9b8170d7770
  custom:scripting/monoscript/fileName/PositionServiceRequest.cs: 604b7350a1923a5a9bd709fbb0ec64de -> 1b5332691515ff45a4b7b160d7af40cc
  custom:CustomObjectIndexerAttribute: 232f87dd983dbecb2a4e21e08eb2cef8 -> 
  custom:container-demuxer-webm: 4f35f7cbe854078d1ac9338744f61a02 -> 
  custom:container-muxer-webm: aa71ff27fc2769a1b78a27578f13a17b -> 
  custom:scripting/monoscript/fileName/CustomIKController.cs: 4df3f7e13d73c56e2a7133001d6862b9 -> 68a62c82b227cef8c0cb62a145e583d8
  custom:video-decoder-webm-vp8: 9c59270c3fd7afecdb556c50c9e8de78 -> 
  custom:SearchIndexIgnoredProperties: e643bd26f0fe6173181afceb89e7c659 -> 
  custom:AudioImporter_EditorPlatform: 2f0ff77a95e0ac474e3e8eeba4e2f7cb -> 
  custom:scripting/monoscript/fileName/PositionServiceResponse.cs: eb8b35c8ccd425d6366d4a98c4e4b483 -> 14d8e1b7be2a90ffc11a47ff3676c47b
  custom:video-encoder-webm-vp8: eb34c28f22e8b96e1ab97ce403110664 -> 
  custom:audio-decoder-ogg-vorbis: bf7c407c2cedff20999df2af8eb42d56 -> 
  custom:scripting/monoscript/fileName/ObjectPoseServiceResponse.cs: 4835040a06592c037884d4ea1d5f8d63 -> 620467b7faa0547d7a2c3511e9703be2
  custom:scripting/monoscript/fileName/PosRotMsg.cs: abd368e715fc1c890b3798a7625cedb4 -> 37cbb950fd8d559e159b3f7c4a713652
  custom:audio-encoder-webm-vorbis: bf7c407c2cedff20999df2af8eb42d56 -> 
  custom:scripting/precompiled-assembly-types:Assembly-CSharp: c02ce6627e6b1d98d98e0d8dc1afacfc -> 8ca404f8a24693e23426b57e83396e6b
========================================================================
Received Prepare
Caller must complete domain reload
Begin MonoManager ReloadAssembly
- Loaded All Assemblies, in  0.627 seconds
Native extension for LinuxStandalone target not found
Native extension for Android target not found
[Package Manager] Server::EnsureServerProcessIsRunning -- launch failed, reason: Unity was launched with the -noUpm command-line argument
[Package Manager] UpmClient::Send -- Unable to send message (not connected to UPM process).
[Package Manager] Cannot connect to Unity Package Manager local server
Mono: successfully reloaded assembly
[Package Manager] Server::EnsureServerProcessIsRunning -- launch failed, reason: Unity was launched with the -noUpm command-line argument
[Package Manager] UpmClient::Send -- Unable to send message (not connected to UPM process).
[Package Manager] Cannot connect to Unity Package Manager local server
- Finished resetting the current domain, in  0.891 seconds
Domain Reload Profiling: 1517ms
	BeginReloadAssembly (184ms)
		ExecutionOrderSort (0ms)
		DisableScriptedObjects (6ms)
		BackupInstance (0ms)
		ReleaseScriptingObjects (0ms)
		CreateAndSetChildDomain (57ms)
	RebuildCommonClasses (53ms)
	RebuildNativeTypeToScriptingClass (14ms)
	initialDomainReloadingComplete (44ms)
	LoadAllAssembliesAndSetupDomain (330ms)
		LoadAssemblies (393ms)
		RebuildTransferFunctionScriptingTraits (0ms)
		AnalyzeDomain (24ms)
			TypeCache.Refresh (10ms)
				TypeCache.ScanAssembly (0ms)
			ScanForSourceGeneratedMonoScriptInfo (0ms)
			ResolveRequiredComponents (12ms)
	FinalizeReload (892ms)
		ReleaseScriptCaches (0ms)
		RebuildScriptCaches (0ms)
		SetupLoadedEditorAssemblies (483ms)
			LogAssemblyErrors (0ms)
			InitializePlatformSupportModulesInManaged (53ms)
			SetLoadedEditorAssemblies (4ms)
			RefreshPlugins (0ms)
			BeforeProcessingInitializeOnLoad (72ms)
			ProcessInitializeOnLoadAttributes (305ms)
			ProcessInitializeOnLoadMethodAttributes (46ms)
			AfterProcessingInitializeOnLoad (4ms)
			EditorAssembliesLoaded (0ms)
		ExecutionOrderSort2 (0ms)
		AwakeInstancesAfterBackupRestoration (6ms)
Refreshing native plugins compatible for Editor in 1.68 ms, found 2 plugins.
Preloading 0 native plugins for Editor in 0.00 ms.
Unloading 3926 Unused Serialized files (Serialized files now loaded: 0)
Unloading 16 unused Assets / (29.0 KB). Loaded Objects now: 4614.
Memory consumption went from 133.1 MB to 133.1 MB.
Total: 6.623978 ms (FindLiveObjects: 0.663918 ms CreateObjectMapping: 0.338534 ms MarkObjects: 5.516238 ms  DeleteObjects: 0.101476 ms)

Prepare: number of updated asset objects reloaded= 0
AssetImportParameters requested are different than current active one (requested -> active):
  custom:container-demuxer-ogg: 62fdf1f143b41e24485cea50d1cbac27 -> 
  custom:scripting/monoscript/fileName/JointStateSubscriber.cs: a16c1fe57f836fb4ab55d7fecb5b9d6e -> 4dedc4a66c6e67481e12c8a20eda7a17
  custom:scripting/monoscript/fileName/UnityColorMsg.cs: dee5fdaf0f0de34c3b8a304af96f20a0 -> c0b80ff3cf83e3d05b0ba4f2f77d5b19
  custom:scripting/monoscript/fileName/ObjectPoseServiceRequest.cs: e8340b02528bd576f46ab0e8d32803a5 -> ac96913d6908110a6abd1a7bba739457
  custom:video-decoder-ogg-theora: a1e56fd34408186e4bbccfd4996cb3dc -> 
  custom:scripting/monoscript/fileName/CartesianInputMover.cs: 6e481e4dc4a81911d4aac901246306ea -> 352cebde0451330d3418c9b8170d7770
  custom:scripting/monoscript/fileName/PositionServiceRequest.cs: 604b7350a1923a5a9bd709fbb0ec64de -> 1b5332691515ff45a4b7b160d7af40cc
  custom:CustomObjectIndexerAttribute: 232f87dd983dbecb2a4e21e08eb2cef8 -> 
  custom:container-demuxer-webm: 4f35f7cbe854078d1ac9338744f61a02 -> 
  custom:container-muxer-webm: aa71ff27fc2769a1b78a27578f13a17b -> 
  custom:scripting/monoscript/fileName/CustomIKController.cs: 4df3f7e13d73c56e2a7133001d6862b9 -> 68a62c82b227cef8c0cb62a145e583d8
  custom:video-decoder-webm-vp8: 9c59270c3fd7afecdb556c50c9e8de78 -> 
  custom:SearchIndexIgnoredProperties: e643bd26f0fe6173181afceb89e7c659 -> 
  custom:AudioImporter_EditorPlatform: 2f0ff77a95e0ac474e3e8eeba4e2f7cb -> 
  custom:scripting/monoscript/fileName/PositionServiceResponse.cs: eb8b35c8ccd425d6366d4a98c4e4b483 -> 14d8e1b7be2a90ffc11a47ff3676c47b
  custom:video-encoder-webm-vp8: eb34c28f22e8b96e1ab97ce403110664 -> 
  custom:audio-decoder-ogg-vorbis: bf7c407c2cedff20999df2af8eb42d56 -> 
  custom:scripting/monoscript/fileName/ObjectPoseServiceResponse.cs: 4835040a06592c037884d4ea1d5f8d63 -> 620467b7faa0547d7a2c3511e9703be2
  custom:scripting/monoscript/fileName/PosRotMsg.cs: abd368e715fc1c890b3798a7625cedb4 -> 37cbb950fd8d559e159b3f7c4a713652
  custom:audio-encoder-webm-vorbis: bf7c407c2cedff20999df2af8eb42d56 -> 
  custom:scripting/precompiled-assembly-types:Assembly-CSharp: c02ce6627e6b1d98d98e0d8dc1afacfc -> 8ca404f8a24693e23426b57e83396e6b
========================================================================
Received Prepare
Caller must complete domain reload
Begin MonoManager ReloadAssembly
- Loaded All Assemblies, in  0.614 seconds
Native extension for LinuxStandalone target not found
Native extension for Android target not found
[Package Manager] Server::EnsureServerProcessIsRunning -- launch failed, reason: Unity was launched with the -noUpm command-line argument
[Package Manager] UpmClient::Send -- Unable to send message (not connected to UPM process).
[Package Manager] Cannot connect to Unity Package Manager local server
Mono: successfully reloaded assembly
[Package Manager] Server::EnsureServerProcessIsRunning -- launch failed, reason: Unity was launched with the -noUpm command-line argument
[Package Manager] UpmClient::Send -- Unable to send message (not connected to UPM process).
[Package Manager] Cannot connect to Unity Package Manager local server
- Finished resetting the current domain, in  1.087 seconds
Domain Reload Profiling: 1700ms
	BeginReloadAssembly (193ms)
		ExecutionOrderSort (0ms)
		DisableScriptedObjects (8ms)
		BackupInstance (0ms)
		ReleaseScriptingObjects (0ms)
		CreateAndSetChildDomain (67ms)
	RebuildCommonClasses (59ms)
	RebuildNativeTypeToScriptingClass (16ms)
	initialDomainReloadingComplete (37ms)
	LoadAllAssembliesAndSetupDomain (308ms)
		LoadAssemblies (361ms)
		RebuildTransferFunctionScriptingTraits (0ms)
		AnalyzeDomain (25ms)
			TypeCache.Refresh (10ms)
				TypeCache.ScanAssembly (0ms)
			ScanForSourceGeneratedMonoScriptInfo (0ms)
			ResolveRequiredComponents (12ms)
	FinalizeReload (1087ms)
		ReleaseScriptCaches (0ms)
		RebuildScriptCaches (0ms)
		SetupLoadedEditorAssemblies (562ms)
			LogAssemblyErrors (0ms)
			InitializePlatformSupportModulesInManaged (64ms)
			SetLoadedEditorAssemblies (5ms)
			RefreshPlugins (0ms)
			BeforeProcessingInitializeOnLoad (84ms)
			ProcessInitializeOnLoadAttributes (353ms)
			ProcessInitializeOnLoadMethodAttributes (52ms)
			AfterProcessingInitializeOnLoad (5ms)
			EditorAssembliesLoaded (0ms)
		ExecutionOrderSort2 (0ms)
		AwakeInstancesAfterBackupRestoration (6ms)
Refreshing native plugins compatible for Editor in 1.35 ms, found 2 plugins.
Preloading 0 native plugins for Editor in 0.00 ms.
Unloading 3926 Unused Serialized files (Serialized files now loaded: 0)
Unloading 16 unused Assets / (29.0 KB). Loaded Objects now: 4618.
Memory consumption went from 133.1 MB to 133.1 MB.
Total: 6.257958 ms (FindLiveObjects: 0.616192 ms CreateObjectMapping: 0.346253 ms MarkObjects: 5.202083 ms  DeleteObjects: 0.090474 ms)

Prepare: number of updated asset objects reloaded= 0
AssetImportParameters requested are different than current active one (requested -> active):
  custom:container-demuxer-ogg: 62fdf1f143b41e24485cea50d1cbac27 -> 
  custom:scripting/monoscript/fileName/JointStateSubscriber.cs: a16c1fe57f836fb4ab55d7fecb5b9d6e -> 4dedc4a66c6e67481e12c8a20eda7a17
  custom:scripting/monoscript/fileName/UnityColorMsg.cs: dee5fdaf0f0de34c3b8a304af96f20a0 -> c0b80ff3cf83e3d05b0ba4f2f77d5b19
  custom:scripting/monoscript/fileName/ObjectPoseServiceRequest.cs: e8340b02528bd576f46ab0e8d32803a5 -> ac96913d6908110a6abd1a7bba739457
  custom:video-decoder-ogg-theora: a1e56fd34408186e4bbccfd4996cb3dc -> 
  custom:scripting/monoscript/fileName/CartesianInputMover.cs: 6e481e4dc4a81911d4aac901246306ea -> 352cebde0451330d3418c9b8170d7770
  custom:scripting/monoscript/fileName/PositionServiceRequest.cs: 604b7350a1923a5a9bd709fbb0ec64de -> 1b5332691515ff45a4b7b160d7af40cc
  custom:CustomObjectIndexerAttribute: 232f87dd983dbecb2a4e21e08eb2cef8 -> 
  custom:container-demuxer-webm: 4f35f7cbe854078d1ac9338744f61a02 -> 
  custom:container-muxer-webm: aa71ff27fc2769a1b78a27578f13a17b -> 
  custom:scripting/monoscript/fileName/CustomIKController.cs: 4df3f7e13d73c56e2a7133001d6862b9 -> 68a62c82b227cef8c0cb62a145e583d8
  custom:video-decoder-webm-vp8: 9c59270c3fd7afecdb556c50c9e8de78 -> 
  custom:SearchIndexIgnoredProperties: e643bd26f0fe6173181afceb89e7c659 -> 
  custom:AudioImporter_EditorPlatform: 2f0ff77a95e0ac474e3e8eeba4e2f7cb -> 
  custom:scripting/monoscript/fileName/PositionServiceResponse.cs: eb8b35c8ccd425d6366d4a98c4e4b483 -> 14d8e1b7be2a90ffc11a47ff3676c47b
  custom:video-encoder-webm-vp8: eb34c28f22e8b96e1ab97ce403110664 -> 
  custom:audio-decoder-ogg-vorbis: bf7c407c2cedff20999df2af8eb42d56 -> 
  custom:scripting/monoscript/fileName/ObjectPoseServiceResponse.cs: 4835040a06592c037884d4ea1d5f8d63 -> 620467b7faa0547d7a2c3511e9703be2
  custom:scripting/monoscript/fileName/PosRotMsg.cs: abd368e715fc1c890b3798a7625cedb4 -> 37cbb950fd8d559e159b3f7c4a713652
  custom:audio-encoder-webm-vorbis: bf7c407c2cedff20999df2af8eb42d56 -> 
  custom:scripting/precompiled-assembly-types:Assembly-CSharp: c02ce6627e6b1d98d98e0d8dc1afacfc -> 8ca404f8a24693e23426b57e83396e6b
========================================================================
Received Prepare
Caller must complete domain reload
Begin MonoManager ReloadAssembly
- Loaded All Assemblies, in  0.598 seconds
Native extension for LinuxStandalone target not found
Native extension for Android target not found
[Package Manager] Server::EnsureServerProcessIsRunning -- launch failed, reason: Unity was launched with the -noUpm command-line argument
[Package Manager] UpmClient::Send -- Unable to send message (not connected to UPM process).
[Package Manager] Cannot connect to Unity Package Manager local server
Mono: successfully reloaded assembly
[Package Manager] Server::EnsureServerProcessIsRunning -- launch failed, reason: Unity was launched with the -noUpm command-line argument
[Package Manager] UpmClient::Send -- Unable to send message (not connected to UPM process).
[Package Manager] Cannot connect to Unity Package Manager local server
- Finished resetting the current domain, in  0.967 seconds
Domain Reload Profiling: 1564ms
	BeginReloadAssembly (189ms)
		ExecutionOrderSort (0ms)
		DisableScriptedObjects (8ms)
		BackupInstance (0ms)
		ReleaseScriptingObjects (0ms)
		CreateAndSetChildDomain (63ms)
	RebuildCommonClasses (61ms)
	RebuildNativeTypeToScriptingClass (15ms)
	initialDomainReloadingComplete (46ms)
	LoadAllAssembliesAndSetupDomain (285ms)
		LoadAssemblies (337ms)
		RebuildTransferFunctionScriptingTraits (0ms)
		AnalyzeDomain (26ms)
			TypeCache.Refresh (12ms)
				TypeCache.ScanAssembly (0ms)
			ScanForSourceGeneratedMonoScriptInfo (0ms)
			ResolveRequiredComponents (12ms)
	FinalizeReload (968ms)
		ReleaseScriptCaches (0ms)
		RebuildScriptCaches (0ms)
		SetupLoadedEditorAssemblies (550ms)
			LogAssemblyErrors (0ms)
			InitializePlatformSupportModulesInManaged (54ms)
			SetLoadedEditorAssemblies (4ms)
			RefreshPlugins (0ms)
			BeforeProcessingInitializeOnLoad (72ms)
			ProcessInitializeOnLoadAttributes (358ms)
			ProcessInitializeOnLoadMethodAttributes (60ms)
			AfterProcessingInitializeOnLoad (3ms)
			EditorAssembliesLoaded (0ms)
		ExecutionOrderSort2 (0ms)
		AwakeInstancesAfterBackupRestoration (9ms)
Refreshing native plugins compatible for Editor in 1.17 ms, found 2 plugins.
Preloading 0 native plugins for Editor in 0.00 ms.
Unloading 3926 Unused Serialized files (Serialized files now loaded: 0)
Unloading 16 unused Assets / (29.0 KB). Loaded Objects now: 4622.
Memory consumption went from 133.1 MB to 133.1 MB.
Total: 4.060337 ms (FindLiveObjects: 0.330381 ms CreateObjectMapping: 0.164558 ms MarkObjects: 3.463845 ms  DeleteObjects: 0.099284 ms)

Prepare: number of updated asset objects reloaded= 0
AssetImportParameters requested are different than current active one (requested -> active):
  custom:container-demuxer-ogg: 62fdf1f143b41e24485cea50d1cbac27 -> 
  custom:scripting/monoscript/fileName/JointStateSubscriber.cs: a16c1fe57f836fb4ab55d7fecb5b9d6e -> 4dedc4a66c6e67481e12c8a20eda7a17
  custom:scripting/monoscript/fileName/UnityColorMsg.cs: dee5fdaf0f0de34c3b8a304af96f20a0 -> c0b80ff3cf83e3d05b0ba4f2f77d5b19
  custom:scripting/monoscript/fileName/ObjectPoseServiceRequest.cs: e8340b02528bd576f46ab0e8d32803a5 -> ac96913d6908110a6abd1a7bba739457
  custom:video-decoder-ogg-theora: a1e56fd34408186e4bbccfd4996cb3dc -> 
  custom:scripting/monoscript/fileName/CartesianInputMover.cs: 6e481e4dc4a81911d4aac901246306ea -> 352cebde0451330d3418c9b8170d7770
  custom:scripting/monoscript/fileName/PositionServiceRequest.cs: 604b7350a1923a5a9bd709fbb0ec64de -> 1b5332691515ff45a4b7b160d7af40cc
  custom:CustomObjectIndexerAttribute: 232f87dd983dbecb2a4e21e08eb2cef8 -> 
  custom:container-demuxer-webm: 4f35f7cbe854078d1ac9338744f61a02 -> 
  custom:container-muxer-webm: aa71ff27fc2769a1b78a27578f13a17b -> 
  custom:scripting/monoscript/fileName/CustomIKController.cs: 4df3f7e13d73c56e2a7133001d6862b9 -> 68a62c82b227cef8c0cb62a145e583d8
  custom:video-decoder-webm-vp8: 9c59270c3fd7afecdb556c50c9e8de78 -> 
  custom:SearchIndexIgnoredProperties: e643bd26f0fe6173181afceb89e7c659 -> 
  custom:AudioImporter_EditorPlatform: 2f0ff77a95e0ac474e3e8eeba4e2f7cb -> 
  custom:scripting/monoscript/fileName/PositionServiceResponse.cs: eb8b35c8ccd425d6366d4a98c4e4b483 -> 14d8e1b7be2a90ffc11a47ff3676c47b
  custom:video-encoder-webm-vp8: eb34c28f22e8b96e1ab97ce403110664 -> 
  custom:audio-decoder-ogg-vorbis: bf7c407c2cedff20999df2af8eb42d56 -> 
  custom:scripting/monoscript/fileName/ObjectPoseServiceResponse.cs: 4835040a06592c037884d4ea1d5f8d63 -> 620467b7faa0547d7a2c3511e9703be2
  custom:scripting/monoscript/fileName/PosRotMsg.cs: abd368e715fc1c890b3798a7625cedb4 -> 37cbb950fd8d559e159b3f7c4a713652
  custom:audio-encoder-webm-vorbis: bf7c407c2cedff20999df2af8eb42d56 -> 
  custom:scripting/precompiled-assembly-types:Assembly-CSharp: c02ce6627e6b1d98d98e0d8dc1afacfc -> 8ca404f8a24693e23426b57e83396e6b
========================================================================
Received Prepare
Caller must complete domain reload
Begin MonoManager ReloadAssembly
- Loaded All Assemblies, in  0.477 seconds
Native extension for LinuxStandalone target not found
Native extension for Android target not found
[Package Manager] Server::EnsureServerProcessIsRunning -- launch failed, reason: Unity was launched with the -noUpm command-line argument
[Package Manager] UpmClient::Send -- Unable to send message (not connected to UPM process).
[Package Manager] Cannot connect to Unity Package Manager local server
Mono: successfully reloaded assembly
[Package Manager] Server::EnsureServerProcessIsRunning -- launch failed, reason: Unity was launched with the -noUpm command-line argument
[Package Manager] UpmClient::Send -- Unable to send message (not connected to UPM process).
[Package Manager] Cannot connect to Unity Package Manager local server
- Finished resetting the current domain, in  0.888 seconds
Domain Reload Profiling: 1365ms
	BeginReloadAssembly (165ms)
		ExecutionOrderSort (0ms)
		DisableScriptedObjects (6ms)
		BackupInstance (0ms)
		ReleaseScriptingObjects (0ms)
		CreateAndSetChildDomain (55ms)
	RebuildCommonClasses (41ms)
	RebuildNativeTypeToScriptingClass (8ms)
	initialDomainReloadingComplete (33ms)
	LoadAllAssembliesAndSetupDomain (230ms)
		LoadAssemblies (285ms)
		RebuildTransferFunctionScriptingTraits (0ms)
		AnalyzeDomain (18ms)
			TypeCache.Refresh (8ms)
				TypeCache.ScanAssembly (0ms)
			ScanForSourceGeneratedMonoScriptInfo (0ms)
			ResolveRequiredComponents (8ms)
	FinalizeReload (888ms)
		ReleaseScriptCaches (0ms)
		RebuildScriptCaches (0ms)
		SetupLoadedEditorAssemblies (522ms)
			LogAssemblyErrors (0ms)
			InitializePlatformSupportModulesInManaged (70ms)
			SetLoadedEditorAssemblies (5ms)
			RefreshPlugins (0ms)
			BeforeProcessingInitializeOnLoad (93ms)
			ProcessInitializeOnLoadAttributes (306ms)
			ProcessInitializeOnLoadMethodAttributes (44ms)
			AfterProcessingInitializeOnLoad (3ms)
			EditorAssembliesLoaded (0ms)
		ExecutionOrderSort2 (0ms)
		AwakeInstancesAfterBackupRestoration (6ms)
Refreshing native plugins compatible for Editor in 1.30 ms, found 2 plugins.
Preloading 0 native plugins for Editor in 0.00 ms.
Unloading 3926 Unused Serialized files (Serialized files now loaded: 0)
Unloading 16 unused Assets / (29.0 KB). Loaded Objects now: 4626.
Memory consumption went from 133.1 MB to 133.1 MB.
Total: 5.314737 ms (FindLiveObjects: 0.319765 ms CreateObjectMapping: 0.118221 ms MarkObjects: 4.780120 ms  DeleteObjects: 0.094171 ms)

Prepare: number of updated asset objects reloaded= 0
AssetImportParameters requested are different than current active one (requested -> active):
  custom:container-demuxer-ogg: 62fdf1f143b41e24485cea50d1cbac27 -> 
  custom:scripting/monoscript/fileName/JointStateSubscriber.cs: a16c1fe57f836fb4ab55d7fecb5b9d6e -> 4dedc4a66c6e67481e12c8a20eda7a17
  custom:scripting/monoscript/fileName/UnityColorMsg.cs: dee5fdaf0f0de34c3b8a304af96f20a0 -> c0b80ff3cf83e3d05b0ba4f2f77d5b19
  custom:scripting/monoscript/fileName/ObjectPoseServiceRequest.cs: e8340b02528bd576f46ab0e8d32803a5 -> ac96913d6908110a6abd1a7bba739457
  custom:video-decoder-ogg-theora: a1e56fd34408186e4bbccfd4996cb3dc -> 
  custom:scripting/monoscript/fileName/CartesianInputMover.cs: 6e481e4dc4a81911d4aac901246306ea -> 352cebde0451330d3418c9b8170d7770
  custom:scripting/monoscript/fileName/PositionServiceRequest.cs: 604b7350a1923a5a9bd709fbb0ec64de -> 1b5332691515ff45a4b7b160d7af40cc
  custom:CustomObjectIndexerAttribute: 232f87dd983dbecb2a4e21e08eb2cef8 -> 
  custom:container-demuxer-webm: 4f35f7cbe854078d1ac9338744f61a02 -> 
  custom:container-muxer-webm: aa71ff27fc2769a1b78a27578f13a17b -> 
  custom:scripting/monoscript/fileName/CustomIKController.cs: 4df3f7e13d73c56e2a7133001d6862b9 -> 68a62c82b227cef8c0cb62a145e583d8
  custom:video-decoder-webm-vp8: 9c59270c3fd7afecdb556c50c9e8de78 -> 
  custom:SearchIndexIgnoredProperties: e643bd26f0fe6173181afceb89e7c659 -> 
  custom:AudioImporter_EditorPlatform: 2f0ff77a95e0ac474e3e8eeba4e2f7cb -> 
  custom:scripting/monoscript/fileName/PositionServiceResponse.cs: eb8b35c8ccd425d6366d4a98c4e4b483 -> 14d8e1b7be2a90ffc11a47ff3676c47b
  custom:video-encoder-webm-vp8: eb34c28f22e8b96e1ab97ce403110664 -> 
  custom:audio-decoder-ogg-vorbis: bf7c407c2cedff20999df2af8eb42d56 -> 
  custom:scripting/monoscript/fileName/ObjectPoseServiceResponse.cs: 4835040a06592c037884d4ea1d5f8d63 -> 620467b7faa0547d7a2c3511e9703be2
  custom:scripting/monoscript/fileName/PosRotMsg.cs: abd368e715fc1c890b3798a7625cedb4 -> 37cbb950fd8d559e159b3f7c4a713652
  custom:audio-encoder-webm-vorbis: bf7c407c2cedff20999df2af8eb42d56 -> 
  custom:scripting/precompiled-assembly-types:Assembly-CSharp: c02ce6627e6b1d98d98e0d8dc1afacfc -> 8ca404f8a24693e23426b57e83396e6b
========================================================================
Received Prepare
Caller must complete domain reload
Begin MonoManager ReloadAssembly
- Loaded All Assemblies, in  0.636 seconds
Native extension for LinuxStandalone target not found
Native extension for Android target not found
[Package Manager] Server::EnsureServerProcessIsRunning -- launch failed, reason: Unity was launched with the -noUpm command-line argument
[Package Manager] UpmClient::Send -- Unable to send message (not connected to UPM process).
[Package Manager] Cannot connect to Unity Package Manager local server
Mono: successfully reloaded assembly
[Package Manager] Server::EnsureServerProcessIsRunning -- launch failed, reason: Unity was launched with the -noUpm command-line argument
[Package Manager] UpmClient::Send -- Unable to send message (not connected to UPM process).
[Package Manager] Cannot connect to Unity Package Manager local server
- Finished resetting the current domain, in  1.130 seconds
Domain Reload Profiling: 1765ms
	BeginReloadAssembly (182ms)
		ExecutionOrderSort (0ms)
		DisableScriptedObjects (6ms)
		BackupInstance (0ms)
		ReleaseScriptingObjects (0ms)
		CreateAndSetChildDomain (61ms)
	RebuildCommonClasses (52ms)
	RebuildNativeTypeToScriptingClass (15ms)
	initialDomainReloadingComplete (50ms)
	LoadAllAssembliesAndSetupDomain (335ms)
		LoadAssemblies (389ms)
		RebuildTransferFunctionScriptingTraits (0ms)
		AnalyzeDomain (28ms)
			TypeCache.Refresh (13ms)
				TypeCache.ScanAssembly (0ms)
			ScanForSourceGeneratedMonoScriptInfo (0ms)
			ResolveRequiredComponents (13ms)
	FinalizeReload (1131ms)
		ReleaseScriptCaches (0ms)
		RebuildScriptCaches (0ms)
		SetupLoadedEditorAssemblies (709ms)
			LogAssemblyErrors (0ms)
			InitializePlatformSupportModulesInManaged (59ms)
			SetLoadedEditorAssemblies (5ms)
			RefreshPlugins (0ms)
			BeforeProcessingInitializeOnLoad (97ms)
			ProcessInitializeOnLoadAttributes (468ms)
			ProcessInitializeOnLoadMethodAttributes (72ms)
			AfterProcessingInitializeOnLoad (8ms)
			EditorAssembliesLoaded (1ms)
		ExecutionOrderSort2 (0ms)
		AwakeInstancesAfterBackupRestoration (9ms)
Refreshing native plugins compatible for Editor in 1.41 ms, found 2 plugins.
Preloading 0 native plugins for Editor in 0.00 ms.
Unloading 3926 Unused Serialized files (Serialized files now loaded: 0)
Unloading 16 unused Assets / (29.0 KB). Loaded Objects now: 4630.
Memory consumption went from 133.1 MB to 133.1 MB.
Total: 7.422914 ms (FindLiveObjects: 0.488187 ms CreateObjectMapping: 0.137419 ms MarkObjects: 6.697749 ms  DeleteObjects: 0.096722 ms)

Prepare: number of updated asset objects reloaded= 0
AssetImportParameters requested are different than current active one (requested -> active):
  custom:container-demuxer-ogg: 62fdf1f143b41e24485cea50d1cbac27 -> 
  custom:scripting/monoscript/fileName/JointStateSubscriber.cs: a16c1fe57f836fb4ab55d7fecb5b9d6e -> 4dedc4a66c6e67481e12c8a20eda7a17
  custom:scripting/monoscript/fileName/UnityColorMsg.cs: dee5fdaf0f0de34c3b8a304af96f20a0 -> c0b80ff3cf83e3d05b0ba4f2f77d5b19
  custom:scripting/monoscript/fileName/ObjectPoseServiceRequest.cs: e8340b02528bd576f46ab0e8d32803a5 -> ac96913d6908110a6abd1a7bba739457
  custom:video-decoder-ogg-theora: a1e56fd34408186e4bbccfd4996cb3dc -> 
  custom:scripting/monoscript/fileName/CartesianInputMover.cs: 6e481e4dc4a81911d4aac901246306ea -> 352cebde0451330d3418c9b8170d7770
  custom:scripting/monoscript/fileName/PositionServiceRequest.cs: 604b7350a1923a5a9bd709fbb0ec64de -> 1b5332691515ff45a4b7b160d7af40cc
  custom:CustomObjectIndexerAttribute: 232f87dd983dbecb2a4e21e08eb2cef8 -> 
  custom:container-demuxer-webm: 4f35f7cbe854078d1ac9338744f61a02 -> 
  custom:container-muxer-webm: aa71ff27fc2769a1b78a27578f13a17b -> 
  custom:scripting/monoscript/fileName/CustomIKController.cs: 4df3f7e13d73c56e2a7133001d6862b9 -> 68a62c82b227cef8c0cb62a145e583d8
  custom:video-decoder-webm-vp8: 9c59270c3fd7afecdb556c50c9e8de78 -> 
  custom:SearchIndexIgnoredProperties: e643bd26f0fe6173181afceb89e7c659 -> 
  custom:AudioImporter_EditorPlatform: 2f0ff77a95e0ac474e3e8eeba4e2f7cb -> 
  custom:scripting/monoscript/fileName/PositionServiceResponse.cs: eb8b35c8ccd425d6366d4a98c4e4b483 -> 14d8e1b7be2a90ffc11a47ff3676c47b
  custom:video-encoder-webm-vp8: eb34c28f22e8b96e1ab97ce403110664 -> 
  custom:audio-decoder-ogg-vorbis: bf7c407c2cedff20999df2af8eb42d56 -> 
  custom:scripting/monoscript/fileName/ObjectPoseServiceResponse.cs: 4835040a06592c037884d4ea1d5f8d63 -> 620467b7faa0547d7a2c3511e9703be2
  custom:scripting/monoscript/fileName/PosRotMsg.cs: abd368e715fc1c890b3798a7625cedb4 -> 37cbb950fd8d559e159b3f7c4a713652
  custom:audio-encoder-webm-vorbis: bf7c407c2cedff20999df2af8eb42d56 -> 
  custom:scripting/precompiled-assembly-types:Assembly-CSharp: c02ce6627e6b1d98d98e0d8dc1afacfc -> 8ca404f8a24693e23426b57e83396e6b
========================================================================
Received Prepare
Caller must complete domain reload
Begin MonoManager ReloadAssembly
- Loaded All Assemblies, in  0.588 seconds
Native extension for LinuxStandalone target not found
Native extension for Android target not found
[Package Manager] Server::EnsureServerProcessIsRunning -- launch failed, reason: Unity was launched with the -noUpm command-line argument
[Package Manager] UpmClient::Send -- Unable to send message (not connected to UPM process).
[Package Manager] Cannot connect to Unity Package Manager local server
Mono: successfully reloaded assembly
[Package Manager] Server::EnsureServerProcessIsRunning -- launch failed, reason: Unity was launched with the -noUpm command-line argument
[Package Manager] UpmClient::Send -- Unable to send message (not connected to UPM process).
[Package Manager] Cannot connect to Unity Package Manager local server
- Finished resetting the current domain, in  0.896 seconds
Domain Reload Profiling: 1484ms
	BeginReloadAssembly (212ms)
		ExecutionOrderSort (0ms)
		DisableScriptedObjects (8ms)
		BackupInstance (0ms)
		ReleaseScriptingObjects (0ms)
		CreateAndSetChildDomain (69ms)
	RebuildCommonClasses (43ms)
	RebuildNativeTypeToScriptingClass (9ms)
	initialDomainReloadingComplete (35ms)
	LoadAllAssembliesAndSetupDomain (288ms)
		LoadAssemblies (360ms)
		RebuildTransferFunctionScriptingTraits (0ms)
		AnalyzeDomain (20ms)
			TypeCache.Refresh (10ms)
				TypeCache.ScanAssembly (0ms)
			ScanForSourceGeneratedMonoScriptInfo (0ms)
			ResolveRequiredComponents (9ms)
	FinalizeReload (897ms)
		ReleaseScriptCaches (0ms)
		RebuildScriptCaches (0ms)
		SetupLoadedEditorAssemblies (531ms)
			LogAssemblyErrors (0ms)
			InitializePlatformSupportModulesInManaged (54ms)
			SetLoadedEditorAssemblies (5ms)
			RefreshPlugins (0ms)
			BeforeProcessingInitializeOnLoad (71ms)
			ProcessInitializeOnLoadAttributes (339ms)
			ProcessInitializeOnLoadMethodAttributes (59ms)
			AfterProcessingInitializeOnLoad (4ms)
			EditorAssembliesLoaded (0ms)
		ExecutionOrderSort2 (0ms)
		AwakeInstancesAfterBackupRestoration (7ms)
Refreshing native plugins compatible for Editor in 1.56 ms, found 2 plugins.
Preloading 0 native plugins for Editor in 0.00 ms.
Unloading 3926 Unused Serialized files (Serialized files now loaded: 0)
Unloading 16 unused Assets / (29.0 KB). Loaded Objects now: 4634.
Memory consumption went from 133.1 MB to 133.1 MB.
Total: 10.189965 ms (FindLiveObjects: 0.663862 ms CreateObjectMapping: 0.272580 ms MarkObjects: 8.968227 ms  DeleteObjects: 0.281171 ms)

Prepare: number of updated asset objects reloaded= 0
AssetImportParameters requested are different than current active one (requested -> active):
  custom:container-demuxer-ogg: 62fdf1f143b41e24485cea50d1cbac27 -> 
  custom:scripting/monoscript/fileName/JointStateSubscriber.cs: a16c1fe57f836fb4ab55d7fecb5b9d6e -> 4dedc4a66c6e67481e12c8a20eda7a17
  custom:scripting/monoscript/fileName/UnityColorMsg.cs: dee5fdaf0f0de34c3b8a304af96f20a0 -> c0b80ff3cf83e3d05b0ba4f2f77d5b19
  custom:scripting/monoscript/fileName/ObjectPoseServiceRequest.cs: e8340b02528bd576f46ab0e8d32803a5 -> ac96913d6908110a6abd1a7bba739457
  custom:video-decoder-ogg-theora: a1e56fd34408186e4bbccfd4996cb3dc -> 
  custom:scripting/monoscript/fileName/CartesianInputMover.cs: 6e481e4dc4a81911d4aac901246306ea -> 352cebde0451330d3418c9b8170d7770
  custom:scripting/monoscript/fileName/PositionServiceRequest.cs: 604b7350a1923a5a9bd709fbb0ec64de -> 1b5332691515ff45a4b7b160d7af40cc
  custom:CustomObjectIndexerAttribute: 232f87dd983dbecb2a4e21e08eb2cef8 -> 
  custom:container-demuxer-webm: 4f35f7cbe854078d1ac9338744f61a02 -> 
  custom:container-muxer-webm: aa71ff27fc2769a1b78a27578f13a17b -> 
  custom:scripting/monoscript/fileName/CustomIKController.cs: 4df3f7e13d73c56e2a7133001d6862b9 -> 68a62c82b227cef8c0cb62a145e583d8
  custom:video-decoder-webm-vp8: 9c59270c3fd7afecdb556c50c9e8de78 -> 
  custom:SearchIndexIgnoredProperties: e643bd26f0fe6173181afceb89e7c659 -> 
  custom:AudioImporter_EditorPlatform: 2f0ff77a95e0ac474e3e8eeba4e2f7cb -> 
  custom:scripting/monoscript/fileName/PositionServiceResponse.cs: eb8b35c8ccd425d6366d4a98c4e4b483 -> 14d8e1b7be2a90ffc11a47ff3676c47b
  custom:video-encoder-webm-vp8: eb34c28f22e8b96e1ab97ce403110664 -> 
  custom:audio-decoder-ogg-vorbis: bf7c407c2cedff20999df2af8eb42d56 -> 
  custom:scripting/monoscript/fileName/ObjectPoseServiceResponse.cs: 4835040a06592c037884d4ea1d5f8d63 -> 620467b7faa0547d7a2c3511e9703be2
  custom:scripting/monoscript/fileName/PosRotMsg.cs: abd368e715fc1c890b3798a7625cedb4 -> 37cbb950fd8d559e159b3f7c4a713652
  custom:audio-encoder-webm-vorbis: bf7c407c2cedff20999df2af8eb42d56 -> 
  custom:scripting/precompiled-assembly-types:Assembly-CSharp: c02ce6627e6b1d98d98e0d8dc1afacfc -> 8ca404f8a24693e23426b57e83396e6b
========================================================================
Received Prepare
Caller must complete domain reload
Begin MonoManager ReloadAssembly
- Loaded All Assemblies, in  0.563 seconds
Native extension for LinuxStandalone target not found
Native extension for Android target not found
[Package Manager] Server::EnsureServerProcessIsRunning -- launch failed, reason: Unity was launched with the -noUpm command-line argument
[Package Manager] UpmClient::Send -- Unable to send message (not connected to UPM process).
[Package Manager] Cannot connect to Unity Package Manager local server
Mono: successfully reloaded assembly
[Package Manager] Server::EnsureServerProcessIsRunning -- launch failed, reason: Unity was launched with the -noUpm command-line argument
[Package Manager] UpmClient::Send -- Unable to send message (not connected to UPM process).
[Package Manager] Cannot connect to Unity Package Manager local server
- Finished resetting the current domain, in  0.951 seconds
Domain Reload Profiling: 1514ms
	BeginReloadAssembly (193ms)
		ExecutionOrderSort (0ms)
		DisableScriptedObjects (6ms)
		BackupInstance (0ms)
		ReleaseScriptingObjects (0ms)
		CreateAndSetChildDomain (65ms)
	RebuildCommonClasses (40ms)
	RebuildNativeTypeToScriptingClass (8ms)
	initialDomainReloadingComplete (32ms)
	LoadAllAssembliesAndSetupDomain (290ms)
		LoadAssemblies (354ms)
		RebuildTransferFunctionScriptingTraits (0ms)
		AnalyzeDomain (19ms)
			TypeCache.Refresh (9ms)
				TypeCache.ScanAssembly (0ms)
			ScanForSourceGeneratedMonoScriptInfo (0ms)
			ResolveRequiredComponents (8ms)
	FinalizeReload (952ms)
		ReleaseScriptCaches (0ms)
		RebuildScriptCaches (0ms)
		SetupLoadedEditorAssemblies (580ms)
			LogAssemblyErrors (0ms)
			InitializePlatformSupportModulesInManaged (58ms)
			SetLoadedEditorAssemblies (6ms)
			RefreshPlugins (0ms)
			BeforeProcessingInitializeOnLoad (97ms)
			ProcessInitializeOnLoadAttributes (372ms)
			ProcessInitializeOnLoadMethodAttributes (43ms)
			AfterProcessingInitializeOnLoad (4ms)
			EditorAssembliesLoaded (0ms)
		ExecutionOrderSort2 (0ms)
		AwakeInstancesAfterBackupRestoration (6ms)
Refreshing native plugins compatible for Editor in 1.58 ms, found 2 plugins.
Preloading 0 native plugins for Editor in 0.00 ms.
Unloading 3926 Unused Serialized files (Serialized files now loaded: 0)
Unloading 16 unused Assets / (29.0 KB). Loaded Objects now: 4638.
Memory consumption went from 133.1 MB to 133.1 MB.
Total: 6.690437 ms (FindLiveObjects: 0.466720 ms CreateObjectMapping: 0.509635 ms MarkObjects: 5.609266 ms  DeleteObjects: 0.101676 ms)

Prepare: number of updated asset objects reloaded= 0
AssetImportParameters requested are different than current active one (requested -> active):
  custom:container-demuxer-ogg: 62fdf1f143b41e24485cea50d1cbac27 -> 
  custom:scripting/monoscript/fileName/JointStateSubscriber.cs: a16c1fe57f836fb4ab55d7fecb5b9d6e -> 4dedc4a66c6e67481e12c8a20eda7a17
  custom:scripting/monoscript/fileName/UnityColorMsg.cs: dee5fdaf0f0de34c3b8a304af96f20a0 -> c0b80ff3cf83e3d05b0ba4f2f77d5b19
  custom:scripting/monoscript/fileName/ObjectPoseServiceRequest.cs: e8340b02528bd576f46ab0e8d32803a5 -> ac96913d6908110a6abd1a7bba739457
  custom:video-decoder-ogg-theora: a1e56fd34408186e4bbccfd4996cb3dc -> 
  custom:scripting/monoscript/fileName/CartesianInputMover.cs: 6e481e4dc4a81911d4aac901246306ea -> 352cebde0451330d3418c9b8170d7770
  custom:scripting/monoscript/fileName/PositionServiceRequest.cs: 604b7350a1923a5a9bd709fbb0ec64de -> 1b5332691515ff45a4b7b160d7af40cc
  custom:CustomObjectIndexerAttribute: 232f87dd983dbecb2a4e21e08eb2cef8 -> 
  custom:container-demuxer-webm: 4f35f7cbe854078d1ac9338744f61a02 -> 
  custom:container-muxer-webm: aa71ff27fc2769a1b78a27578f13a17b -> 
  custom:scripting/monoscript/fileName/CustomIKController.cs: 4df3f7e13d73c56e2a7133001d6862b9 -> 68a62c82b227cef8c0cb62a145e583d8
  custom:video-decoder-webm-vp8: 9c59270c3fd7afecdb556c50c9e8de78 -> 
  custom:SearchIndexIgnoredProperties: e643bd26f0fe6173181afceb89e7c659 -> 
  custom:AudioImporter_EditorPlatform: 2f0ff77a95e0ac474e3e8eeba4e2f7cb -> 
  custom:scripting/monoscript/fileName/PositionServiceResponse.cs: eb8b35c8ccd425d6366d4a98c4e4b483 -> 14d8e1b7be2a90ffc11a47ff3676c47b
  custom:video-encoder-webm-vp8: eb34c28f22e8b96e1ab97ce403110664 -> 
  custom:audio-decoder-ogg-vorbis: bf7c407c2cedff20999df2af8eb42d56 -> 
  custom:scripting/monoscript/fileName/ObjectPoseServiceResponse.cs: 4835040a06592c037884d4ea1d5f8d63 -> 620467b7faa0547d7a2c3511e9703be2
  custom:scripting/monoscript/fileName/PosRotMsg.cs: abd368e715fc1c890b3798a7625cedb4 -> 37cbb950fd8d559e159b3f7c4a713652
  custom:audio-encoder-webm-vorbis: bf7c407c2cedff20999df2af8eb42d56 -> 
  custom:scripting/precompiled-assembly-types:Assembly-CSharp: c02ce6627e6b1d98d98e0d8dc1afacfc -> 8ca404f8a24693e23426b57e83396e6b
========================================================================
Received Prepare
Caller must complete domain reload
Begin MonoManager ReloadAssembly
- Loaded All Assemblies, in  0.396 seconds
Native extension for LinuxStandalone target not found
Native extension for Android target not found
[Package Manager] Server::EnsureServerProcessIsRunning -- launch failed, reason: Unity was launched with the -noUpm command-line argument
[Package Manager] UpmClient::Send -- Unable to send message (not connected to UPM process).
[Package Manager] Cannot connect to Unity Package Manager local server
Mono: successfully reloaded assembly
[Package Manager] Server::EnsureServerProcessIsRunning -- launch failed, reason: Unity was launched with the -noUpm command-line argument
[Package Manager] UpmClient::Send -- Unable to send message (not connected to UPM process).
[Package Manager] Cannot connect to Unity Package Manager local server
- Finished resetting the current domain, in  0.702 seconds
Domain Reload Profiling: 1098ms
	BeginReloadAssembly (118ms)
		ExecutionOrderSort (0ms)
		DisableScriptedObjects (4ms)
		BackupInstance (0ms)
		ReleaseScriptingObjects (0ms)
		CreateAndSetChildDomain (41ms)
	RebuildCommonClasses (29ms)
	RebuildNativeTypeToScriptingClass (6ms)
	initialDomainReloadingComplete (22ms)
	LoadAllAssembliesAndSetupDomain (222ms)
		LoadAssemblies (245ms)
		RebuildTransferFunctionScriptingTraits (0ms)
		AnalyzeDomain (20ms)
			TypeCache.Refresh (8ms)
				TypeCache.ScanAssembly (0ms)
			ScanForSourceGeneratedMonoScriptInfo (0ms)
			ResolveRequiredComponents (10ms)
	FinalizeReload (702ms)
		ReleaseScriptCaches (0ms)
		RebuildScriptCaches (0ms)
		SetupLoadedEditorAssemblies (332ms)
			LogAssemblyErrors (0ms)
			InitializePlatformSupportModulesInManaged (40ms)
			SetLoadedEditorAssemblies (4ms)
			RefreshPlugins (0ms)
			BeforeProcessingInitializeOnLoad (47ms)
			ProcessInitializeOnLoadAttributes (206ms)
			ProcessInitializeOnLoadMethodAttributes (32ms)
			AfterProcessingInitializeOnLoad (3ms)
			EditorAssembliesLoaded (0ms)
		ExecutionOrderSort2 (0ms)
		AwakeInstancesAfterBackupRestoration (4ms)
Refreshing native plugins compatible for Editor in 0.92 ms, found 2 plugins.
Preloading 0 native plugins for Editor in 0.00 ms.
Unloading 3926 Unused Serialized files (Serialized files now loaded: 0)
Unloading 16 unused Assets / (29.0 KB). Loaded Objects now: 4642.
Memory consumption went from 133.1 MB to 133.1 MB.
Total: 5.482920 ms (FindLiveObjects: 0.474831 ms CreateObjectMapping: 0.170116 ms MarkObjects: 4.742216 ms  DeleteObjects: 0.094021 ms)

Prepare: number of updated asset objects reloaded= 0
AssetImportParameters requested are different than current active one (requested -> active):
  custom:container-demuxer-ogg: 62fdf1f143b41e24485cea50d1cbac27 -> 
  custom:scripting/monoscript/fileName/JointStateSubscriber.cs: a16c1fe57f836fb4ab55d7fecb5b9d6e -> 4dedc4a66c6e67481e12c8a20eda7a17
  custom:scripting/monoscript/fileName/UnityColorMsg.cs: dee5fdaf0f0de34c3b8a304af96f20a0 -> c0b80ff3cf83e3d05b0ba4f2f77d5b19
  custom:scripting/monoscript/fileName/ObjectPoseServiceRequest.cs: e8340b02528bd576f46ab0e8d32803a5 -> ac96913d6908110a6abd1a7bba739457
  custom:video-decoder-ogg-theora: a1e56fd34408186e4bbccfd4996cb3dc -> 
  custom:scripting/monoscript/fileName/CartesianInputMover.cs: 6e481e4dc4a81911d4aac901246306ea -> 352cebde0451330d3418c9b8170d7770
  custom:scripting/monoscript/fileName/PositionServiceRequest.cs: 604b7350a1923a5a9bd709fbb0ec64de -> 1b5332691515ff45a4b7b160d7af40cc
  custom:CustomObjectIndexerAttribute: 232f87dd983dbecb2a4e21e08eb2cef8 -> 
  custom:container-demuxer-webm: 4f35f7cbe854078d1ac9338744f61a02 -> 
  custom:container-muxer-webm: aa71ff27fc2769a1b78a27578f13a17b -> 
  custom:scripting/monoscript/fileName/CustomIKController.cs: 4df3f7e13d73c56e2a7133001d6862b9 -> 68a62c82b227cef8c0cb62a145e583d8
  custom:video-decoder-webm-vp8: 9c59270c3fd7afecdb556c50c9e8de78 -> 
  custom:SearchIndexIgnoredProperties: e643bd26f0fe6173181afceb89e7c659 -> 
  custom:AudioImporter_EditorPlatform: 2f0ff77a95e0ac474e3e8eeba4e2f7cb -> 
  custom:scripting/monoscript/fileName/PositionServiceResponse.cs: eb8b35c8ccd425d6366d4a98c4e4b483 -> 14d8e1b7be2a90ffc11a47ff3676c47b
  custom:video-encoder-webm-vp8: eb34c28f22e8b96e1ab97ce403110664 -> 
  custom:audio-decoder-ogg-vorbis: bf7c407c2cedff20999df2af8eb42d56 -> 
  custom:scripting/monoscript/fileName/ObjectPoseServiceResponse.cs: 4835040a06592c037884d4ea1d5f8d63 -> 620467b7faa0547d7a2c3511e9703be2
  custom:scripting/monoscript/fileName/PosRotMsg.cs: abd368e715fc1c890b3798a7625cedb4 -> 37cbb950fd8d559e159b3f7c4a713652
  custom:audio-encoder-webm-vorbis: bf7c407c2cedff20999df2af8eb42d56 -> 
  custom:scripting/precompiled-assembly-types:Assembly-CSharp: c02ce6627e6b1d98d98e0d8dc1afacfc -> 8ca404f8a24693e23426b57e83396e6b
