Unity Editor version:    2022.3.62f1 (4af31df58517)
Branch:                  2022.3/staging
Build type:              Release
Batch mode:              YES
System name:             Linux
Distro version:          #149~20.04.1-Ubuntu SMP Wed Apr 16 08:29:56 UTC 2025
Kernel version:          5.15.0-139-generic
Architecture:            x86_64
Available memory:        15674 MB
Using pre-set license
Pro License: YES
Desktop is 1920 x 2160 @ 60 Hz
Initialize udev device monitor.

COMMAND LINE ARGUMENTS:
Unity
-adb2
-batchMode
-noUpm
-name
AssetImportWorker2
-projectPath
/home/miguel/miguel_ws/src/Unity_2022.3.62f1_robot_V2
-logFile
Logs/AssetImportWorker2.log
-srvPort
33815
Successfully changed project path to: /home/miguel/miguel_ws/src/Unity_2022.3.62f1_robot_V2
/home/miguel/miguel_ws/src/Unity_2022.3.62f1_robot_V2
[UnityMemory] Configuration Parameters - Can be set up in boot.config
    "memorysetup-bucket-allocator-granularity=16"
    "memorysetup-bucket-allocator-bucket-count=8"
    "memorysetup-bucket-allocator-block-size=33554432"
    "memorysetup-bucket-allocator-block-count=8"
    "memorysetup-main-allocator-block-size=16777216"
    "memorysetup-thread-allocator-block-size=16777216"
    "memorysetup-gfx-main-allocator-block-size=16777216"
    "memorysetup-gfx-thread-allocator-block-size=16777216"
    "memorysetup-cache-allocator-block-size=4194304"
    "memorysetup-typetree-allocator-block-size=2097152"
    "memorysetup-profiler-bucket-allocator-granularity=16"
    "memorysetup-profiler-bucket-allocator-bucket-count=8"
    "memorysetup-profiler-bucket-allocator-block-size=33554432"
    "memorysetup-profiler-bucket-allocator-block-count=8"
    "memorysetup-profiler-allocator-block-size=16777216"
    "memorysetup-profiler-editor-allocator-block-size=1048576"
    "memorysetup-temp-allocator-size-main=16777216"
    "memorysetup-job-temp-allocator-block-size=2097152"
    "memorysetup-job-temp-allocator-block-size-background=1048576"
    "memorysetup-job-temp-allocator-reduction-small-platforms=262144"
    "memorysetup-allocator-temp-initial-block-size-main=262144"
    "memorysetup-allocator-temp-initial-block-size-worker=262144"
    "memorysetup-temp-allocator-size-background-worker=32768"
    "memorysetup-temp-allocator-size-job-worker=262144"
    "memorysetup-temp-allocator-size-preload-manager=33554432"
    "memorysetup-temp-allocator-size-nav-mesh-worker=65536"
    "memorysetup-temp-allocator-size-audio-worker=65536"
    "memorysetup-temp-allocator-size-cloud-worker=32768"
    "memorysetup-temp-allocator-size-gi-baking-worker=262144"
    "memorysetup-temp-allocator-size-gfx=262144"
Player connection [140512946385856]  Target information:

Player connection [140512946385856]  * "[IP] 192.168.0.24 [Port] 0 [Flags] 2 [Guid] 4026188910 [EditorId] 4026188910 [Version] 1048832 [Id] LinuxEditor(16,192.168.0.24) [Debug] 1 [PackageName] LinuxEditor [ProjectName] Editor" 

Player connection [140512946385856] Host joined multi-casting on [225.0.0.222:54997]...
Player connection [140512946385856] Host joined alternative multi-casting on [225.0.0.222:34997]...
Input System module state changed to: Initialized.
[PhysX] Initialized MultithreadedTaskDispatcher with 12 workers.
Refreshing native plugins compatible for Editor in 3,48 ms, found 2 plugins.
Preloading 0 native plugins for Editor in 0,00 ms.
Initialize engine version: 2022.3.62f1 (4af31df58517)
[Subsystems] Discovering subsystems at path /home/miguel/Unity/Hub/Editor/2022.3.62f1/Editor/Data/Resources/UnitySubsystems
[Subsystems] Discovering subsystems at path /home/miguel/miguel_ws/src/Unity_2022.3.62f1_robot_V2/Assets
GLX Extensions: GLX_ARB_create_context GLX_ARB_create_context_no_error GLX_ARB_create_context_profile GLX_ARB_create_context_robustness GLX_ARB_fbconfig_float GLX_ARB_framebuffer_sRGB GLX_ARB_get_proc_address GLX_ARB_multisample GLX_EXT_buffer_age GLX_EXT_create_context_es2_profile GLX_EXT_create_context_es_profile GLX_EXT_fbconfig_packed_float GLX_EXT_framebuffer_sRGB GLX_EXT_import_context GLX_EXT_no_config_context GLX_EXT_swap_control GLX_EXT_swap_control_tear GLX_EXT_texture_from_pixmap GLX_EXT_visual_info GLX_EXT_visual_rating GLX_INTEL_swap_event GLX_MESA_copy_sub_buffer GLX_MESA_query_renderer GLX_MESA_swap_control GLX_OML_swap_method GLX_OML_sync_control GLX_SGIS_multisample GLX_SGIX_fbconfig GLX_SGIX_pbuffer GLX_SGIX_visual_select_group GLX_SGI_make_current_read GLX_SGI_swap_control GLX_SGI_video_sync 
Renderer: Mesa Intel(R) Graphics (ADL GT2)
Vendor:   Intel
Version:  4.6 (Core Profile) Mesa 21.2.6
GLES:     0
 GL_3DFX_texture_compression_FXT1 GL_AMD_conservative_depth GL_AMD_depth_clamp_separate GL_AMD_draw_buffers_blend GL_AMD_gpu_shader_int64 GL_AMD_multi_draw_indirect GL_AMD_performance_monitor GL_AMD_pinned_memory GL_AMD_query_buffer_object GL_AMD_seamless_cubemap_per_texture GL_AMD_shader_stencil_export GL_AMD_shader_trinary_minmax GL_AMD_texture_texture4 GL_AMD_vertex_shader_layer GL_AMD_vertex_shader_viewport_index GL_ANGLE_texture_compression_dxt3 GL_ANGLE_texture_compression_dxt5 GL_ARB_ES2_compatibility GL_ARB_ES3_1_compatibility GL_ARB_ES3_2_compatibility GL_ARB_ES3_compatibility GL_ARB_arrays_of_arrays GL_ARB_base_instance GL_ARB_blend_func_extended GL_ARB_buffer_storage GL_ARB_clear_buffer_object GL_ARB_clear_texture GL_ARB_clip_control GL_ARB_compressed_texture_pixel_storage GL_ARB_compute_shader GL_ARB_compute_variable_group_size GL_ARB_conditional_render_inverted GL_ARB_conservative_depth GL_ARB_copy_buffer GL_ARB_copy_image GL_ARB_cull_distance GL_ARB_debug_output GL_ARB_depth_buffer_float GL_ARB
_depth_clamp GL_ARB_derivative_control GL_ARB_direct_state_access GL_ARB_draw_buffers GL_ARB_draw_buffers_blend GL_ARB_draw_elements_base_vertex GL_ARB_draw_indirect GL_ARB_draw_instanced GL_ARB_enhanced_layouts GL_ARB_explicit_attrib_location GL_ARB_explicit_uniform_location GL_ARB_fragment_coord_conventions GL_ARB_fragment_layer_viewport GL_ARB_fragment_shader GL_ARB_fragment_shader_interlock GL_ARB_framebuffer_no_attachments GL_ARB_framebuffer_object GL_ARB_framebuffer_sRGB GL_ARB_get_program_binary GL_ARB_get_texture_sub_image GL_ARB_gl_spirv GL_ARB_gpu_shader5 GL_ARB_gpu_shader_fp64 GL_ARB_gpu_shader_int64 GL_ARB_half_float_pixel GL_ARB_half_float_vertex GL_ARB_indirect_parameters GL_ARB_instanced_arrays GL_ARB_internalformat_query GL_ARB_internalformat_query2 GL_ARB_invalidate_subdata GL_ARB_map_buffer_alignment GL_ARB_map_buffer_range GL_ARB_multi_bind GL_ARB_multi_draw_indirect GL_ARB_occlusion_query2 GL_ARB_parallel_shader_compile GL_ARB_pipeline_statistics_query GL_ARB_pixel_buffer_object GL_ARB_po
int_sprite GL_ARB_polygon_offset_clamp GL_ARB_post_depth_coverage GL_ARB_program_interface_query GL_ARB_provoking_vertex GL_ARB_query_buffer_object GL_ARB_robust_buffer_access_behavior GL_ARB_robustness GL_ARB_sample_shading GL_ARB_sampler_objects GL_ARB_seamless_cube_map GL_ARB_seamless_cubemap_per_texture GL_ARB_separate_shader_objects GL_ARB_shader_atomic_counter_ops GL_ARB_shader_atomic_counters GL_ARB_shader_ballot GL_ARB_shader_bit_encoding GL_ARB_shader_clock GL_ARB_shader_draw_parameters GL_ARB_shader_group_vote GL_ARB_shader_image_load_store GL_ARB_shader_image_size GL_ARB_shader_objects GL_ARB_shader_precision GL_ARB_shader_stencil_export GL_ARB_shader_storage_buffer_object GL_ARB_shader_subroutine GL_ARB_shader_texture_image_samples GL_ARB_shader_texture_lod GL_ARB_shader_viewport_layer_array GL_ARB_shading_language_420pack GL_ARB_shading_language_include GL_ARB_shading_language_packing GL_ARB_spirv_extensions GL_ARB_stencil_texturing GL_ARB_sync GL_ARB_tessellation_shader GL_ARB_texture_barrier G
L_ARB_texture_buffer_object GL_ARB_texture_buffer_object_rgb32 GL_ARB_texture_buffer_range GL_ARB_texture_compression_bptc GL_ARB_texture_compression_rgtc GL_ARB_texture_cube_map_array GL_ARB_texture_filter_anisotropic GL_ARB_texture_float GL_ARB_texture_gather GL_ARB_texture_mirror_clamp_to_edge GL_ARB_texture_multisample GL_ARB_texture_non_power_of_two GL_ARB_texture_query_levels GL_ARB_texture_query_lod GL_ARB_texture_rectangle GL_ARB_texture_rg GL_ARB_texture_rgb10_a2ui GL_ARB_texture_stencil8 GL_ARB_texture_storage GL_ARB_texture_storage_multisample GL_ARB_texture_swizzle GL_ARB_texture_view GL_ARB_timer_query GL_ARB_transform_feedback2 GL_ARB_transform_feedback3 GL_ARB_transform_feedback_instanced GL_ARB_transform_feedback_overflow_query GL_ARB_uniform_buffer_object GL_ARB_vertex_array_bgra GL_ARB_vertex_array_object GL_ARB_vertex_attrib_64bit GL_ARB_vertex_attrib_binding GL_ARB_vertex_buffer_object GL_ARB_vertex_shader GL_ARB_vertex_type_10f_11f_11f_rev GL_ARB_vertex_type_2_10_10_10_rev GL_ARB_viewpor
t_array GL_ATI_blend_equation_separate GL_ATI_texture_float GL_EXT_EGL_image_storage GL_EXT_EGL_sync GL_EXT_abgr GL_EXT_blend_equation_separate GL_EXT_demote_to_helper_invocation GL_EXT_depth_bounds_test GL_EXT_draw_buffers2 GL_EXT_draw_instanced GL_EXT_framebuffer_blit GL_EXT_framebuffer_multisample GL_EXT_framebuffer_multisample_blit_scaled GL_EXT_framebuffer_object GL_EXT_framebuffer_sRGB GL_EXT_memory_object GL_EXT_memory_object_fd GL_EXT_packed_depth_stencil GL_EXT_packed_float GL_EXT_pixel_buffer_object GL_EXT_polygon_offset_clamp GL_EXT_provoking_vertex GL_EXT_semaphore GL_EXT_semaphore_fd GL_EXT_shader_framebuffer_fetch GL_EXT_shader_framebuffer_fetch_non_coherent GL_EXT_shader_integer_mix GL_EXT_shader_samples_identical GL_EXT_texture_array GL_EXT_texture_compression_dxt1 GL_EXT_texture_compression_rgtc GL_EXT_texture_compression_s3tc GL_EXT_texture_filter_anisotropic GL_EXT_texture_integer GL_EXT_texture_sRGB GL_EXT_texture_sRGB_R8 GL_EXT_texture_sRGB_decode GL_EXT_texture_shadow_lod GL_EXT_texture
_shared_exponent GL_EXT_texture_snorm GL_EXT_texture_swizzle GL_EXT_timer_query GL_EXT_transform_feedback GL_EXT_vertex_array_bgra GL_EXT_vertex_attrib_64bit GL_IBM_multimode_draw_arrays GL_INTEL_blackhole_render GL_INTEL_conservative_rasterization GL_INTEL_performance_query GL_INTEL_shader_atomic_float_minmax GL_INTEL_shader_integer_functions2 GL_KHR_blend_equation_advanced GL_KHR_blend_equation_advanced_coherent GL_KHR_context_flush_control GL_KHR_debug GL_KHR_no_error GL_KHR_parallel_shader_compile GL_KHR_robust_buffer_access_behavior GL_KHR_robustness GL_KHR_texture_compression_astc_ldr GL_KHR_texture_compression_astc_sliced_3d GL_MESA_framebuffer_flip_y GL_MESA_pack_invert GL_MESA_shader_integer_functions GL_MESA_texture_signed_rgba GL_NV_compute_shader_derivatives GL_NV_conditional_render GL_NV_copy_image GL_NV_depth_clamp GL_NV_fragment_shader_interlock GL_NV_packed_depth_stencil GL_NV_texture_barrier GL_OES_EGL_image GL_S3_s3tc
OPENGL LOG: Creating OpenGL 4.6 graphics device ; Context level  <OpenGL 4.5> ; Context handle 1253289584
../src/intel/isl/isl.c:2105: FINISHME: ../src/intel/isl/isl.c:isl_surf_supports_ccs: CCS for 3D textures is disabled, but a workaround is available.
Initialize mono
Mono path[0] = '/home/miguel/Unity/Hub/Editor/2022.3.62f1/Editor/Data/Managed'
Mono path[1] = '/home/miguel/Unity/Hub/Editor/2022.3.62f1/Editor/Data/MonoBleedingEdge/lib/mono/unityjit-linux'
Mono config path = '/home/miguel/Unity/Hub/Editor/2022.3.62f1/Editor/Data/MonoBleedingEdge/etc'
Using monoOptions --debugger-agent=transport=dt_socket,embedding=1,server=y,suspend=n,address=127.0.0.1:56865
Begin MonoManager ReloadAssembly
Registering precompiled unity dll's ...
Register platform support module: /home/miguel/Unity/Hub/Editor/2022.3.62f1/Editor/Data/PlaybackEngines/AndroidPlayer/UnityEditor.Android.Extensions.dll
Register platform support module: /home/miguel/Unity/Hub/Editor/2022.3.62f1/Editor/Data/PlaybackEngines/LinuxStandaloneSupport/UnityEditor.LinuxStandalone.Extensions.dll
Registered in 0,007379 seconds.
- Loaded All Assemblies, in  0,346 seconds
Native extension for LinuxStandalone target not found
Native extension for Android target not found
Android Extension - Scanning For ADB Devices 326 ms
Mono: successfully reloaded assembly
- Finished resetting the current domain, in  0,718 seconds
Domain Reload Profiling: 1064ms
	BeginReloadAssembly (87ms)
		ExecutionOrderSort (0ms)
		DisableScriptedObjects (0ms)
		BackupInstance (0ms)
		ReleaseScriptingObjects (0ms)
		CreateAndSetChildDomain (2ms)
	RebuildCommonClasses (47ms)
	RebuildNativeTypeToScriptingClass (10ms)
	initialDomainReloadingComplete (69ms)
	LoadAllAssembliesAndSetupDomain (131ms)
		LoadAssemblies (86ms)
		RebuildTransferFunctionScriptingTraits (0ms)
		AnalyzeDomain (129ms)
			TypeCache.Refresh (128ms)
				TypeCache.ScanAssembly (116ms)
			ScanForSourceGeneratedMonoScriptInfo (0ms)
			ResolveRequiredComponents (0ms)
	FinalizeReload (719ms)
		ReleaseScriptCaches (0ms)
		RebuildScriptCaches (0ms)
		SetupLoadedEditorAssemblies (656ms)
			LogAssemblyErrors (0ms)
			InitializePlatformSupportModulesInManaged (461ms)
			SetLoadedEditorAssemblies (6ms)
			RefreshPlugins (0ms)
			BeforeProcessingInitializeOnLoad (3ms)
			ProcessInitializeOnLoadAttributes (145ms)
			ProcessInitializeOnLoadMethodAttributes (40ms)
			AfterProcessingInitializeOnLoad (0ms)
			EditorAssembliesLoaded (0ms)
		ExecutionOrderSort2 (0ms)
		AwakeInstancesAfterBackupRestoration (0ms)
========================================================================
Worker process is ready to serve import requests
Caller must complete domain reload
Begin MonoManager ReloadAssembly
- Loaded All Assemblies, in  0,426 seconds
Native extension for LinuxStandalone target not found
Native extension for Android target not found
Package Manager log level set to [2]
[Package Manager] Server::EnsureServerProcessIsRunning -- launch failed, reason: Unity was launched with the -noUpm command-line argument
[Package Manager] UpmClient::Send -- Unable to send message (not connected to UPM process).
[Package Manager] Cannot connect to Unity Package Manager local server
Mono: successfully reloaded assembly
[Package Manager] Server::EnsureServerProcessIsRunning -- launch failed, reason: Unity was launched with the -noUpm command-line argument
[Package Manager] UpmClient::Send -- Unable to send message (not connected to UPM process).
[Package Manager] Cannot connect to Unity Package Manager local server
[Package Manager] Server::EnsureServerProcessIsRunning -- launch failed, reason: Unity was launched with the -noUpm command-line argument
[Package Manager] UpmClient::Send -- Unable to send message (not connected to UPM process).
[Package Manager] Cannot connect to Unity Package Manager local server
- Finished resetting the current domain, in  0,379 seconds
Domain Reload Profiling: 805ms
	BeginReloadAssembly (123ms)
		ExecutionOrderSort (0ms)
		DisableScriptedObjects (3ms)
		BackupInstance (0ms)
		ReleaseScriptingObjects (0ms)
		CreateAndSetChildDomain (24ms)
	RebuildCommonClasses (22ms)
	RebuildNativeTypeToScriptingClass (5ms)
	initialDomainReloadingComplete (28ms)
	LoadAllAssembliesAndSetupDomain (247ms)
		LoadAssemblies (197ms)
		RebuildTransferFunctionScriptingTraits (0ms)
		AnalyzeDomain (124ms)
			TypeCache.Refresh (107ms)
				TypeCache.ScanAssembly (97ms)
			ScanForSourceGeneratedMonoScriptInfo (12ms)
			ResolveRequiredComponents (4ms)
	FinalizeReload (379ms)
		ReleaseScriptCaches (0ms)
		RebuildScriptCaches (0ms)
		SetupLoadedEditorAssemblies (277ms)
			LogAssemblyErrors (0ms)
			InitializePlatformSupportModulesInManaged (24ms)
			SetLoadedEditorAssemblies (2ms)
			RefreshPlugins (0ms)
			BeforeProcessingInitializeOnLoad (37ms)
			ProcessInitializeOnLoadAttributes (184ms)
			ProcessInitializeOnLoadMethodAttributes (28ms)
			AfterProcessingInitializeOnLoad (2ms)
			EditorAssembliesLoaded (0ms)
		ExecutionOrderSort2 (0ms)
		AwakeInstancesAfterBackupRestoration (3ms)
Launched and connected shader compiler UnityShaderCompiler after 0.01 seconds
Refreshing native plugins compatible for Editor in 0.93 ms, found 2 plugins.
Preloading 0 native plugins for Editor in 0.00 ms.
Unloading 3941 Unused Serialized files (Serialized files now loaded: 0)
Unloading 21 unused Assets / (45.9 KB). Loaded Objects now: 4409.
Memory consumption went from 135.0 MB to 135.0 MB.
Total: 4.913869 ms (FindLiveObjects: 0.338318 ms CreateObjectMapping: 0.128892 ms MarkObjects: 4.226859 ms  DeleteObjects: 0.218494 ms)

AssetImportParameters requested are different than current active one (requested -> active):
  custom:container-demuxer-ogg: 62fdf1f143b41e24485cea50d1cbac27 -> 
  custom:video-decoder-ogg-theora: a1e56fd34408186e4bbccfd4996cb3dc -> 
  custom:CustomObjectIndexerAttribute: 232f87dd983dbecb2a4e21e08eb2cef8 -> 
  custom:container-demuxer-webm: 4f35f7cbe854078d1ac9338744f61a02 -> 
  custom:container-muxer-webm: aa71ff27fc2769a1b78a27578f13a17b -> 
  custom:video-decoder-webm-vp8: 9c59270c3fd7afecdb556c50c9e8de78 -> 
  custom:SearchIndexIgnoredProperties: e643bd26f0fe6173181afceb89e7c659 -> 
  custom:AudioImporter_EditorPlatform: 2f0ff77a95e0ac474e3e8eeba4e2f7cb -> 
  custom:video-encoder-webm-vp8: eb34c28f22e8b96e1ab97ce403110664 -> 
  custom:audio-decoder-ogg-vorbis: bf7c407c2cedff20999df2af8eb42d56 -> 
  custom:audio-encoder-webm-vorbis: bf7c407c2cedff20999df2af8eb42d56 -> 
========================================================================
Received Import Request.
  Time since last request: 214452.575759 seconds.
  path: Assets/LaR/Lightmap-0_comp_dir.png
  artifactKey: Guid(8dc316bbe3bf813a8abe9f9074a9836d) Importer(815301076,1909f56bfc062723c751e8b465ee728b)
Start importing Assets/LaR/Lightmap-0_comp_dir.png using Guid(8dc316bbe3bf813a8abe9f9074a9836d) Importer(815301076,1909f56bfc062723c751e8b465ee728b) [PhysX] Initialized MultithreadedTaskDispatcher with 12 workers.
 -> (artifact id: 'c840c7cb7965af684460ed3a7b183a19') in 0.017497 seconds
Number of updated asset objects reloaded before import = 0
Number of asset objects unloaded after import = 1
========================================================================
Received Import Request.
  Time since last request: 1.287522 seconds.
  path: Assets/LaR/Lightmap-0_comp_light.exr
  artifactKey: Guid(6d71489bc46459676a23c64041660fe1) Importer(815301076,1909f56bfc062723c751e8b465ee728b)
Start importing Assets/LaR/Lightmap-0_comp_light.exr using Guid(6d71489bc46459676a23c64041660fe1) Importer(815301076,1909f56bfc062723c751e8b465ee728b) [PhysX] Initialized MultithreadedTaskDispatcher with 12 workers.
 -> (artifact id: '376b6d52b52f25d793d99aa85c6dc521') in 0.003013 seconds
Number of updated asset objects reloaded before import = 0
Number of asset objects unloaded after import = 1
========================================================================
Received Import Request.
  Time since last request: 77.090240 seconds.
  path: Assets/LaR Modified Exposure/LightingData.asset
  artifactKey: Guid(a764ede022e955a3aa8f00b321c088d1) Importer(815301076,1909f56bfc062723c751e8b465ee728b)
Start importing Assets/LaR Modified Exposure/LightingData.asset using Guid(a764ede022e955a3aa8f00b321c088d1) Importer(815301076,1909f56bfc062723c751e8b465ee728b) [PhysX] Initialized MultithreadedTaskDispatcher with 12 workers.
 -> (artifact id: '8dd1e402ff3178db9dad32713229a9c1') in 0.005155 seconds
Number of updated asset objects reloaded before import = 0
Number of asset objects unloaded after import = 1
========================================================================
Received Import Request.
  Time since last request: 0.003195 seconds.
  path: Assets/LaR Modified Exposure
  artifactKey: Guid(108a7c9d4d39ec8c08042548ac6f645f) Importer(815301076,1909f56bfc062723c751e8b465ee728b)
Start importing Assets/LaR Modified Exposure using Guid(108a7c9d4d39ec8c08042548ac6f645f) Importer(815301076,1909f56bfc062723c751e8b465ee728b) [PhysX] Initialized MultithreadedTaskDispatcher with 12 workers.
 -> (artifact id: '8179f8e7efc289d8c38c559a0ab0a40d') in 0.001414 seconds
Number of updated asset objects reloaded before import = 0
Number of asset objects unloaded after import = 0
========================================================================
Received Import Request.
  Time since last request: 31.978699 seconds.
  path: Assets/LaR_Profiles/Camera2 Profile.asset
  artifactKey: Guid(49180e6c97619affbb2eca2ece245969) Importer(815301076,1909f56bfc062723c751e8b465ee728b)
Start importing Assets/LaR_Profiles/Camera2 Profile.asset using Guid(49180e6c97619affbb2eca2ece245969) Importer(815301076,1909f56bfc062723c751e8b465ee728b) [PhysX] Initialized MultithreadedTaskDispatcher with 12 workers.
 -> (artifact id: '1339022bc9965bfd159c774651370540') in 0.001590 seconds
Number of updated asset objects reloaded before import = 0
Number of asset objects unloaded after import = 1
========================================================================
Received Prepare
Caller must complete domain reload
Begin MonoManager ReloadAssembly
- Loaded All Assemblies, in  0.409 seconds
Native extension for LinuxStandalone target not found
Native extension for Android target not found
[Package Manager] Server::EnsureServerProcessIsRunning -- launch failed, reason: Unity was launched with the -noUpm command-line argument
[Package Manager] UpmClient::Send -- Unable to send message (not connected to UPM process).
[Package Manager] Cannot connect to Unity Package Manager local server
Mono: successfully reloaded assembly
[Package Manager] Server::EnsureServerProcessIsRunning -- launch failed, reason: Unity was launched with the -noUpm command-line argument
[Package Manager] UpmClient::Send -- Unable to send message (not connected to UPM process).
[Package Manager] Cannot connect to Unity Package Manager local server
- Finished resetting the current domain, in  0.651 seconds
Domain Reload Profiling: 1060ms
	BeginReloadAssembly (143ms)
		ExecutionOrderSort (0ms)
		DisableScriptedObjects (5ms)
		BackupInstance (0ms)
		ReleaseScriptingObjects (0ms)
		CreateAndSetChildDomain (40ms)
	RebuildCommonClasses (36ms)
	RebuildNativeTypeToScriptingClass (10ms)
	initialDomainReloadingComplete (30ms)
	LoadAllAssembliesAndSetupDomain (190ms)
		LoadAssemblies (246ms)
		RebuildTransferFunctionScriptingTraits (0ms)
		AnalyzeDomain (12ms)
			TypeCache.Refresh (5ms)
				TypeCache.ScanAssembly (0ms)
			ScanForSourceGeneratedMonoScriptInfo (0ms)
			ResolveRequiredComponents (5ms)
	FinalizeReload (652ms)
		ReleaseScriptCaches (0ms)
		RebuildScriptCaches (0ms)
		SetupLoadedEditorAssemblies (419ms)
			LogAssemblyErrors (0ms)
			InitializePlatformSupportModulesInManaged (39ms)
			SetLoadedEditorAssemblies (4ms)
			RefreshPlugins (0ms)
			BeforeProcessingInitializeOnLoad (70ms)
			ProcessInitializeOnLoadAttributes (261ms)
			ProcessInitializeOnLoadMethodAttributes (42ms)
			AfterProcessingInitializeOnLoad (3ms)
			EditorAssembliesLoaded (0ms)
		ExecutionOrderSort2 (0ms)
		AwakeInstancesAfterBackupRestoration (5ms)
Refreshing native plugins compatible for Editor in 1.18 ms, found 2 plugins.
Preloading 0 native plugins for Editor in 0.00 ms.
Unloading 3925 Unused Serialized files (Serialized files now loaded: 0)
Unloading 16 unused Assets / (28.9 KB). Loaded Objects now: 4414.
Memory consumption went from 131.7 MB to 131.7 MB.
Total: 6.280475 ms (FindLiveObjects: 0.413768 ms CreateObjectMapping: 0.281683 ms MarkObjects: 5.492871 ms  DeleteObjects: 0.089990 ms)

Prepare: number of updated asset objects reloaded= 0
AssetImportParameters requested are different than current active one (requested -> active):
  custom:container-demuxer-ogg: 62fdf1f143b41e24485cea50d1cbac27 -> 
  custom:video-decoder-ogg-theora: a1e56fd34408186e4bbccfd4996cb3dc -> 
  custom:CustomObjectIndexerAttribute: 232f87dd983dbecb2a4e21e08eb2cef8 -> 
  custom:container-demuxer-webm: 4f35f7cbe854078d1ac9338744f61a02 -> 
  custom:container-muxer-webm: aa71ff27fc2769a1b78a27578f13a17b -> 
  custom:video-decoder-webm-vp8: 9c59270c3fd7afecdb556c50c9e8de78 -> 
  custom:SearchIndexIgnoredProperties: e643bd26f0fe6173181afceb89e7c659 -> 
  custom:AudioImporter_EditorPlatform: 2f0ff77a95e0ac474e3e8eeba4e2f7cb -> 
  custom:video-encoder-webm-vp8: eb34c28f22e8b96e1ab97ce403110664 -> 
  custom:audio-decoder-ogg-vorbis: bf7c407c2cedff20999df2af8eb42d56 -> 
  custom:audio-encoder-webm-vorbis: bf7c407c2cedff20999df2af8eb42d56 -> 
========================================================================
Received Prepare
Caller must complete domain reload
Begin MonoManager ReloadAssembly
- Loaded All Assemblies, in  0.391 seconds
Native extension for LinuxStandalone target not found
Native extension for Android target not found
[Package Manager] Server::EnsureServerProcessIsRunning -- launch failed, reason: Unity was launched with the -noUpm command-line argument
[Package Manager] UpmClient::Send -- Unable to send message (not connected to UPM process).
[Package Manager] Cannot connect to Unity Package Manager local server
Mono: successfully reloaded assembly
[Package Manager] Server::EnsureServerProcessIsRunning -- launch failed, reason: Unity was launched with the -noUpm command-line argument
[Package Manager] UpmClient::Send -- Unable to send message (not connected to UPM process).
[Package Manager] Cannot connect to Unity Package Manager local server
- Finished resetting the current domain, in  0.760 seconds
Domain Reload Profiling: 1151ms
	BeginReloadAssembly (99ms)
		ExecutionOrderSort (0ms)
		DisableScriptedObjects (4ms)
		BackupInstance (0ms)
		ReleaseScriptingObjects (0ms)
		CreateAndSetChildDomain (29ms)
	RebuildCommonClasses (32ms)
	RebuildNativeTypeToScriptingClass (6ms)
	initialDomainReloadingComplete (23ms)
	LoadAllAssembliesAndSetupDomain (230ms)
		LoadAssemblies (254ms)
		RebuildTransferFunctionScriptingTraits (0ms)
		AnalyzeDomain (19ms)
			TypeCache.Refresh (9ms)
				TypeCache.ScanAssembly (0ms)
			ScanForSourceGeneratedMonoScriptInfo (0ms)
			ResolveRequiredComponents (8ms)
	FinalizeReload (760ms)
		ReleaseScriptCaches (0ms)
		RebuildScriptCaches (0ms)
		SetupLoadedEditorAssemblies (420ms)
			LogAssemblyErrors (0ms)
			InitializePlatformSupportModulesInManaged (45ms)
			SetLoadedEditorAssemblies (4ms)
			RefreshPlugins (0ms)
			BeforeProcessingInitializeOnLoad (64ms)
			ProcessInitializeOnLoadAttributes (265ms)
			ProcessInitializeOnLoadMethodAttributes (38ms)
			AfterProcessingInitializeOnLoad (3ms)
			EditorAssembliesLoaded (0ms)
		ExecutionOrderSort2 (0ms)
		AwakeInstancesAfterBackupRestoration (5ms)
Refreshing native plugins compatible for Editor in 1.11 ms, found 2 plugins.
Preloading 0 native plugins for Editor in 0.00 ms.
Unloading 3926 Unused Serialized files (Serialized files now loaded: 0)
Unloading 16 unused Assets / (28.9 KB). Loaded Objects now: 4418.
Memory consumption went from 132.0 MB to 131.9 MB.
Total: 8.875137 ms (FindLiveObjects: 1.369872 ms CreateObjectMapping: 1.623415 ms MarkObjects: 5.782405 ms  DeleteObjects: 0.096389 ms)

Prepare: number of updated asset objects reloaded= 0
AssetImportParameters requested are different than current active one (requested -> active):
  custom:container-demuxer-ogg: 62fdf1f143b41e24485cea50d1cbac27 -> 
  custom:video-decoder-ogg-theora: a1e56fd34408186e4bbccfd4996cb3dc -> 
  custom:CustomObjectIndexerAttribute: 232f87dd983dbecb2a4e21e08eb2cef8 -> 
  custom:container-demuxer-webm: 4f35f7cbe854078d1ac9338744f61a02 -> 
  custom:container-muxer-webm: aa71ff27fc2769a1b78a27578f13a17b -> 
  custom:video-decoder-webm-vp8: 9c59270c3fd7afecdb556c50c9e8de78 -> 
  custom:SearchIndexIgnoredProperties: e643bd26f0fe6173181afceb89e7c659 -> 
  custom:AudioImporter_EditorPlatform: 2f0ff77a95e0ac474e3e8eeba4e2f7cb -> 
  custom:video-encoder-webm-vp8: eb34c28f22e8b96e1ab97ce403110664 -> 
  custom:audio-decoder-ogg-vorbis: bf7c407c2cedff20999df2af8eb42d56 -> 
  custom:audio-encoder-webm-vorbis: bf7c407c2cedff20999df2af8eb42d56 -> 
========================================================================
Received Prepare
Caller must complete domain reload
Begin MonoManager ReloadAssembly
- Loaded All Assemblies, in  0.344 seconds
Native extension for LinuxStandalone target not found
Native extension for Android target not found
[Package Manager] Server::EnsureServerProcessIsRunning -- launch failed, reason: Unity was launched with the -noUpm command-line argument
[Package Manager] UpmClient::Send -- Unable to send message (not connected to UPM process).
[Package Manager] Cannot connect to Unity Package Manager local server
Mono: successfully reloaded assembly
[Package Manager] Server::EnsureServerProcessIsRunning -- launch failed, reason: Unity was launched with the -noUpm command-line argument
[Package Manager] UpmClient::Send -- Unable to send message (not connected to UPM process).
[Package Manager] Cannot connect to Unity Package Manager local server
- Finished resetting the current domain, in  0.591 seconds
Domain Reload Profiling: 935ms
	BeginReloadAssembly (111ms)
		ExecutionOrderSort (0ms)
		DisableScriptedObjects (5ms)
		BackupInstance (0ms)
		ReleaseScriptingObjects (0ms)
		CreateAndSetChildDomain (36ms)
	RebuildCommonClasses (24ms)
	RebuildNativeTypeToScriptingClass (6ms)
	initialDomainReloadingComplete (19ms)
	LoadAllAssembliesAndSetupDomain (184ms)
		LoadAssemblies (210ms)
		RebuildTransferFunctionScriptingTraits (0ms)
		AnalyzeDomain (13ms)
			TypeCache.Refresh (7ms)
				TypeCache.ScanAssembly (0ms)
			ScanForSourceGeneratedMonoScriptInfo (0ms)
			ResolveRequiredComponents (6ms)
	FinalizeReload (592ms)
		ReleaseScriptCaches (0ms)
		RebuildScriptCaches (0ms)
		SetupLoadedEditorAssemblies (344ms)
			LogAssemblyErrors (0ms)
			InitializePlatformSupportModulesInManaged (36ms)
			SetLoadedEditorAssemblies (3ms)
			RefreshPlugins (0ms)
			BeforeProcessingInitializeOnLoad (45ms)
			ProcessInitializeOnLoadAttributes (215ms)
			ProcessInitializeOnLoadMethodAttributes (42ms)
			AfterProcessingInitializeOnLoad (3ms)
			EditorAssembliesLoaded (0ms)
		ExecutionOrderSort2 (0ms)
		AwakeInstancesAfterBackupRestoration (4ms)
Refreshing native plugins compatible for Editor in 1.13 ms, found 2 plugins.
Preloading 0 native plugins for Editor in 0.00 ms.
Unloading 3926 Unused Serialized files (Serialized files now loaded: 0)
Unloading 16 unused Assets / (29.0 KB). Loaded Objects now: 4422.
Memory consumption went from 132.0 MB to 132.0 MB.
Total: 6.123809 ms (FindLiveObjects: 0.428127 ms CreateObjectMapping: 0.179556 ms MarkObjects: 5.403056 ms  DeleteObjects: 0.111115 ms)

Prepare: number of updated asset objects reloaded= 0
AssetImportParameters requested are different than current active one (requested -> active):
  custom:container-demuxer-ogg: 62fdf1f143b41e24485cea50d1cbac27 -> 
  custom:video-decoder-ogg-theora: a1e56fd34408186e4bbccfd4996cb3dc -> 
  custom:CustomObjectIndexerAttribute: 232f87dd983dbecb2a4e21e08eb2cef8 -> 
  custom:container-demuxer-webm: 4f35f7cbe854078d1ac9338744f61a02 -> 
  custom:container-muxer-webm: aa71ff27fc2769a1b78a27578f13a17b -> 
  custom:video-decoder-webm-vp8: 9c59270c3fd7afecdb556c50c9e8de78 -> 
  custom:SearchIndexIgnoredProperties: e643bd26f0fe6173181afceb89e7c659 -> 
  custom:AudioImporter_EditorPlatform: 2f0ff77a95e0ac474e3e8eeba4e2f7cb -> 
  custom:video-encoder-webm-vp8: eb34c28f22e8b96e1ab97ce403110664 -> 
  custom:audio-decoder-ogg-vorbis: bf7c407c2cedff20999df2af8eb42d56 -> 
  custom:audio-encoder-webm-vorbis: bf7c407c2cedff20999df2af8eb42d56 -> 
========================================================================
Received Import Request.
  Time since last request: 15838.616462 seconds.
  path: Assets/scripts/CartesianInputMover.cs
  artifactKey: Guid(c9c02354c51a3c9aab146079b88e9003) Importer(815301076,1909f56bfc062723c751e8b465ee728b)
Start importing Assets/scripts/CartesianInputMover.cs using Guid(c9c02354c51a3c9aab146079b88e9003) Importer(815301076,1909f56bfc062723c751e8b465ee728b) [PhysX] Initialized MultithreadedTaskDispatcher with 12 workers.
 -> (artifact id: '5487d640503bb6587c5c4a4cc8593bc1') in 0.002155 seconds
Number of updated asset objects reloaded before import = 0
Number of asset objects unloaded after import = 0
========================================================================
Received Import Request.
  Time since last request: 12.447226 seconds.
  path: Assets/scripts/CustomIKController.cs
  artifactKey: Guid(07efe0128aed668e2995ffe779855720) Importer(815301076,1909f56bfc062723c751e8b465ee728b)
Start importing Assets/scripts/CustomIKController.cs using Guid(07efe0128aed668e2995ffe779855720) Importer(815301076,1909f56bfc062723c751e8b465ee728b) [PhysX] Initialized MultithreadedTaskDispatcher with 12 workers.
 -> (artifact id: '9540a24446abb4e5f1468eae21b37d53') in 0.000517 seconds
Number of updated asset objects reloaded before import = 0
Number of asset objects unloaded after import = 0
========================================================================
Received Import Request.
  Time since last request: 5.689884 seconds.
  path: Assets/scripts/JointStateSubscriber.cs
  artifactKey: Guid(f9605ed1912e8e3159a8ebfa6122e9e6) Importer(815301076,1909f56bfc062723c751e8b465ee728b)
Start importing Assets/scripts/JointStateSubscriber.cs using Guid(f9605ed1912e8e3159a8ebfa6122e9e6) Importer(815301076,1909f56bfc062723c751e8b465ee728b) [PhysX] Initialized MultithreadedTaskDispatcher with 12 workers.
 -> (artifact id: '487c63afbe3ddd0798bcb83a01665180') in 0.000511 seconds
Number of updated asset objects reloaded before import = 0
Number of asset objects unloaded after import = 0
========================================================================
Received Prepare
Caller must complete domain reload
Begin MonoManager ReloadAssembly
- Loaded All Assemblies, in  0.344 seconds
Native extension for LinuxStandalone target not found
Native extension for Android target not found
[Package Manager] Server::EnsureServerProcessIsRunning -- launch failed, reason: Unity was launched with the -noUpm command-line argument
[Package Manager] UpmClient::Send -- Unable to send message (not connected to UPM process).
[Package Manager] Cannot connect to Unity Package Manager local server
Mono: successfully reloaded assembly
[Package Manager] Server::EnsureServerProcessIsRunning -- launch failed, reason: Unity was launched with the -noUpm command-line argument
[Package Manager] UpmClient::Send -- Unable to send message (not connected to UPM process).
[Package Manager] Cannot connect to Unity Package Manager local server
- Finished resetting the current domain, in  0.549 seconds
Domain Reload Profiling: 893ms
	BeginReloadAssembly (105ms)
		ExecutionOrderSort (0ms)
		DisableScriptedObjects (4ms)
		BackupInstance (0ms)
		ReleaseScriptingObjects (0ms)
		CreateAndSetChildDomain (32ms)
	RebuildCommonClasses (24ms)
	RebuildNativeTypeToScriptingClass (6ms)
	initialDomainReloadingComplete (21ms)
	LoadAllAssembliesAndSetupDomain (188ms)
		LoadAssemblies (215ms)
		RebuildTransferFunctionScriptingTraits (0ms)
		AnalyzeDomain (13ms)
			TypeCache.Refresh (6ms)
				TypeCache.ScanAssembly (0ms)
			ScanForSourceGeneratedMonoScriptInfo (0ms)
			ResolveRequiredComponents (6ms)
	FinalizeReload (550ms)
		ReleaseScriptCaches (0ms)
		RebuildScriptCaches (0ms)
		SetupLoadedEditorAssemblies (312ms)
			LogAssemblyErrors (0ms)
			InitializePlatformSupportModulesInManaged (38ms)
			SetLoadedEditorAssemblies (4ms)
			RefreshPlugins (0ms)
			BeforeProcessingInitializeOnLoad (54ms)
			ProcessInitializeOnLoadAttributes (183ms)
			ProcessInitializeOnLoadMethodAttributes (29ms)
			AfterProcessingInitializeOnLoad (3ms)
			EditorAssembliesLoaded (0ms)
		ExecutionOrderSort2 (0ms)
		AwakeInstancesAfterBackupRestoration (4ms)
Refreshing native plugins compatible for Editor in 1.07 ms, found 2 plugins.
Preloading 0 native plugins for Editor in 0.00 ms.
Unloading 3925 Unused Serialized files (Serialized files now loaded: 0)
Unloading 16 unused Assets / (28.9 KB). Loaded Objects now: 4426.
Memory consumption went from 131.7 MB to 131.7 MB.
Total: 6.717979 ms (FindLiveObjects: 0.599178 ms CreateObjectMapping: 0.194039 ms MarkObjects: 5.829697 ms  DeleteObjects: 0.090372 ms)

Prepare: number of updated asset objects reloaded= 0
AssetImportParameters requested are different than current active one (requested -> active):
  custom:container-demuxer-ogg: 62fdf1f143b41e24485cea50d1cbac27 -> 
  custom:video-decoder-ogg-theora: a1e56fd34408186e4bbccfd4996cb3dc -> 
  custom:CustomObjectIndexerAttribute: 232f87dd983dbecb2a4e21e08eb2cef8 -> 
  custom:container-demuxer-webm: 4f35f7cbe854078d1ac9338744f61a02 -> 
  custom:container-muxer-webm: aa71ff27fc2769a1b78a27578f13a17b -> 
  custom:video-decoder-webm-vp8: 9c59270c3fd7afecdb556c50c9e8de78 -> 
  custom:SearchIndexIgnoredProperties: e643bd26f0fe6173181afceb89e7c659 -> 
  custom:AudioImporter_EditorPlatform: 2f0ff77a95e0ac474e3e8eeba4e2f7cb -> 
  custom:video-encoder-webm-vp8: eb34c28f22e8b96e1ab97ce403110664 -> 
  custom:audio-decoder-ogg-vorbis: bf7c407c2cedff20999df2af8eb42d56 -> 
  custom:audio-encoder-webm-vorbis: bf7c407c2cedff20999df2af8eb42d56 -> 
========================================================================
Received Prepare
Caller must complete domain reload
Begin MonoManager ReloadAssembly
- Loaded All Assemblies, in  0.355 seconds
Native extension for LinuxStandalone target not found
Native extension for Android target not found
[Package Manager] Server::EnsureServerProcessIsRunning -- launch failed, reason: Unity was launched with the -noUpm command-line argument
[Package Manager] UpmClient::Send -- Unable to send message (not connected to UPM process).
[Package Manager] Cannot connect to Unity Package Manager local server
Mono: successfully reloaded assembly
[Package Manager] Server::EnsureServerProcessIsRunning -- launch failed, reason: Unity was launched with the -noUpm command-line argument
[Package Manager] UpmClient::Send -- Unable to send message (not connected to UPM process).
[Package Manager] Cannot connect to Unity Package Manager local server
- Finished resetting the current domain, in  0.547 seconds
Domain Reload Profiling: 902ms
	BeginReloadAssembly (106ms)
		ExecutionOrderSort (0ms)
		DisableScriptedObjects (4ms)
		BackupInstance (0ms)
		ReleaseScriptingObjects (0ms)
		CreateAndSetChildDomain (33ms)
	RebuildCommonClasses (24ms)
	RebuildNativeTypeToScriptingClass (5ms)
	initialDomainReloadingComplete (21ms)
	LoadAllAssembliesAndSetupDomain (199ms)
		LoadAssemblies (227ms)
		RebuildTransferFunctionScriptingTraits (0ms)
		AnalyzeDomain (12ms)
			TypeCache.Refresh (6ms)
				TypeCache.ScanAssembly (0ms)
			ScanForSourceGeneratedMonoScriptInfo (0ms)
			ResolveRequiredComponents (6ms)
	FinalizeReload (547ms)
		ReleaseScriptCaches (0ms)
		RebuildScriptCaches (0ms)
		SetupLoadedEditorAssemblies (306ms)
			LogAssemblyErrors (0ms)
			InitializePlatformSupportModulesInManaged (37ms)
			SetLoadedEditorAssemblies (3ms)
			RefreshPlugins (0ms)
			BeforeProcessingInitializeOnLoad (47ms)
			ProcessInitializeOnLoadAttributes (189ms)
			ProcessInitializeOnLoadMethodAttributes (28ms)
			AfterProcessingInitializeOnLoad (3ms)
			EditorAssembliesLoaded (0ms)
		ExecutionOrderSort2 (0ms)
		AwakeInstancesAfterBackupRestoration (4ms)
Refreshing native plugins compatible for Editor in 1.23 ms, found 2 plugins.
Preloading 0 native plugins for Editor in 0.00 ms.
Unloading 3926 Unused Serialized files (Serialized files now loaded: 0)
Unloading 16 unused Assets / (28.9 KB). Loaded Objects now: 4430.
Memory consumption went from 132.0 MB to 132.0 MB.
Total: 5.487669 ms (FindLiveObjects: 0.621241 ms CreateObjectMapping: 0.195377 ms MarkObjects: 4.589092 ms  DeleteObjects: 0.079654 ms)

Prepare: number of updated asset objects reloaded= 0
AssetImportParameters requested are different than current active one (requested -> active):
  custom:container-demuxer-ogg: 62fdf1f143b41e24485cea50d1cbac27 -> 
  custom:video-decoder-ogg-theora: a1e56fd34408186e4bbccfd4996cb3dc -> 
  custom:CustomObjectIndexerAttribute: 232f87dd983dbecb2a4e21e08eb2cef8 -> 
  custom:container-demuxer-webm: 4f35f7cbe854078d1ac9338744f61a02 -> 
  custom:container-muxer-webm: aa71ff27fc2769a1b78a27578f13a17b -> 
  custom:video-decoder-webm-vp8: 9c59270c3fd7afecdb556c50c9e8de78 -> 
  custom:SearchIndexIgnoredProperties: e643bd26f0fe6173181afceb89e7c659 -> 
  custom:AudioImporter_EditorPlatform: 2f0ff77a95e0ac474e3e8eeba4e2f7cb -> 
  custom:video-encoder-webm-vp8: eb34c28f22e8b96e1ab97ce403110664 -> 
  custom:audio-decoder-ogg-vorbis: bf7c407c2cedff20999df2af8eb42d56 -> 
  custom:audio-encoder-webm-vorbis: bf7c407c2cedff20999df2af8eb42d56 -> 
========================================================================
Received Prepare
Caller must complete domain reload
Begin MonoManager ReloadAssembly
- Loaded All Assemblies, in  0.528 seconds
Native extension for LinuxStandalone target not found
Native extension for Android target not found
[Package Manager] Server::EnsureServerProcessIsRunning -- launch failed, reason: Unity was launched with the -noUpm command-line argument
[Package Manager] UpmClient::Send -- Unable to send message (not connected to UPM process).
[Package Manager] Cannot connect to Unity Package Manager local server
Mono: successfully reloaded assembly
[Package Manager] Server::EnsureServerProcessIsRunning -- launch failed, reason: Unity was launched with the -noUpm command-line argument
[Package Manager] UpmClient::Send -- Unable to send message (not connected to UPM process).
[Package Manager] Cannot connect to Unity Package Manager local server
- Finished resetting the current domain, in  1.376 seconds
Domain Reload Profiling: 1903ms
	BeginReloadAssembly (153ms)
		ExecutionOrderSort (0ms)
		DisableScriptedObjects (6ms)
		BackupInstance (0ms)
		ReleaseScriptingObjects (0ms)
		CreateAndSetChildDomain (48ms)
	RebuildCommonClasses (38ms)
	RebuildNativeTypeToScriptingClass (7ms)
	initialDomainReloadingComplete (31ms)
	LoadAllAssembliesAndSetupDomain (297ms)
		LoadAssemblies (334ms)
		RebuildTransferFunctionScriptingTraits (0ms)
		AnalyzeDomain (30ms)
			TypeCache.Refresh (12ms)
				TypeCache.ScanAssembly (1ms)
			ScanForSourceGeneratedMonoScriptInfo (9ms)
			ResolveRequiredComponents (8ms)
	FinalizeReload (1376ms)
		ReleaseScriptCaches (0ms)
		RebuildScriptCaches (0ms)
		SetupLoadedEditorAssemblies (443ms)
			LogAssemblyErrors (0ms)
			InitializePlatformSupportModulesInManaged (47ms)
			SetLoadedEditorAssemblies (4ms)
			RefreshPlugins (0ms)
			BeforeProcessingInitializeOnLoad (67ms)
			ProcessInitializeOnLoadAttributes (270ms)
			ProcessInitializeOnLoadMethodAttributes (51ms)
			AfterProcessingInitializeOnLoad (4ms)
			EditorAssembliesLoaded (0ms)
		ExecutionOrderSort2 (0ms)
		AwakeInstancesAfterBackupRestoration (7ms)
Refreshing native plugins compatible for Editor in 1.52 ms, found 2 plugins.
Preloading 0 native plugins for Editor in 0.00 ms.
Unloading 3926 Unused Serialized files (Serialized files now loaded: 0)
Unloading 16 unused Assets / (29.0 KB). Loaded Objects now: 4434.
Memory consumption went from 132.0 MB to 132.0 MB.
Total: 3.650107 ms (FindLiveObjects: 0.277851 ms CreateObjectMapping: 0.188586 ms MarkObjects: 3.125784 ms  DeleteObjects: 0.055560 ms)

Prepare: number of updated asset objects reloaded= 0
AssetImportParameters requested are different than current active one (requested -> active):
  custom:container-demuxer-ogg: 62fdf1f143b41e24485cea50d1cbac27 -> 
  custom:scripting/monoscript/fileName/JointStateSubscriber.cs: a16c1fe57f836fb4ab55d7fecb5b9d6e -> 4dedc4a66c6e67481e12c8a20eda7a17
  custom:scripting/monoscript/fileName/UnityColorMsg.cs: dee5fdaf0f0de34c3b8a304af96f20a0 -> c0b80ff3cf83e3d05b0ba4f2f77d5b19
  custom:scripting/monoscript/fileName/ObjectPoseServiceRequest.cs: e8340b02528bd576f46ab0e8d32803a5 -> ac96913d6908110a6abd1a7bba739457
  custom:video-decoder-ogg-theora: a1e56fd34408186e4bbccfd4996cb3dc -> 
  custom:scripting/monoscript/fileName/CartesianInputMover.cs: 6e481e4dc4a81911d4aac901246306ea -> 352cebde0451330d3418c9b8170d7770
  custom:scripting/monoscript/fileName/PositionServiceRequest.cs: 604b7350a1923a5a9bd709fbb0ec64de -> 1b5332691515ff45a4b7b160d7af40cc
  custom:CustomObjectIndexerAttribute: 232f87dd983dbecb2a4e21e08eb2cef8 -> 
  custom:container-demuxer-webm: 4f35f7cbe854078d1ac9338744f61a02 -> 
  custom:container-muxer-webm: aa71ff27fc2769a1b78a27578f13a17b -> 
  custom:scripting/monoscript/fileName/CustomIKController.cs: 4df3f7e13d73c56e2a7133001d6862b9 -> 68a62c82b227cef8c0cb62a145e583d8
  custom:video-decoder-webm-vp8: 9c59270c3fd7afecdb556c50c9e8de78 -> 
  custom:SearchIndexIgnoredProperties: e643bd26f0fe6173181afceb89e7c659 -> 
  custom:AudioImporter_EditorPlatform: 2f0ff77a95e0ac474e3e8eeba4e2f7cb -> 
  custom:scripting/monoscript/fileName/PositionServiceResponse.cs: eb8b35c8ccd425d6366d4a98c4e4b483 -> 14d8e1b7be2a90ffc11a47ff3676c47b
  custom:video-encoder-webm-vp8: eb34c28f22e8b96e1ab97ce403110664 -> 
  custom:audio-decoder-ogg-vorbis: bf7c407c2cedff20999df2af8eb42d56 -> 
  custom:scripting/monoscript/fileName/ObjectPoseServiceResponse.cs: 4835040a06592c037884d4ea1d5f8d63 -> 620467b7faa0547d7a2c3511e9703be2
  custom:scripting/monoscript/fileName/PosRotMsg.cs: abd368e715fc1c890b3798a7625cedb4 -> 37cbb950fd8d559e159b3f7c4a713652
  custom:audio-encoder-webm-vorbis: bf7c407c2cedff20999df2af8eb42d56 -> 
  custom:scripting/precompiled-assembly-types:Assembly-CSharp: c02ce6627e6b1d98d98e0d8dc1afacfc -> 8ca404f8a24693e23426b57e83396e6b
========================================================================
Received Prepare
Caller must complete domain reload
Begin MonoManager ReloadAssembly
- Loaded All Assemblies, in  0.482 seconds
Native extension for LinuxStandalone target not found
Native extension for Android target not found
[Package Manager] Server::EnsureServerProcessIsRunning -- launch failed, reason: Unity was launched with the -noUpm command-line argument
[Package Manager] UpmClient::Send -- Unable to send message (not connected to UPM process).
[Package Manager] Cannot connect to Unity Package Manager local server
Mono: successfully reloaded assembly
[Package Manager] Server::EnsureServerProcessIsRunning -- launch failed, reason: Unity was launched with the -noUpm command-line argument
[Package Manager] UpmClient::Send -- Unable to send message (not connected to UPM process).
[Package Manager] Cannot connect to Unity Package Manager local server
- Finished resetting the current domain, in  0.782 seconds
Domain Reload Profiling: 1264ms
	BeginReloadAssembly (146ms)
		ExecutionOrderSort (0ms)
		DisableScriptedObjects (5ms)
		BackupInstance (0ms)
		ReleaseScriptingObjects (0ms)
		CreateAndSetChildDomain (42ms)
	RebuildCommonClasses (37ms)
	RebuildNativeTypeToScriptingClass (8ms)
	initialDomainReloadingComplete (31ms)
	LoadAllAssembliesAndSetupDomain (258ms)
		LoadAssemblies (293ms)
		RebuildTransferFunctionScriptingTraits (0ms)
		AnalyzeDomain (30ms)
			TypeCache.Refresh (11ms)
				TypeCache.ScanAssembly (1ms)
			ScanForSourceGeneratedMonoScriptInfo (9ms)
			ResolveRequiredComponents (9ms)
	FinalizeReload (783ms)
		ReleaseScriptCaches (0ms)
		RebuildScriptCaches (0ms)
		SetupLoadedEditorAssemblies (448ms)
			LogAssemblyErrors (0ms)
			InitializePlatformSupportModulesInManaged (47ms)
			SetLoadedEditorAssemblies (4ms)
			RefreshPlugins (0ms)
			BeforeProcessingInitializeOnLoad (69ms)
			ProcessInitializeOnLoadAttributes (284ms)
			ProcessInitializeOnLoadMethodAttributes (40ms)
			AfterProcessingInitializeOnLoad (4ms)
			EditorAssembliesLoaded (0ms)
		ExecutionOrderSort2 (0ms)
		AwakeInstancesAfterBackupRestoration (5ms)
Refreshing native plugins compatible for Editor in 1.21 ms, found 2 plugins.
Preloading 0 native plugins for Editor in 0.00 ms.
Unloading 3926 Unused Serialized files (Serialized files now loaded: 0)
Unloading 16 unused Assets / (28.9 KB). Loaded Objects now: 4438.
Memory consumption went from 132.0 MB to 132.0 MB.
Total: 4.883873 ms (FindLiveObjects: 0.598243 ms CreateObjectMapping: 0.326465 ms MarkObjects: 3.888840 ms  DeleteObjects: 0.068241 ms)

Prepare: number of updated asset objects reloaded= 0
AssetImportParameters requested are different than current active one (requested -> active):
  custom:container-demuxer-ogg: 62fdf1f143b41e24485cea50d1cbac27 -> 
  custom:scripting/monoscript/fileName/JointStateSubscriber.cs: a16c1fe57f836fb4ab55d7fecb5b9d6e -> 4dedc4a66c6e67481e12c8a20eda7a17
  custom:scripting/monoscript/fileName/UnityColorMsg.cs: dee5fdaf0f0de34c3b8a304af96f20a0 -> c0b80ff3cf83e3d05b0ba4f2f77d5b19
  custom:scripting/monoscript/fileName/ObjectPoseServiceRequest.cs: e8340b02528bd576f46ab0e8d32803a5 -> ac96913d6908110a6abd1a7bba739457
  custom:video-decoder-ogg-theora: a1e56fd34408186e4bbccfd4996cb3dc -> 
  custom:scripting/monoscript/fileName/CartesianInputMover.cs: 6e481e4dc4a81911d4aac901246306ea -> 352cebde0451330d3418c9b8170d7770
  custom:scripting/monoscript/fileName/PositionServiceRequest.cs: 604b7350a1923a5a9bd709fbb0ec64de -> 1b5332691515ff45a4b7b160d7af40cc
  custom:CustomObjectIndexerAttribute: 232f87dd983dbecb2a4e21e08eb2cef8 -> 
  custom:container-demuxer-webm: 4f35f7cbe854078d1ac9338744f61a02 -> 
  custom:container-muxer-webm: aa71ff27fc2769a1b78a27578f13a17b -> 
  custom:scripting/monoscript/fileName/CustomIKController.cs: 4df3f7e13d73c56e2a7133001d6862b9 -> 68a62c82b227cef8c0cb62a145e583d8
  custom:video-decoder-webm-vp8: 9c59270c3fd7afecdb556c50c9e8de78 -> 
  custom:SearchIndexIgnoredProperties: e643bd26f0fe6173181afceb89e7c659 -> 
  custom:AudioImporter_EditorPlatform: 2f0ff77a95e0ac474e3e8eeba4e2f7cb -> 
  custom:scripting/monoscript/fileName/PositionServiceResponse.cs: eb8b35c8ccd425d6366d4a98c4e4b483 -> 14d8e1b7be2a90ffc11a47ff3676c47b
  custom:video-encoder-webm-vp8: eb34c28f22e8b96e1ab97ce403110664 -> 
  custom:audio-decoder-ogg-vorbis: bf7c407c2cedff20999df2af8eb42d56 -> 
  custom:scripting/monoscript/fileName/ObjectPoseServiceResponse.cs: 4835040a06592c037884d4ea1d5f8d63 -> 620467b7faa0547d7a2c3511e9703be2
  custom:scripting/monoscript/fileName/PosRotMsg.cs: abd368e715fc1c890b3798a7625cedb4 -> 37cbb950fd8d559e159b3f7c4a713652
  custom:audio-encoder-webm-vorbis: bf7c407c2cedff20999df2af8eb42d56 -> 
  custom:scripting/precompiled-assembly-types:Assembly-CSharp: c02ce6627e6b1d98d98e0d8dc1afacfc -> 8ca404f8a24693e23426b57e83396e6b
========================================================================
Received Prepare
Caller must complete domain reload
Begin MonoManager ReloadAssembly
- Loaded All Assemblies, in  0.501 seconds
Native extension for LinuxStandalone target not found
Native extension for Android target not found
[Package Manager] Server::EnsureServerProcessIsRunning -- launch failed, reason: Unity was launched with the -noUpm command-line argument
[Package Manager] UpmClient::Send -- Unable to send message (not connected to UPM process).
[Package Manager] Cannot connect to Unity Package Manager local server
Mono: successfully reloaded assembly
[Package Manager] Server::EnsureServerProcessIsRunning -- launch failed, reason: Unity was launched with the -noUpm command-line argument
[Package Manager] UpmClient::Send -- Unable to send message (not connected to UPM process).
[Package Manager] Cannot connect to Unity Package Manager local server
- Finished resetting the current domain, in  1.001 seconds
Domain Reload Profiling: 1501ms
	BeginReloadAssembly (162ms)
		ExecutionOrderSort (0ms)
		DisableScriptedObjects (5ms)
		BackupInstance (0ms)
		ReleaseScriptingObjects (0ms)
		CreateAndSetChildDomain (59ms)
	RebuildCommonClasses (40ms)
	RebuildNativeTypeToScriptingClass (11ms)
	initialDomainReloadingComplete (38ms)
	LoadAllAssembliesAndSetupDomain (249ms)
		LoadAssemblies (293ms)
		RebuildTransferFunctionScriptingTraits (0ms)
		AnalyzeDomain (21ms)
			TypeCache.Refresh (8ms)
				TypeCache.ScanAssembly (0ms)
			ScanForSourceGeneratedMonoScriptInfo (0ms)
			ResolveRequiredComponents (10ms)
	FinalizeReload (1001ms)
		ReleaseScriptCaches (0ms)
		RebuildScriptCaches (0ms)
		SetupLoadedEditorAssemblies (495ms)
			LogAssemblyErrors (0ms)
			InitializePlatformSupportModulesInManaged (51ms)
			SetLoadedEditorAssemblies (4ms)
			RefreshPlugins (0ms)
			BeforeProcessingInitializeOnLoad (69ms)
			ProcessInitializeOnLoadAttributes (317ms)
			ProcessInitializeOnLoadMethodAttributes (50ms)
			AfterProcessingInitializeOnLoad (4ms)
			EditorAssembliesLoaded (0ms)
		ExecutionOrderSort2 (0ms)
		AwakeInstancesAfterBackupRestoration (7ms)
Refreshing native plugins compatible for Editor in 1.51 ms, found 2 plugins.
Preloading 0 native plugins for Editor in 0.00 ms.
Unloading 3926 Unused Serialized files (Serialized files now loaded: 0)
Unloading 16 unused Assets / (29.0 KB). Loaded Objects now: 4442.
Memory consumption went from 132.0 MB to 132.0 MB.
Total: 6.125877 ms (FindLiveObjects: 0.408968 ms CreateObjectMapping: 0.245299 ms MarkObjects: 5.379465 ms  DeleteObjects: 0.090632 ms)

Prepare: number of updated asset objects reloaded= 0
AssetImportParameters requested are different than current active one (requested -> active):
  custom:container-demuxer-ogg: 62fdf1f143b41e24485cea50d1cbac27 -> 
  custom:scripting/monoscript/fileName/JointStateSubscriber.cs: a16c1fe57f836fb4ab55d7fecb5b9d6e -> 4dedc4a66c6e67481e12c8a20eda7a17
  custom:scripting/monoscript/fileName/UnityColorMsg.cs: dee5fdaf0f0de34c3b8a304af96f20a0 -> c0b80ff3cf83e3d05b0ba4f2f77d5b19
  custom:scripting/monoscript/fileName/ObjectPoseServiceRequest.cs: e8340b02528bd576f46ab0e8d32803a5 -> ac96913d6908110a6abd1a7bba739457
  custom:video-decoder-ogg-theora: a1e56fd34408186e4bbccfd4996cb3dc -> 
  custom:scripting/monoscript/fileName/CartesianInputMover.cs: 6e481e4dc4a81911d4aac901246306ea -> 352cebde0451330d3418c9b8170d7770
  custom:scripting/monoscript/fileName/PositionServiceRequest.cs: 604b7350a1923a5a9bd709fbb0ec64de -> 1b5332691515ff45a4b7b160d7af40cc
  custom:CustomObjectIndexerAttribute: 232f87dd983dbecb2a4e21e08eb2cef8 -> 
  custom:container-demuxer-webm: 4f35f7cbe854078d1ac9338744f61a02 -> 
  custom:container-muxer-webm: aa71ff27fc2769a1b78a27578f13a17b -> 
  custom:scripting/monoscript/fileName/CustomIKController.cs: 4df3f7e13d73c56e2a7133001d6862b9 -> 68a62c82b227cef8c0cb62a145e583d8
  custom:video-decoder-webm-vp8: 9c59270c3fd7afecdb556c50c9e8de78 -> 
  custom:SearchIndexIgnoredProperties: e643bd26f0fe6173181afceb89e7c659 -> 
  custom:AudioImporter_EditorPlatform: 2f0ff77a95e0ac474e3e8eeba4e2f7cb -> 
  custom:scripting/monoscript/fileName/PositionServiceResponse.cs: eb8b35c8ccd425d6366d4a98c4e4b483 -> 14d8e1b7be2a90ffc11a47ff3676c47b
  custom:video-encoder-webm-vp8: eb34c28f22e8b96e1ab97ce403110664 -> 
  custom:audio-decoder-ogg-vorbis: bf7c407c2cedff20999df2af8eb42d56 -> 
  custom:scripting/monoscript/fileName/ObjectPoseServiceResponse.cs: 4835040a06592c037884d4ea1d5f8d63 -> 620467b7faa0547d7a2c3511e9703be2
  custom:scripting/monoscript/fileName/PosRotMsg.cs: abd368e715fc1c890b3798a7625cedb4 -> 37cbb950fd8d559e159b3f7c4a713652
  custom:audio-encoder-webm-vorbis: bf7c407c2cedff20999df2af8eb42d56 -> 
  custom:scripting/precompiled-assembly-types:Assembly-CSharp: c02ce6627e6b1d98d98e0d8dc1afacfc -> 8ca404f8a24693e23426b57e83396e6b
========================================================================
Received Prepare
Caller must complete domain reload
Begin MonoManager ReloadAssembly
- Loaded All Assemblies, in  0.505 seconds
Native extension for LinuxStandalone target not found
Native extension for Android target not found
[Package Manager] Server::EnsureServerProcessIsRunning -- launch failed, reason: Unity was launched with the -noUpm command-line argument
[Package Manager] UpmClient::Send -- Unable to send message (not connected to UPM process).
[Package Manager] Cannot connect to Unity Package Manager local server
Mono: successfully reloaded assembly
[Package Manager] Server::EnsureServerProcessIsRunning -- launch failed, reason: Unity was launched with the -noUpm command-line argument
[Package Manager] UpmClient::Send -- Unable to send message (not connected to UPM process).
[Package Manager] Cannot connect to Unity Package Manager local server
- Finished resetting the current domain, in  0.818 seconds
Domain Reload Profiling: 1322ms
	BeginReloadAssembly (158ms)
		ExecutionOrderSort (0ms)
		DisableScriptedObjects (8ms)
		BackupInstance (0ms)
		ReleaseScriptingObjects (0ms)
		CreateAndSetChildDomain (52ms)
	RebuildCommonClasses (40ms)
	RebuildNativeTypeToScriptingClass (9ms)
	initialDomainReloadingComplete (31ms)
	LoadAllAssembliesAndSetupDomain (267ms)
		LoadAssemblies (295ms)
		RebuildTransferFunctionScriptingTraits (0ms)
		AnalyzeDomain (31ms)
			TypeCache.Refresh (10ms)
				TypeCache.ScanAssembly (0ms)
			ScanForSourceGeneratedMonoScriptInfo (10ms)
			ResolveRequiredComponents (9ms)
	FinalizeReload (818ms)
		ReleaseScriptCaches (0ms)
		RebuildScriptCaches (0ms)
		SetupLoadedEditorAssemblies (471ms)
			LogAssemblyErrors (0ms)
			InitializePlatformSupportModulesInManaged (58ms)
			SetLoadedEditorAssemblies (6ms)
			RefreshPlugins (0ms)
			BeforeProcessingInitializeOnLoad (74ms)
			ProcessInitializeOnLoadAttributes (286ms)
			ProcessInitializeOnLoadMethodAttributes (44ms)
			AfterProcessingInitializeOnLoad (4ms)
			EditorAssembliesLoaded (0ms)
		ExecutionOrderSort2 (0ms)
		AwakeInstancesAfterBackupRestoration (5ms)
Refreshing native plugins compatible for Editor in 1.47 ms, found 2 plugins.
Preloading 0 native plugins for Editor in 0.00 ms.
Unloading 3926 Unused Serialized files (Serialized files now loaded: 0)
Unloading 16 unused Assets / (29.0 KB). Loaded Objects now: 4446.
Memory consumption went from 132.0 MB to 132.0 MB.
Total: 8.331690 ms (FindLiveObjects: 0.480708 ms CreateObjectMapping: 0.320611 ms MarkObjects: 7.417427 ms  DeleteObjects: 0.110456 ms)

Prepare: number of updated asset objects reloaded= 0
AssetImportParameters requested are different than current active one (requested -> active):
  custom:container-demuxer-ogg: 62fdf1f143b41e24485cea50d1cbac27 -> 
  custom:scripting/monoscript/fileName/JointStateSubscriber.cs: a16c1fe57f836fb4ab55d7fecb5b9d6e -> 4dedc4a66c6e67481e12c8a20eda7a17
  custom:scripting/monoscript/fileName/UnityColorMsg.cs: dee5fdaf0f0de34c3b8a304af96f20a0 -> c0b80ff3cf83e3d05b0ba4f2f77d5b19
  custom:scripting/monoscript/fileName/ObjectPoseServiceRequest.cs: e8340b02528bd576f46ab0e8d32803a5 -> ac96913d6908110a6abd1a7bba739457
  custom:video-decoder-ogg-theora: a1e56fd34408186e4bbccfd4996cb3dc -> 
  custom:scripting/monoscript/fileName/CartesianInputMover.cs: 6e481e4dc4a81911d4aac901246306ea -> 352cebde0451330d3418c9b8170d7770
  custom:scripting/monoscript/fileName/PositionServiceRequest.cs: 604b7350a1923a5a9bd709fbb0ec64de -> 1b5332691515ff45a4b7b160d7af40cc
  custom:CustomObjectIndexerAttribute: 232f87dd983dbecb2a4e21e08eb2cef8 -> 
  custom:container-demuxer-webm: 4f35f7cbe854078d1ac9338744f61a02 -> 
  custom:container-muxer-webm: aa71ff27fc2769a1b78a27578f13a17b -> 
  custom:scripting/monoscript/fileName/CustomIKController.cs: 4df3f7e13d73c56e2a7133001d6862b9 -> 68a62c82b227cef8c0cb62a145e583d8
  custom:video-decoder-webm-vp8: 9c59270c3fd7afecdb556c50c9e8de78 -> 
  custom:SearchIndexIgnoredProperties: e643bd26f0fe6173181afceb89e7c659 -> 
  custom:AudioImporter_EditorPlatform: 2f0ff77a95e0ac474e3e8eeba4e2f7cb -> 
  custom:scripting/monoscript/fileName/PositionServiceResponse.cs: eb8b35c8ccd425d6366d4a98c4e4b483 -> 14d8e1b7be2a90ffc11a47ff3676c47b
  custom:video-encoder-webm-vp8: eb34c28f22e8b96e1ab97ce403110664 -> 
  custom:audio-decoder-ogg-vorbis: bf7c407c2cedff20999df2af8eb42d56 -> 
  custom:scripting/monoscript/fileName/ObjectPoseServiceResponse.cs: 4835040a06592c037884d4ea1d5f8d63 -> 620467b7faa0547d7a2c3511e9703be2
  custom:scripting/monoscript/fileName/PosRotMsg.cs: abd368e715fc1c890b3798a7625cedb4 -> 37cbb950fd8d559e159b3f7c4a713652
  custom:audio-encoder-webm-vorbis: bf7c407c2cedff20999df2af8eb42d56 -> 
  custom:scripting/precompiled-assembly-types:Assembly-CSharp: c02ce6627e6b1d98d98e0d8dc1afacfc -> 8ca404f8a24693e23426b57e83396e6b
========================================================================
Received Prepare
Caller must complete domain reload
Begin MonoManager ReloadAssembly
- Loaded All Assemblies, in  0.587 seconds
Native extension for LinuxStandalone target not found
Native extension for Android target not found
[Package Manager] Server::EnsureServerProcessIsRunning -- launch failed, reason: Unity was launched with the -noUpm command-line argument
[Package Manager] UpmClient::Send -- Unable to send message (not connected to UPM process).
[Package Manager] Cannot connect to Unity Package Manager local server
Mono: successfully reloaded assembly
[Package Manager] Server::EnsureServerProcessIsRunning -- launch failed, reason: Unity was launched with the -noUpm command-line argument
[Package Manager] UpmClient::Send -- Unable to send message (not connected to UPM process).
[Package Manager] Cannot connect to Unity Package Manager local server
- Finished resetting the current domain, in  0.882 seconds
Domain Reload Profiling: 1467ms
	BeginReloadAssembly (168ms)
		ExecutionOrderSort (0ms)
		DisableScriptedObjects (5ms)
		BackupInstance (0ms)
		ReleaseScriptingObjects (0ms)
		CreateAndSetChildDomain (47ms)
	RebuildCommonClasses (50ms)
	RebuildNativeTypeToScriptingClass (14ms)
	initialDomainReloadingComplete (51ms)
	LoadAllAssembliesAndSetupDomain (302ms)
		LoadAssemblies (364ms)
		RebuildTransferFunctionScriptingTraits (0ms)
		AnalyzeDomain (20ms)
			TypeCache.Refresh (10ms)
				TypeCache.ScanAssembly (0ms)
			ScanForSourceGeneratedMonoScriptInfo (0ms)
			ResolveRequiredComponents (8ms)
	FinalizeReload (883ms)
		ReleaseScriptCaches (0ms)
		RebuildScriptCaches (0ms)
		SetupLoadedEditorAssemblies (512ms)
			LogAssemblyErrors (0ms)
			InitializePlatformSupportModulesInManaged (51ms)
			SetLoadedEditorAssemblies (4ms)
			RefreshPlugins (0ms)
			BeforeProcessingInitializeOnLoad (69ms)
			ProcessInitializeOnLoadAttributes (327ms)
			ProcessInitializeOnLoadMethodAttributes (55ms)
			AfterProcessingInitializeOnLoad (5ms)
			EditorAssembliesLoaded (0ms)
		ExecutionOrderSort2 (0ms)
		AwakeInstancesAfterBackupRestoration (6ms)
Refreshing native plugins compatible for Editor in 1.57 ms, found 2 plugins.
Preloading 0 native plugins for Editor in 0.00 ms.
Unloading 3926 Unused Serialized files (Serialized files now loaded: 0)
Unloading 16 unused Assets / (29.0 KB). Loaded Objects now: 4450.
Memory consumption went from 132.0 MB to 132.0 MB.
Total: 5.068329 ms (FindLiveObjects: 0.342961 ms CreateObjectMapping: 0.277247 ms MarkObjects: 4.358945 ms  DeleteObjects: 0.085590 ms)

Prepare: number of updated asset objects reloaded= 0
AssetImportParameters requested are different than current active one (requested -> active):
  custom:container-demuxer-ogg: 62fdf1f143b41e24485cea50d1cbac27 -> 
  custom:scripting/monoscript/fileName/JointStateSubscriber.cs: a16c1fe57f836fb4ab55d7fecb5b9d6e -> 4dedc4a66c6e67481e12c8a20eda7a17
  custom:scripting/monoscript/fileName/UnityColorMsg.cs: dee5fdaf0f0de34c3b8a304af96f20a0 -> c0b80ff3cf83e3d05b0ba4f2f77d5b19
  custom:scripting/monoscript/fileName/ObjectPoseServiceRequest.cs: e8340b02528bd576f46ab0e8d32803a5 -> ac96913d6908110a6abd1a7bba739457
  custom:video-decoder-ogg-theora: a1e56fd34408186e4bbccfd4996cb3dc -> 
  custom:scripting/monoscript/fileName/CartesianInputMover.cs: 6e481e4dc4a81911d4aac901246306ea -> 352cebde0451330d3418c9b8170d7770
  custom:scripting/monoscript/fileName/PositionServiceRequest.cs: 604b7350a1923a5a9bd709fbb0ec64de -> 1b5332691515ff45a4b7b160d7af40cc
  custom:CustomObjectIndexerAttribute: 232f87dd983dbecb2a4e21e08eb2cef8 -> 
  custom:container-demuxer-webm: 4f35f7cbe854078d1ac9338744f61a02 -> 
  custom:container-muxer-webm: aa71ff27fc2769a1b78a27578f13a17b -> 
  custom:scripting/monoscript/fileName/CustomIKController.cs: 4df3f7e13d73c56e2a7133001d6862b9 -> 68a62c82b227cef8c0cb62a145e583d8
  custom:video-decoder-webm-vp8: 9c59270c3fd7afecdb556c50c9e8de78 -> 
  custom:SearchIndexIgnoredProperties: e643bd26f0fe6173181afceb89e7c659 -> 
  custom:AudioImporter_EditorPlatform: 2f0ff77a95e0ac474e3e8eeba4e2f7cb -> 
  custom:scripting/monoscript/fileName/PositionServiceResponse.cs: eb8b35c8ccd425d6366d4a98c4e4b483 -> 14d8e1b7be2a90ffc11a47ff3676c47b
  custom:video-encoder-webm-vp8: eb34c28f22e8b96e1ab97ce403110664 -> 
  custom:audio-decoder-ogg-vorbis: bf7c407c2cedff20999df2af8eb42d56 -> 
  custom:scripting/monoscript/fileName/ObjectPoseServiceResponse.cs: 4835040a06592c037884d4ea1d5f8d63 -> 620467b7faa0547d7a2c3511e9703be2
  custom:scripting/monoscript/fileName/PosRotMsg.cs: abd368e715fc1c890b3798a7625cedb4 -> 37cbb950fd8d559e159b3f7c4a713652
  custom:audio-encoder-webm-vorbis: bf7c407c2cedff20999df2af8eb42d56 -> 
  custom:scripting/precompiled-assembly-types:Assembly-CSharp: c02ce6627e6b1d98d98e0d8dc1afacfc -> 8ca404f8a24693e23426b57e83396e6b
========================================================================
Received Prepare
Caller must complete domain reload
Begin MonoManager ReloadAssembly
- Loaded All Assemblies, in  0.497 seconds
Native extension for LinuxStandalone target not found
Native extension for Android target not found
[Package Manager] Server::EnsureServerProcessIsRunning -- launch failed, reason: Unity was launched with the -noUpm command-line argument
[Package Manager] UpmClient::Send -- Unable to send message (not connected to UPM process).
[Package Manager] Cannot connect to Unity Package Manager local server
Mono: successfully reloaded assembly
[Package Manager] Server::EnsureServerProcessIsRunning -- launch failed, reason: Unity was launched with the -noUpm command-line argument
[Package Manager] UpmClient::Send -- Unable to send message (not connected to UPM process).
[Package Manager] Cannot connect to Unity Package Manager local server
- Finished resetting the current domain, in  0.973 seconds
Domain Reload Profiling: 1470ms
	BeginReloadAssembly (149ms)
		ExecutionOrderSort (0ms)
		DisableScriptedObjects (7ms)
		BackupInstance (0ms)
		ReleaseScriptingObjects (0ms)
		CreateAndSetChildDomain (47ms)
	RebuildCommonClasses (41ms)
	RebuildNativeTypeToScriptingClass (8ms)
	initialDomainReloadingComplete (31ms)
	LoadAllAssembliesAndSetupDomain (266ms)
		LoadAssemblies (304ms)
		RebuildTransferFunctionScriptingTraits (0ms)
		AnalyzeDomain (22ms)
			TypeCache.Refresh (10ms)
				TypeCache.ScanAssembly (0ms)
			ScanForSourceGeneratedMonoScriptInfo (0ms)
			ResolveRequiredComponents (11ms)
	FinalizeReload (974ms)
		ReleaseScriptCaches (0ms)
		RebuildScriptCaches (0ms)
		SetupLoadedEditorAssemblies (504ms)
			LogAssemblyErrors (0ms)
			InitializePlatformSupportModulesInManaged (55ms)
			SetLoadedEditorAssemblies (4ms)
			RefreshPlugins (0ms)
			BeforeProcessingInitializeOnLoad (70ms)
			ProcessInitializeOnLoadAttributes (327ms)
			ProcessInitializeOnLoadMethodAttributes (44ms)
			AfterProcessingInitializeOnLoad (4ms)
			EditorAssembliesLoaded (0ms)
		ExecutionOrderSort2 (0ms)
		AwakeInstancesAfterBackupRestoration (6ms)
Refreshing native plugins compatible for Editor in 2.51 ms, found 2 plugins.
Preloading 0 native plugins for Editor in 0.00 ms.
Unloading 3926 Unused Serialized files (Serialized files now loaded: 0)
Unloading 16 unused Assets / (29.0 KB). Loaded Objects now: 4454.
Memory consumption went from 132.0 MB to 132.0 MB.
Total: 7.181910 ms (FindLiveObjects: 1.315044 ms CreateObjectMapping: 0.159715 ms MarkObjects: 5.534411 ms  DeleteObjects: 0.167383 ms)

Prepare: number of updated asset objects reloaded= 0
AssetImportParameters requested are different than current active one (requested -> active):
  custom:container-demuxer-ogg: 62fdf1f143b41e24485cea50d1cbac27 -> 
  custom:scripting/monoscript/fileName/JointStateSubscriber.cs: a16c1fe57f836fb4ab55d7fecb5b9d6e -> 4dedc4a66c6e67481e12c8a20eda7a17
  custom:scripting/monoscript/fileName/UnityColorMsg.cs: dee5fdaf0f0de34c3b8a304af96f20a0 -> c0b80ff3cf83e3d05b0ba4f2f77d5b19
  custom:scripting/monoscript/fileName/ObjectPoseServiceRequest.cs: e8340b02528bd576f46ab0e8d32803a5 -> ac96913d6908110a6abd1a7bba739457
  custom:video-decoder-ogg-theora: a1e56fd34408186e4bbccfd4996cb3dc -> 
  custom:scripting/monoscript/fileName/CartesianInputMover.cs: 6e481e4dc4a81911d4aac901246306ea -> 352cebde0451330d3418c9b8170d7770
  custom:scripting/monoscript/fileName/PositionServiceRequest.cs: 604b7350a1923a5a9bd709fbb0ec64de -> 1b5332691515ff45a4b7b160d7af40cc
  custom:CustomObjectIndexerAttribute: 232f87dd983dbecb2a4e21e08eb2cef8 -> 
  custom:container-demuxer-webm: 4f35f7cbe854078d1ac9338744f61a02 -> 
  custom:container-muxer-webm: aa71ff27fc2769a1b78a27578f13a17b -> 
  custom:scripting/monoscript/fileName/CustomIKController.cs: 4df3f7e13d73c56e2a7133001d6862b9 -> 68a62c82b227cef8c0cb62a145e583d8
  custom:video-decoder-webm-vp8: 9c59270c3fd7afecdb556c50c9e8de78 -> 
  custom:SearchIndexIgnoredProperties: e643bd26f0fe6173181afceb89e7c659 -> 
  custom:AudioImporter_EditorPlatform: 2f0ff77a95e0ac474e3e8eeba4e2f7cb -> 
  custom:scripting/monoscript/fileName/PositionServiceResponse.cs: eb8b35c8ccd425d6366d4a98c4e4b483 -> 14d8e1b7be2a90ffc11a47ff3676c47b
  custom:video-encoder-webm-vp8: eb34c28f22e8b96e1ab97ce403110664 -> 
  custom:audio-decoder-ogg-vorbis: bf7c407c2cedff20999df2af8eb42d56 -> 
  custom:scripting/monoscript/fileName/ObjectPoseServiceResponse.cs: 4835040a06592c037884d4ea1d5f8d63 -> 620467b7faa0547d7a2c3511e9703be2
  custom:scripting/monoscript/fileName/PosRotMsg.cs: abd368e715fc1c890b3798a7625cedb4 -> 37cbb950fd8d559e159b3f7c4a713652
  custom:audio-encoder-webm-vorbis: bf7c407c2cedff20999df2af8eb42d56 -> 
  custom:scripting/precompiled-assembly-types:Assembly-CSharp: c02ce6627e6b1d98d98e0d8dc1afacfc -> 8ca404f8a24693e23426b57e83396e6b
========================================================================
Received Prepare
Caller must complete domain reload
Begin MonoManager ReloadAssembly
- Loaded All Assemblies, in  0.606 seconds
Native extension for LinuxStandalone target not found
Native extension for Android target not found
[Package Manager] Server::EnsureServerProcessIsRunning -- launch failed, reason: Unity was launched with the -noUpm command-line argument
[Package Manager] UpmClient::Send -- Unable to send message (not connected to UPM process).
[Package Manager] Cannot connect to Unity Package Manager local server
Mono: successfully reloaded assembly
[Package Manager] Server::EnsureServerProcessIsRunning -- launch failed, reason: Unity was launched with the -noUpm command-line argument
[Package Manager] UpmClient::Send -- Unable to send message (not connected to UPM process).
[Package Manager] Cannot connect to Unity Package Manager local server
- Finished resetting the current domain, in  0.907 seconds
Domain Reload Profiling: 1512ms
	BeginReloadAssembly (165ms)
		ExecutionOrderSort (0ms)
		DisableScriptedObjects (6ms)
		BackupInstance (0ms)
		ReleaseScriptingObjects (0ms)
		CreateAndSetChildDomain (51ms)
	RebuildCommonClasses (37ms)
	RebuildNativeTypeToScriptingClass (8ms)
	initialDomainReloadingComplete (44ms)
	LoadAllAssembliesAndSetupDomain (350ms)
		LoadAssemblies (378ms)
		RebuildTransferFunctionScriptingTraits (0ms)
		AnalyzeDomain (40ms)
			TypeCache.Refresh (14ms)
				TypeCache.ScanAssembly (0ms)
			ScanForSourceGeneratedMonoScriptInfo (13ms)
			ResolveRequiredComponents (11ms)
	FinalizeReload (908ms)
		ReleaseScriptCaches (0ms)
		RebuildScriptCaches (0ms)
		SetupLoadedEditorAssemblies (502ms)
			LogAssemblyErrors (0ms)
			InitializePlatformSupportModulesInManaged (47ms)
			SetLoadedEditorAssemblies (5ms)
			RefreshPlugins (0ms)
			BeforeProcessingInitializeOnLoad (70ms)
			ProcessInitializeOnLoadAttributes (330ms)
			ProcessInitializeOnLoadMethodAttributes (44ms)
			AfterProcessingInitializeOnLoad (4ms)
			EditorAssembliesLoaded (1ms)
		ExecutionOrderSort2 (0ms)
		AwakeInstancesAfterBackupRestoration (6ms)
Refreshing native plugins compatible for Editor in 1.44 ms, found 2 plugins.
Preloading 0 native plugins for Editor in 0.00 ms.
Unloading 3926 Unused Serialized files (Serialized files now loaded: 0)
Unloading 16 unused Assets / (29.0 KB). Loaded Objects now: 4458.
Memory consumption went from 132.0 MB to 132.0 MB.
Total: 4.919262 ms (FindLiveObjects: 0.283807 ms CreateObjectMapping: 0.131651 ms MarkObjects: 4.353727 ms  DeleteObjects: 0.147967 ms)

Prepare: number of updated asset objects reloaded= 0
AssetImportParameters requested are different than current active one (requested -> active):
  custom:container-demuxer-ogg: 62fdf1f143b41e24485cea50d1cbac27 -> 
  custom:scripting/monoscript/fileName/JointStateSubscriber.cs: a16c1fe57f836fb4ab55d7fecb5b9d6e -> 4dedc4a66c6e67481e12c8a20eda7a17
  custom:scripting/monoscript/fileName/UnityColorMsg.cs: dee5fdaf0f0de34c3b8a304af96f20a0 -> c0b80ff3cf83e3d05b0ba4f2f77d5b19
  custom:scripting/monoscript/fileName/ObjectPoseServiceRequest.cs: e8340b02528bd576f46ab0e8d32803a5 -> ac96913d6908110a6abd1a7bba739457
  custom:video-decoder-ogg-theora: a1e56fd34408186e4bbccfd4996cb3dc -> 
  custom:scripting/monoscript/fileName/CartesianInputMover.cs: 6e481e4dc4a81911d4aac901246306ea -> 352cebde0451330d3418c9b8170d7770
  custom:scripting/monoscript/fileName/PositionServiceRequest.cs: 604b7350a1923a5a9bd709fbb0ec64de -> 1b5332691515ff45a4b7b160d7af40cc
  custom:CustomObjectIndexerAttribute: 232f87dd983dbecb2a4e21e08eb2cef8 -> 
  custom:container-demuxer-webm: 4f35f7cbe854078d1ac9338744f61a02 -> 
  custom:container-muxer-webm: aa71ff27fc2769a1b78a27578f13a17b -> 
  custom:scripting/monoscript/fileName/CustomIKController.cs: 4df3f7e13d73c56e2a7133001d6862b9 -> 68a62c82b227cef8c0cb62a145e583d8
  custom:video-decoder-webm-vp8: 9c59270c3fd7afecdb556c50c9e8de78 -> 
  custom:SearchIndexIgnoredProperties: e643bd26f0fe6173181afceb89e7c659 -> 
  custom:AudioImporter_EditorPlatform: 2f0ff77a95e0ac474e3e8eeba4e2f7cb -> 
  custom:scripting/monoscript/fileName/PositionServiceResponse.cs: eb8b35c8ccd425d6366d4a98c4e4b483 -> 14d8e1b7be2a90ffc11a47ff3676c47b
  custom:video-encoder-webm-vp8: eb34c28f22e8b96e1ab97ce403110664 -> 
  custom:audio-decoder-ogg-vorbis: bf7c407c2cedff20999df2af8eb42d56 -> 
  custom:scripting/monoscript/fileName/ObjectPoseServiceResponse.cs: 4835040a06592c037884d4ea1d5f8d63 -> 620467b7faa0547d7a2c3511e9703be2
  custom:scripting/monoscript/fileName/PosRotMsg.cs: abd368e715fc1c890b3798a7625cedb4 -> 37cbb950fd8d559e159b3f7c4a713652
  custom:audio-encoder-webm-vorbis: bf7c407c2cedff20999df2af8eb42d56 -> 
  custom:scripting/precompiled-assembly-types:Assembly-CSharp: c02ce6627e6b1d98d98e0d8dc1afacfc -> 8ca404f8a24693e23426b57e83396e6b
========================================================================
Received Prepare
Caller must complete domain reload
Begin MonoManager ReloadAssembly
- Loaded All Assemblies, in  0.478 seconds
Native extension for LinuxStandalone target not found
Native extension for Android target not found
[Package Manager] Server::EnsureServerProcessIsRunning -- launch failed, reason: Unity was launched with the -noUpm command-line argument
[Package Manager] UpmClient::Send -- Unable to send message (not connected to UPM process).
[Package Manager] Cannot connect to Unity Package Manager local server
Mono: successfully reloaded assembly
[Package Manager] Server::EnsureServerProcessIsRunning -- launch failed, reason: Unity was launched with the -noUpm command-line argument
[Package Manager] UpmClient::Send -- Unable to send message (not connected to UPM process).
[Package Manager] Cannot connect to Unity Package Manager local server
- Finished resetting the current domain, in  0.786 seconds
Domain Reload Profiling: 1263ms
	BeginReloadAssembly (142ms)
		ExecutionOrderSort (0ms)
		DisableScriptedObjects (6ms)
		BackupInstance (0ms)
		ReleaseScriptingObjects (0ms)
		CreateAndSetChildDomain (44ms)
	RebuildCommonClasses (38ms)
	RebuildNativeTypeToScriptingClass (8ms)
	initialDomainReloadingComplete (31ms)
	LoadAllAssembliesAndSetupDomain (257ms)
		LoadAssemblies (287ms)
		RebuildTransferFunctionScriptingTraits (0ms)
		AnalyzeDomain (31ms)
			TypeCache.Refresh (11ms)
				TypeCache.ScanAssembly (0ms)
			ScanForSourceGeneratedMonoScriptInfo (10ms)
			ResolveRequiredComponents (8ms)
	FinalizeReload (786ms)
		ReleaseScriptCaches (0ms)
		RebuildScriptCaches (0ms)
		SetupLoadedEditorAssemblies (448ms)
			LogAssemblyErrors (0ms)
			InitializePlatformSupportModulesInManaged (52ms)
			SetLoadedEditorAssemblies (4ms)
			RefreshPlugins (0ms)
			BeforeProcessingInitializeOnLoad (70ms)
			ProcessInitializeOnLoadAttributes (278ms)
			ProcessInitializeOnLoadMethodAttributes (41ms)
			AfterProcessingInitializeOnLoad (4ms)
			EditorAssembliesLoaded (0ms)
		ExecutionOrderSort2 (0ms)
		AwakeInstancesAfterBackupRestoration (6ms)
Refreshing native plugins compatible for Editor in 1.50 ms, found 2 plugins.
Preloading 0 native plugins for Editor in 0.00 ms.
Unloading 3926 Unused Serialized files (Serialized files now loaded: 0)
Unloading 16 unused Assets / (29.0 KB). Loaded Objects now: 4462.
Memory consumption went from 132.0 MB to 132.0 MB.
Total: 6.586663 ms (FindLiveObjects: 0.579550 ms CreateObjectMapping: 0.553805 ms MarkObjects: 5.368797 ms  DeleteObjects: 0.081206 ms)

Prepare: number of updated asset objects reloaded= 0
AssetImportParameters requested are different than current active one (requested -> active):
  custom:container-demuxer-ogg: 62fdf1f143b41e24485cea50d1cbac27 -> 
  custom:scripting/monoscript/fileName/JointStateSubscriber.cs: a16c1fe57f836fb4ab55d7fecb5b9d6e -> 4dedc4a66c6e67481e12c8a20eda7a17
  custom:scripting/monoscript/fileName/UnityColorMsg.cs: dee5fdaf0f0de34c3b8a304af96f20a0 -> c0b80ff3cf83e3d05b0ba4f2f77d5b19
  custom:scripting/monoscript/fileName/ObjectPoseServiceRequest.cs: e8340b02528bd576f46ab0e8d32803a5 -> ac96913d6908110a6abd1a7bba739457
  custom:video-decoder-ogg-theora: a1e56fd34408186e4bbccfd4996cb3dc -> 
  custom:scripting/monoscript/fileName/CartesianInputMover.cs: 6e481e4dc4a81911d4aac901246306ea -> 352cebde0451330d3418c9b8170d7770
  custom:scripting/monoscript/fileName/PositionServiceRequest.cs: 604b7350a1923a5a9bd709fbb0ec64de -> 1b5332691515ff45a4b7b160d7af40cc
  custom:CustomObjectIndexerAttribute: 232f87dd983dbecb2a4e21e08eb2cef8 -> 
  custom:container-demuxer-webm: 4f35f7cbe854078d1ac9338744f61a02 -> 
  custom:container-muxer-webm: aa71ff27fc2769a1b78a27578f13a17b -> 
  custom:scripting/monoscript/fileName/CustomIKController.cs: 4df3f7e13d73c56e2a7133001d6862b9 -> 68a62c82b227cef8c0cb62a145e583d8
  custom:video-decoder-webm-vp8: 9c59270c3fd7afecdb556c50c9e8de78 -> 
  custom:SearchIndexIgnoredProperties: e643bd26f0fe6173181afceb89e7c659 -> 
  custom:AudioImporter_EditorPlatform: 2f0ff77a95e0ac474e3e8eeba4e2f7cb -> 
  custom:scripting/monoscript/fileName/PositionServiceResponse.cs: eb8b35c8ccd425d6366d4a98c4e4b483 -> 14d8e1b7be2a90ffc11a47ff3676c47b
  custom:video-encoder-webm-vp8: eb34c28f22e8b96e1ab97ce403110664 -> 
  custom:audio-decoder-ogg-vorbis: bf7c407c2cedff20999df2af8eb42d56 -> 
  custom:scripting/monoscript/fileName/ObjectPoseServiceResponse.cs: 4835040a06592c037884d4ea1d5f8d63 -> 620467b7faa0547d7a2c3511e9703be2
  custom:scripting/monoscript/fileName/PosRotMsg.cs: abd368e715fc1c890b3798a7625cedb4 -> 37cbb950fd8d559e159b3f7c4a713652
  custom:audio-encoder-webm-vorbis: bf7c407c2cedff20999df2af8eb42d56 -> 
  custom:scripting/precompiled-assembly-types:Assembly-CSharp: c02ce6627e6b1d98d98e0d8dc1afacfc -> 8ca404f8a24693e23426b57e83396e6b
========================================================================
Received Prepare
Caller must complete domain reload
Begin MonoManager ReloadAssembly
- Loaded All Assemblies, in  0.556 seconds
Native extension for LinuxStandalone target not found
Native extension for Android target not found
[Package Manager] Server::EnsureServerProcessIsRunning -- launch failed, reason: Unity was launched with the -noUpm command-line argument
[Package Manager] UpmClient::Send -- Unable to send message (not connected to UPM process).
[Package Manager] Cannot connect to Unity Package Manager local server
Mono: successfully reloaded assembly
[Package Manager] Server::EnsureServerProcessIsRunning -- launch failed, reason: Unity was launched with the -noUpm command-line argument
[Package Manager] UpmClient::Send -- Unable to send message (not connected to UPM process).
[Package Manager] Cannot connect to Unity Package Manager local server
- Finished resetting the current domain, in  0.879 seconds
Domain Reload Profiling: 1433ms
	BeginReloadAssembly (181ms)
		ExecutionOrderSort (0ms)
		DisableScriptedObjects (8ms)
		BackupInstance (0ms)
		ReleaseScriptingObjects (0ms)
		CreateAndSetChildDomain (51ms)
	RebuildCommonClasses (55ms)
	RebuildNativeTypeToScriptingClass (15ms)
	initialDomainReloadingComplete (46ms)
	LoadAllAssembliesAndSetupDomain (257ms)
		LoadAssemblies (317ms)
		RebuildTransferFunctionScriptingTraits (0ms)
		AnalyzeDomain (20ms)
			TypeCache.Refresh (9ms)
				TypeCache.ScanAssembly (0ms)
			ScanForSourceGeneratedMonoScriptInfo (0ms)
			ResolveRequiredComponents (9ms)
	FinalizeReload (880ms)
		ReleaseScriptCaches (0ms)
		RebuildScriptCaches (0ms)
		SetupLoadedEditorAssemblies (523ms)
			LogAssemblyErrors (0ms)
			InitializePlatformSupportModulesInManaged (52ms)
			SetLoadedEditorAssemblies (5ms)
			RefreshPlugins (0ms)
			BeforeProcessingInitializeOnLoad (70ms)
			ProcessInitializeOnLoadAttributes (340ms)
			ProcessInitializeOnLoadMethodAttributes (51ms)
			AfterProcessingInitializeOnLoad (5ms)
			EditorAssembliesLoaded (0ms)
		ExecutionOrderSort2 (0ms)
		AwakeInstancesAfterBackupRestoration (5ms)
Refreshing native plugins compatible for Editor in 1.27 ms, found 2 plugins.
Preloading 0 native plugins for Editor in 0.00 ms.
Unloading 3926 Unused Serialized files (Serialized files now loaded: 0)
Unloading 16 unused Assets / (29.0 KB). Loaded Objects now: 4466.
Memory consumption went from 132.0 MB to 132.0 MB.
Total: 5.336285 ms (FindLiveObjects: 0.320972 ms CreateObjectMapping: 0.110534 ms MarkObjects: 4.812091 ms  DeleteObjects: 0.090118 ms)

Prepare: number of updated asset objects reloaded= 0
AssetImportParameters requested are different than current active one (requested -> active):
  custom:container-demuxer-ogg: 62fdf1f143b41e24485cea50d1cbac27 -> 
  custom:scripting/monoscript/fileName/JointStateSubscriber.cs: a16c1fe57f836fb4ab55d7fecb5b9d6e -> 4dedc4a66c6e67481e12c8a20eda7a17
  custom:scripting/monoscript/fileName/UnityColorMsg.cs: dee5fdaf0f0de34c3b8a304af96f20a0 -> c0b80ff3cf83e3d05b0ba4f2f77d5b19
  custom:scripting/monoscript/fileName/ObjectPoseServiceRequest.cs: e8340b02528bd576f46ab0e8d32803a5 -> ac96913d6908110a6abd1a7bba739457
  custom:video-decoder-ogg-theora: a1e56fd34408186e4bbccfd4996cb3dc -> 
  custom:scripting/monoscript/fileName/CartesianInputMover.cs: 6e481e4dc4a81911d4aac901246306ea -> 352cebde0451330d3418c9b8170d7770
  custom:scripting/monoscript/fileName/PositionServiceRequest.cs: 604b7350a1923a5a9bd709fbb0ec64de -> 1b5332691515ff45a4b7b160d7af40cc
  custom:CustomObjectIndexerAttribute: 232f87dd983dbecb2a4e21e08eb2cef8 -> 
  custom:container-demuxer-webm: 4f35f7cbe854078d1ac9338744f61a02 -> 
  custom:container-muxer-webm: aa71ff27fc2769a1b78a27578f13a17b -> 
  custom:scripting/monoscript/fileName/CustomIKController.cs: 4df3f7e13d73c56e2a7133001d6862b9 -> 68a62c82b227cef8c0cb62a145e583d8
  custom:video-decoder-webm-vp8: 9c59270c3fd7afecdb556c50c9e8de78 -> 
  custom:SearchIndexIgnoredProperties: e643bd26f0fe6173181afceb89e7c659 -> 
  custom:AudioImporter_EditorPlatform: 2f0ff77a95e0ac474e3e8eeba4e2f7cb -> 
  custom:scripting/monoscript/fileName/PositionServiceResponse.cs: eb8b35c8ccd425d6366d4a98c4e4b483 -> 14d8e1b7be2a90ffc11a47ff3676c47b
  custom:video-encoder-webm-vp8: eb34c28f22e8b96e1ab97ce403110664 -> 
  custom:audio-decoder-ogg-vorbis: bf7c407c2cedff20999df2af8eb42d56 -> 
  custom:scripting/monoscript/fileName/ObjectPoseServiceResponse.cs: 4835040a06592c037884d4ea1d5f8d63 -> 620467b7faa0547d7a2c3511e9703be2
  custom:scripting/monoscript/fileName/PosRotMsg.cs: abd368e715fc1c890b3798a7625cedb4 -> 37cbb950fd8d559e159b3f7c4a713652
  custom:audio-encoder-webm-vorbis: bf7c407c2cedff20999df2af8eb42d56 -> 
  custom:scripting/precompiled-assembly-types:Assembly-CSharp: c02ce6627e6b1d98d98e0d8dc1afacfc -> 8ca404f8a24693e23426b57e83396e6b
========================================================================
Received Prepare
Caller must complete domain reload
Begin MonoManager ReloadAssembly
- Loaded All Assemblies, in  0.534 seconds
Native extension for LinuxStandalone target not found
Native extension for Android target not found
[Package Manager] Server::EnsureServerProcessIsRunning -- launch failed, reason: Unity was launched with the -noUpm command-line argument
[Package Manager] UpmClient::Send -- Unable to send message (not connected to UPM process).
[Package Manager] Cannot connect to Unity Package Manager local server
Mono: successfully reloaded assembly
[Package Manager] Server::EnsureServerProcessIsRunning -- launch failed, reason: Unity was launched with the -noUpm command-line argument
[Package Manager] UpmClient::Send -- Unable to send message (not connected to UPM process).
[Package Manager] Cannot connect to Unity Package Manager local server
- Finished resetting the current domain, in  0.891 seconds
Domain Reload Profiling: 1425ms
	BeginReloadAssembly (195ms)
		ExecutionOrderSort (0ms)
		DisableScriptedObjects (7ms)
		BackupInstance (0ms)
		ReleaseScriptingObjects (0ms)
		CreateAndSetChildDomain (52ms)
	RebuildCommonClasses (42ms)
	RebuildNativeTypeToScriptingClass (9ms)
	initialDomainReloadingComplete (39ms)
	LoadAllAssembliesAndSetupDomain (248ms)
		LoadAssemblies (313ms)
		RebuildTransferFunctionScriptingTraits (0ms)
		AnalyzeDomain (32ms)
			TypeCache.Refresh (12ms)
				TypeCache.ScanAssembly (1ms)
			ScanForSourceGeneratedMonoScriptInfo (10ms)
			ResolveRequiredComponents (8ms)
	FinalizeReload (892ms)
		ReleaseScriptCaches (0ms)
		RebuildScriptCaches (0ms)
		SetupLoadedEditorAssemblies (477ms)
			LogAssemblyErrors (0ms)
			InitializePlatformSupportModulesInManaged (56ms)
			SetLoadedEditorAssemblies (4ms)
			RefreshPlugins (0ms)
			BeforeProcessingInitializeOnLoad (68ms)
			ProcessInitializeOnLoadAttributes (288ms)
			ProcessInitializeOnLoadMethodAttributes (55ms)
			AfterProcessingInitializeOnLoad (5ms)
			EditorAssembliesLoaded (0ms)
		ExecutionOrderSort2 (0ms)
		AwakeInstancesAfterBackupRestoration (9ms)
Refreshing native plugins compatible for Editor in 1.84 ms, found 2 plugins.
Preloading 0 native plugins for Editor in 0.00 ms.
Unloading 3926 Unused Serialized files (Serialized files now loaded: 0)
Unloading 16 unused Assets / (28.9 KB). Loaded Objects now: 4470.
Memory consumption went from 132.0 MB to 132.0 MB.
Total: 5.301140 ms (FindLiveObjects: 0.416312 ms CreateObjectMapping: 0.241975 ms MarkObjects: 4.480899 ms  DeleteObjects: 0.157353 ms)

Prepare: number of updated asset objects reloaded= 0
AssetImportParameters requested are different than current active one (requested -> active):
  custom:container-demuxer-ogg: 62fdf1f143b41e24485cea50d1cbac27 -> 
  custom:scripting/monoscript/fileName/JointStateSubscriber.cs: a16c1fe57f836fb4ab55d7fecb5b9d6e -> 4dedc4a66c6e67481e12c8a20eda7a17
  custom:scripting/monoscript/fileName/UnityColorMsg.cs: dee5fdaf0f0de34c3b8a304af96f20a0 -> c0b80ff3cf83e3d05b0ba4f2f77d5b19
  custom:scripting/monoscript/fileName/ObjectPoseServiceRequest.cs: e8340b02528bd576f46ab0e8d32803a5 -> ac96913d6908110a6abd1a7bba739457
  custom:video-decoder-ogg-theora: a1e56fd34408186e4bbccfd4996cb3dc -> 
  custom:scripting/monoscript/fileName/CartesianInputMover.cs: 6e481e4dc4a81911d4aac901246306ea -> 352cebde0451330d3418c9b8170d7770
  custom:scripting/monoscript/fileName/PositionServiceRequest.cs: 604b7350a1923a5a9bd709fbb0ec64de -> 1b5332691515ff45a4b7b160d7af40cc
  custom:CustomObjectIndexerAttribute: 232f87dd983dbecb2a4e21e08eb2cef8 -> 
  custom:container-demuxer-webm: 4f35f7cbe854078d1ac9338744f61a02 -> 
  custom:container-muxer-webm: aa71ff27fc2769a1b78a27578f13a17b -> 
  custom:scripting/monoscript/fileName/CustomIKController.cs: 4df3f7e13d73c56e2a7133001d6862b9 -> 68a62c82b227cef8c0cb62a145e583d8
  custom:video-decoder-webm-vp8: 9c59270c3fd7afecdb556c50c9e8de78 -> 
  custom:SearchIndexIgnoredProperties: e643bd26f0fe6173181afceb89e7c659 -> 
  custom:AudioImporter_EditorPlatform: 2f0ff77a95e0ac474e3e8eeba4e2f7cb -> 
  custom:scripting/monoscript/fileName/PositionServiceResponse.cs: eb8b35c8ccd425d6366d4a98c4e4b483 -> 14d8e1b7be2a90ffc11a47ff3676c47b
  custom:video-encoder-webm-vp8: eb34c28f22e8b96e1ab97ce403110664 -> 
  custom:audio-decoder-ogg-vorbis: bf7c407c2cedff20999df2af8eb42d56 -> 
  custom:scripting/monoscript/fileName/ObjectPoseServiceResponse.cs: 4835040a06592c037884d4ea1d5f8d63 -> 620467b7faa0547d7a2c3511e9703be2
  custom:scripting/monoscript/fileName/PosRotMsg.cs: abd368e715fc1c890b3798a7625cedb4 -> 37cbb950fd8d559e159b3f7c4a713652
  custom:audio-encoder-webm-vorbis: bf7c407c2cedff20999df2af8eb42d56 -> 
  custom:scripting/precompiled-assembly-types:Assembly-CSharp: c02ce6627e6b1d98d98e0d8dc1afacfc -> 8ca404f8a24693e23426b57e83396e6b
========================================================================
Received Prepare
Caller must complete domain reload
Begin MonoManager ReloadAssembly
- Loaded All Assemblies, in  0.601 seconds
Native extension for LinuxStandalone target not found
Native extension for Android target not found
[Package Manager] Server::EnsureServerProcessIsRunning -- launch failed, reason: Unity was launched with the -noUpm command-line argument
[Package Manager] UpmClient::Send -- Unable to send message (not connected to UPM process).
[Package Manager] Cannot connect to Unity Package Manager local server
Mono: successfully reloaded assembly
[Package Manager] Server::EnsureServerProcessIsRunning -- launch failed, reason: Unity was launched with the -noUpm command-line argument
[Package Manager] UpmClient::Send -- Unable to send message (not connected to UPM process).
[Package Manager] Cannot connect to Unity Package Manager local server
- Finished resetting the current domain, in  1.024 seconds
Domain Reload Profiling: 1623ms
	BeginReloadAssembly (176ms)
		ExecutionOrderSort (0ms)
		DisableScriptedObjects (6ms)
		BackupInstance (0ms)
		ReleaseScriptingObjects (0ms)
		CreateAndSetChildDomain (54ms)
	RebuildCommonClasses (51ms)
	RebuildNativeTypeToScriptingClass (14ms)
	initialDomainReloadingComplete (49ms)
	LoadAllAssembliesAndSetupDomain (309ms)
		LoadAssemblies (364ms)
		RebuildTransferFunctionScriptingTraits (0ms)
		AnalyzeDomain (27ms)
			TypeCache.Refresh (12ms)
				TypeCache.ScanAssembly (0ms)
			ScanForSourceGeneratedMonoScriptInfo (0ms)
			ResolveRequiredComponents (13ms)
	FinalizeReload (1025ms)
		ReleaseScriptCaches (0ms)
		RebuildScriptCaches (0ms)
		SetupLoadedEditorAssemblies (597ms)
			LogAssemblyErrors (0ms)
			InitializePlatformSupportModulesInManaged (56ms)
			SetLoadedEditorAssemblies (6ms)
			RefreshPlugins (0ms)
			BeforeProcessingInitializeOnLoad (98ms)
			ProcessInitializeOnLoadAttributes (384ms)
			ProcessInitializeOnLoadMethodAttributes (47ms)
			AfterProcessingInitializeOnLoad (4ms)
			EditorAssembliesLoaded (0ms)
		ExecutionOrderSort2 (0ms)
		AwakeInstancesAfterBackupRestoration (7ms)
Refreshing native plugins compatible for Editor in 1.68 ms, found 2 plugins.
Preloading 0 native plugins for Editor in 0.00 ms.
Unloading 3926 Unused Serialized files (Serialized files now loaded: 0)
Unloading 16 unused Assets / (29.0 KB). Loaded Objects now: 4474.
Memory consumption went from 132.0 MB to 132.0 MB.
Total: 5.840364 ms (FindLiveObjects: 0.437086 ms CreateObjectMapping: 0.271845 ms MarkObjects: 5.011367 ms  DeleteObjects: 0.115697 ms)

Prepare: number of updated asset objects reloaded= 0
AssetImportParameters requested are different than current active one (requested -> active):
  custom:container-demuxer-ogg: 62fdf1f143b41e24485cea50d1cbac27 -> 
  custom:scripting/monoscript/fileName/JointStateSubscriber.cs: a16c1fe57f836fb4ab55d7fecb5b9d6e -> 4dedc4a66c6e67481e12c8a20eda7a17
  custom:scripting/monoscript/fileName/UnityColorMsg.cs: dee5fdaf0f0de34c3b8a304af96f20a0 -> c0b80ff3cf83e3d05b0ba4f2f77d5b19
  custom:scripting/monoscript/fileName/ObjectPoseServiceRequest.cs: e8340b02528bd576f46ab0e8d32803a5 -> ac96913d6908110a6abd1a7bba739457
  custom:video-decoder-ogg-theora: a1e56fd34408186e4bbccfd4996cb3dc -> 
  custom:scripting/monoscript/fileName/CartesianInputMover.cs: 6e481e4dc4a81911d4aac901246306ea -> 352cebde0451330d3418c9b8170d7770
  custom:scripting/monoscript/fileName/PositionServiceRequest.cs: 604b7350a1923a5a9bd709fbb0ec64de -> 1b5332691515ff45a4b7b160d7af40cc
  custom:CustomObjectIndexerAttribute: 232f87dd983dbecb2a4e21e08eb2cef8 -> 
  custom:container-demuxer-webm: 4f35f7cbe854078d1ac9338744f61a02 -> 
  custom:container-muxer-webm: aa71ff27fc2769a1b78a27578f13a17b -> 
  custom:scripting/monoscript/fileName/CustomIKController.cs: 4df3f7e13d73c56e2a7133001d6862b9 -> 68a62c82b227cef8c0cb62a145e583d8
  custom:video-decoder-webm-vp8: 9c59270c3fd7afecdb556c50c9e8de78 -> 
  custom:SearchIndexIgnoredProperties: e643bd26f0fe6173181afceb89e7c659 -> 
  custom:AudioImporter_EditorPlatform: 2f0ff77a95e0ac474e3e8eeba4e2f7cb -> 
  custom:scripting/monoscript/fileName/PositionServiceResponse.cs: eb8b35c8ccd425d6366d4a98c4e4b483 -> 14d8e1b7be2a90ffc11a47ff3676c47b
  custom:video-encoder-webm-vp8: eb34c28f22e8b96e1ab97ce403110664 -> 
  custom:audio-decoder-ogg-vorbis: bf7c407c2cedff20999df2af8eb42d56 -> 
  custom:scripting/monoscript/fileName/ObjectPoseServiceResponse.cs: 4835040a06592c037884d4ea1d5f8d63 -> 620467b7faa0547d7a2c3511e9703be2
  custom:scripting/monoscript/fileName/PosRotMsg.cs: abd368e715fc1c890b3798a7625cedb4 -> 37cbb950fd8d559e159b3f7c4a713652
  custom:audio-encoder-webm-vorbis: bf7c407c2cedff20999df2af8eb42d56 -> 
  custom:scripting/precompiled-assembly-types:Assembly-CSharp: c02ce6627e6b1d98d98e0d8dc1afacfc -> 8ca404f8a24693e23426b57e83396e6b
========================================================================
Received Prepare
Caller must complete domain reload
Begin MonoManager ReloadAssembly
- Loaded All Assemblies, in  0.604 seconds
Native extension for LinuxStandalone target not found
Native extension for Android target not found
[Package Manager] Server::EnsureServerProcessIsRunning -- launch failed, reason: Unity was launched with the -noUpm command-line argument
[Package Manager] UpmClient::Send -- Unable to send message (not connected to UPM process).
[Package Manager] Cannot connect to Unity Package Manager local server
Mono: successfully reloaded assembly
[Package Manager] Server::EnsureServerProcessIsRunning -- launch failed, reason: Unity was launched with the -noUpm command-line argument
[Package Manager] UpmClient::Send -- Unable to send message (not connected to UPM process).
[Package Manager] Cannot connect to Unity Package Manager local server
- Finished resetting the current domain, in  1.186 seconds
Domain Reload Profiling: 1789ms
	BeginReloadAssembly (179ms)
		ExecutionOrderSort (0ms)
		DisableScriptedObjects (5ms)
		BackupInstance (0ms)
		ReleaseScriptingObjects (0ms)
		CreateAndSetChildDomain (56ms)
	RebuildCommonClasses (50ms)
	RebuildNativeTypeToScriptingClass (13ms)
	initialDomainReloadingComplete (45ms)
	LoadAllAssembliesAndSetupDomain (315ms)
		LoadAssemblies (353ms)
		RebuildTransferFunctionScriptingTraits (0ms)
		AnalyzeDomain (41ms)
			TypeCache.Refresh (15ms)
				TypeCache.ScanAssembly (0ms)
			ScanForSourceGeneratedMonoScriptInfo (13ms)
			ResolveRequiredComponents (11ms)
	FinalizeReload (1187ms)
		ReleaseScriptCaches (0ms)
		RebuildScriptCaches (0ms)
		SetupLoadedEditorAssemblies (659ms)
			LogAssemblyErrors (0ms)
			InitializePlatformSupportModulesInManaged (65ms)
			SetLoadedEditorAssemblies (8ms)
			RefreshPlugins (0ms)
			BeforeProcessingInitializeOnLoad (91ms)
			ProcessInitializeOnLoadAttributes (426ms)
			ProcessInitializeOnLoadMethodAttributes (62ms)
			AfterProcessingInitializeOnLoad (6ms)
			EditorAssembliesLoaded (0ms)
		ExecutionOrderSort2 (0ms)
		AwakeInstancesAfterBackupRestoration (7ms)
Refreshing native plugins compatible for Editor in 1.56 ms, found 2 plugins.
Preloading 0 native plugins for Editor in 0.00 ms.
Unloading 3926 Unused Serialized files (Serialized files now loaded: 0)
Unloading 16 unused Assets / (28.9 KB). Loaded Objects now: 4478.
Memory consumption went from 132.0 MB to 132.0 MB.
Total: 6.474998 ms (FindLiveObjects: 0.847804 ms CreateObjectMapping: 0.891080 ms MarkObjects: 4.645027 ms  DeleteObjects: 0.087935 ms)

Prepare: number of updated asset objects reloaded= 0
AssetImportParameters requested are different than current active one (requested -> active):
  custom:container-demuxer-ogg: 62fdf1f143b41e24485cea50d1cbac27 -> 
  custom:scripting/monoscript/fileName/JointStateSubscriber.cs: a16c1fe57f836fb4ab55d7fecb5b9d6e -> 4dedc4a66c6e67481e12c8a20eda7a17
  custom:scripting/monoscript/fileName/UnityColorMsg.cs: dee5fdaf0f0de34c3b8a304af96f20a0 -> c0b80ff3cf83e3d05b0ba4f2f77d5b19
  custom:scripting/monoscript/fileName/ObjectPoseServiceRequest.cs: e8340b02528bd576f46ab0e8d32803a5 -> ac96913d6908110a6abd1a7bba739457
  custom:video-decoder-ogg-theora: a1e56fd34408186e4bbccfd4996cb3dc -> 
  custom:scripting/monoscript/fileName/CartesianInputMover.cs: 6e481e4dc4a81911d4aac901246306ea -> 352cebde0451330d3418c9b8170d7770
  custom:scripting/monoscript/fileName/PositionServiceRequest.cs: 604b7350a1923a5a9bd709fbb0ec64de -> 1b5332691515ff45a4b7b160d7af40cc
  custom:CustomObjectIndexerAttribute: 232f87dd983dbecb2a4e21e08eb2cef8 -> 
  custom:container-demuxer-webm: 4f35f7cbe854078d1ac9338744f61a02 -> 
  custom:container-muxer-webm: aa71ff27fc2769a1b78a27578f13a17b -> 
  custom:scripting/monoscript/fileName/CustomIKController.cs: 4df3f7e13d73c56e2a7133001d6862b9 -> 68a62c82b227cef8c0cb62a145e583d8
  custom:video-decoder-webm-vp8: 9c59270c3fd7afecdb556c50c9e8de78 -> 
  custom:SearchIndexIgnoredProperties: e643bd26f0fe6173181afceb89e7c659 -> 
  custom:AudioImporter_EditorPlatform: 2f0ff77a95e0ac474e3e8eeba4e2f7cb -> 
  custom:scripting/monoscript/fileName/PositionServiceResponse.cs: eb8b35c8ccd425d6366d4a98c4e4b483 -> 14d8e1b7be2a90ffc11a47ff3676c47b
  custom:video-encoder-webm-vp8: eb34c28f22e8b96e1ab97ce403110664 -> 
  custom:audio-decoder-ogg-vorbis: bf7c407c2cedff20999df2af8eb42d56 -> 
  custom:scripting/monoscript/fileName/ObjectPoseServiceResponse.cs: 4835040a06592c037884d4ea1d5f8d63 -> 620467b7faa0547d7a2c3511e9703be2
  custom:scripting/monoscript/fileName/PosRotMsg.cs: abd368e715fc1c890b3798a7625cedb4 -> 37cbb950fd8d559e159b3f7c4a713652
  custom:audio-encoder-webm-vorbis: bf7c407c2cedff20999df2af8eb42d56 -> 
  custom:scripting/precompiled-assembly-types:Assembly-CSharp: c02ce6627e6b1d98d98e0d8dc1afacfc -> 8ca404f8a24693e23426b57e83396e6b
========================================================================
Received Prepare
Caller must complete domain reload
Begin MonoManager ReloadAssembly
- Loaded All Assemblies, in  0.612 seconds
Native extension for LinuxStandalone target not found
Native extension for Android target not found
[Package Manager] Server::EnsureServerProcessIsRunning -- launch failed, reason: Unity was launched with the -noUpm command-line argument
[Package Manager] UpmClient::Send -- Unable to send message (not connected to UPM process).
[Package Manager] Cannot connect to Unity Package Manager local server
Mono: successfully reloaded assembly
[Package Manager] Server::EnsureServerProcessIsRunning -- launch failed, reason: Unity was launched with the -noUpm command-line argument
[Package Manager] UpmClient::Send -- Unable to send message (not connected to UPM process).
[Package Manager] Cannot connect to Unity Package Manager local server
- Finished resetting the current domain, in  1.073 seconds
Domain Reload Profiling: 1683ms
	BeginReloadAssembly (173ms)
		ExecutionOrderSort (0ms)
		DisableScriptedObjects (7ms)
		BackupInstance (0ms)
		ReleaseScriptingObjects (0ms)
		CreateAndSetChildDomain (46ms)
	RebuildCommonClasses (53ms)
	RebuildNativeTypeToScriptingClass (16ms)
	initialDomainReloadingComplete (46ms)
	LoadAllAssembliesAndSetupDomain (321ms)
		LoadAssemblies (376ms)
		RebuildTransferFunctionScriptingTraits (0ms)
		AnalyzeDomain (26ms)
			TypeCache.Refresh (12ms)
				TypeCache.ScanAssembly (0ms)
			ScanForSourceGeneratedMonoScriptInfo (0ms)
			ResolveRequiredComponents (12ms)
	FinalizeReload (1074ms)
		ReleaseScriptCaches (0ms)
		RebuildScriptCaches (0ms)
		SetupLoadedEditorAssemblies (631ms)
			LogAssemblyErrors (0ms)
			InitializePlatformSupportModulesInManaged (58ms)
			SetLoadedEditorAssemblies (6ms)
			RefreshPlugins (0ms)
			BeforeProcessingInitializeOnLoad (93ms)
			ProcessInitializeOnLoadAttributes (416ms)
			ProcessInitializeOnLoadMethodAttributes (53ms)
			AfterProcessingInitializeOnLoad (4ms)
			EditorAssembliesLoaded (1ms)
		ExecutionOrderSort2 (0ms)
		AwakeInstancesAfterBackupRestoration (7ms)
Refreshing native plugins compatible for Editor in 1.27 ms, found 2 plugins.
Preloading 0 native plugins for Editor in 0.00 ms.
Unloading 3926 Unused Serialized files (Serialized files now loaded: 0)
Unloading 16 unused Assets / (29.0 KB). Loaded Objects now: 4482.
Memory consumption went from 132.0 MB to 132.0 MB.
Total: 7.274919 ms (FindLiveObjects: 0.397943 ms CreateObjectMapping: 0.220126 ms MarkObjects: 6.547010 ms  DeleteObjects: 0.106713 ms)

Prepare: number of updated asset objects reloaded= 0
AssetImportParameters requested are different than current active one (requested -> active):
  custom:container-demuxer-ogg: 62fdf1f143b41e24485cea50d1cbac27 -> 
  custom:scripting/monoscript/fileName/JointStateSubscriber.cs: a16c1fe57f836fb4ab55d7fecb5b9d6e -> 4dedc4a66c6e67481e12c8a20eda7a17
  custom:scripting/monoscript/fileName/UnityColorMsg.cs: dee5fdaf0f0de34c3b8a304af96f20a0 -> c0b80ff3cf83e3d05b0ba4f2f77d5b19
  custom:scripting/monoscript/fileName/ObjectPoseServiceRequest.cs: e8340b02528bd576f46ab0e8d32803a5 -> ac96913d6908110a6abd1a7bba739457
  custom:video-decoder-ogg-theora: a1e56fd34408186e4bbccfd4996cb3dc -> 
  custom:scripting/monoscript/fileName/CartesianInputMover.cs: 6e481e4dc4a81911d4aac901246306ea -> 352cebde0451330d3418c9b8170d7770
  custom:scripting/monoscript/fileName/PositionServiceRequest.cs: 604b7350a1923a5a9bd709fbb0ec64de -> 1b5332691515ff45a4b7b160d7af40cc
  custom:CustomObjectIndexerAttribute: 232f87dd983dbecb2a4e21e08eb2cef8 -> 
  custom:container-demuxer-webm: 4f35f7cbe854078d1ac9338744f61a02 -> 
  custom:container-muxer-webm: aa71ff27fc2769a1b78a27578f13a17b -> 
  custom:scripting/monoscript/fileName/CustomIKController.cs: 4df3f7e13d73c56e2a7133001d6862b9 -> 68a62c82b227cef8c0cb62a145e583d8
  custom:video-decoder-webm-vp8: 9c59270c3fd7afecdb556c50c9e8de78 -> 
  custom:SearchIndexIgnoredProperties: e643bd26f0fe6173181afceb89e7c659 -> 
  custom:AudioImporter_EditorPlatform: 2f0ff77a95e0ac474e3e8eeba4e2f7cb -> 
  custom:scripting/monoscript/fileName/PositionServiceResponse.cs: eb8b35c8ccd425d6366d4a98c4e4b483 -> 14d8e1b7be2a90ffc11a47ff3676c47b
  custom:video-encoder-webm-vp8: eb34c28f22e8b96e1ab97ce403110664 -> 
  custom:audio-decoder-ogg-vorbis: bf7c407c2cedff20999df2af8eb42d56 -> 
  custom:scripting/monoscript/fileName/ObjectPoseServiceResponse.cs: 4835040a06592c037884d4ea1d5f8d63 -> 620467b7faa0547d7a2c3511e9703be2
  custom:scripting/monoscript/fileName/PosRotMsg.cs: abd368e715fc1c890b3798a7625cedb4 -> 37cbb950fd8d559e159b3f7c4a713652
  custom:audio-encoder-webm-vorbis: bf7c407c2cedff20999df2af8eb42d56 -> 
  custom:scripting/precompiled-assembly-types:Assembly-CSharp: c02ce6627e6b1d98d98e0d8dc1afacfc -> 8ca404f8a24693e23426b57e83396e6b
========================================================================
Received Prepare
Caller must complete domain reload
Begin MonoManager ReloadAssembly
- Loaded All Assemblies, in  0.492 seconds
Native extension for LinuxStandalone target not found
Native extension for Android target not found
[Package Manager] Server::EnsureServerProcessIsRunning -- launch failed, reason: Unity was launched with the -noUpm command-line argument
[Package Manager] UpmClient::Send -- Unable to send message (not connected to UPM process).
[Package Manager] Cannot connect to Unity Package Manager local server
Mono: successfully reloaded assembly
[Package Manager] Server::EnsureServerProcessIsRunning -- launch failed, reason: Unity was launched with the -noUpm command-line argument
[Package Manager] UpmClient::Send -- Unable to send message (not connected to UPM process).
[Package Manager] Cannot connect to Unity Package Manager local server
- Finished resetting the current domain, in  0.814 seconds
Domain Reload Profiling: 1306ms
	BeginReloadAssembly (168ms)
		ExecutionOrderSort (0ms)
		DisableScriptedObjects (6ms)
		BackupInstance (0ms)
		ReleaseScriptingObjects (0ms)
		CreateAndSetChildDomain (49ms)
	RebuildCommonClasses (39ms)
	RebuildNativeTypeToScriptingClass (8ms)
	initialDomainReloadingComplete (31ms)
	LoadAllAssembliesAndSetupDomain (245ms)
		LoadAssemblies (292ms)
		RebuildTransferFunctionScriptingTraits (0ms)
		AnalyzeDomain (32ms)
			TypeCache.Refresh (12ms)
				TypeCache.ScanAssembly (0ms)
			ScanForSourceGeneratedMonoScriptInfo (11ms)
			ResolveRequiredComponents (8ms)
	FinalizeReload (814ms)
		ReleaseScriptCaches (0ms)
		RebuildScriptCaches (0ms)
		SetupLoadedEditorAssemblies (474ms)
			LogAssemblyErrors (0ms)
			InitializePlatformSupportModulesInManaged (49ms)
			SetLoadedEditorAssemblies (4ms)
			RefreshPlugins (0ms)
			BeforeProcessingInitializeOnLoad (68ms)
			ProcessInitializeOnLoadAttributes (308ms)
			ProcessInitializeOnLoadMethodAttributes (42ms)
			AfterProcessingInitializeOnLoad (4ms)
			EditorAssembliesLoaded (0ms)
		ExecutionOrderSort2 (0ms)
		AwakeInstancesAfterBackupRestoration (7ms)
Refreshing native plugins compatible for Editor in 1.66 ms, found 2 plugins.
Preloading 0 native plugins for Editor in 0.00 ms.
Unloading 3926 Unused Serialized files (Serialized files now loaded: 0)
Unloading 16 unused Assets / (28.9 KB). Loaded Objects now: 4486.
Memory consumption went from 132.0 MB to 132.0 MB.
Total: 5.939678 ms (FindLiveObjects: 0.453054 ms CreateObjectMapping: 0.228373 ms MarkObjects: 5.168082 ms  DeleteObjects: 0.086849 ms)

Prepare: number of updated asset objects reloaded= 0
AssetImportParameters requested are different than current active one (requested -> active):
  custom:container-demuxer-ogg: 62fdf1f143b41e24485cea50d1cbac27 -> 
  custom:scripting/monoscript/fileName/JointStateSubscriber.cs: a16c1fe57f836fb4ab55d7fecb5b9d6e -> 4dedc4a66c6e67481e12c8a20eda7a17
  custom:scripting/monoscript/fileName/UnityColorMsg.cs: dee5fdaf0f0de34c3b8a304af96f20a0 -> c0b80ff3cf83e3d05b0ba4f2f77d5b19
  custom:scripting/monoscript/fileName/ObjectPoseServiceRequest.cs: e8340b02528bd576f46ab0e8d32803a5 -> ac96913d6908110a6abd1a7bba739457
  custom:video-decoder-ogg-theora: a1e56fd34408186e4bbccfd4996cb3dc -> 
  custom:scripting/monoscript/fileName/CartesianInputMover.cs: 6e481e4dc4a81911d4aac901246306ea -> 352cebde0451330d3418c9b8170d7770
  custom:scripting/monoscript/fileName/PositionServiceRequest.cs: 604b7350a1923a5a9bd709fbb0ec64de -> 1b5332691515ff45a4b7b160d7af40cc
  custom:CustomObjectIndexerAttribute: 232f87dd983dbecb2a4e21e08eb2cef8 -> 
  custom:container-demuxer-webm: 4f35f7cbe854078d1ac9338744f61a02 -> 
  custom:container-muxer-webm: aa71ff27fc2769a1b78a27578f13a17b -> 
  custom:scripting/monoscript/fileName/CustomIKController.cs: 4df3f7e13d73c56e2a7133001d6862b9 -> 68a62c82b227cef8c0cb62a145e583d8
  custom:video-decoder-webm-vp8: 9c59270c3fd7afecdb556c50c9e8de78 -> 
  custom:SearchIndexIgnoredProperties: e643bd26f0fe6173181afceb89e7c659 -> 
  custom:AudioImporter_EditorPlatform: 2f0ff77a95e0ac474e3e8eeba4e2f7cb -> 
  custom:scripting/monoscript/fileName/PositionServiceResponse.cs: eb8b35c8ccd425d6366d4a98c4e4b483 -> 14d8e1b7be2a90ffc11a47ff3676c47b
  custom:video-encoder-webm-vp8: eb34c28f22e8b96e1ab97ce403110664 -> 
  custom:audio-decoder-ogg-vorbis: bf7c407c2cedff20999df2af8eb42d56 -> 
  custom:scripting/monoscript/fileName/ObjectPoseServiceResponse.cs: 4835040a06592c037884d4ea1d5f8d63 -> 620467b7faa0547d7a2c3511e9703be2
  custom:scripting/monoscript/fileName/PosRotMsg.cs: abd368e715fc1c890b3798a7625cedb4 -> 37cbb950fd8d559e159b3f7c4a713652
  custom:audio-encoder-webm-vorbis: bf7c407c2cedff20999df2af8eb42d56 -> 
  custom:scripting/precompiled-assembly-types:Assembly-CSharp: c02ce6627e6b1d98d98e0d8dc1afacfc -> 8ca404f8a24693e23426b57e83396e6b
========================================================================
Received Prepare
Caller must complete domain reload
Begin MonoManager ReloadAssembly
- Loaded All Assemblies, in  0.608 seconds
Native extension for LinuxStandalone target not found
Native extension for Android target not found
[Package Manager] Server::EnsureServerProcessIsRunning -- launch failed, reason: Unity was launched with the -noUpm command-line argument
[Package Manager] UpmClient::Send -- Unable to send message (not connected to UPM process).
[Package Manager] Cannot connect to Unity Package Manager local server
Mono: successfully reloaded assembly
[Package Manager] Server::EnsureServerProcessIsRunning -- launch failed, reason: Unity was launched with the -noUpm command-line argument
[Package Manager] UpmClient::Send -- Unable to send message (not connected to UPM process).
[Package Manager] Cannot connect to Unity Package Manager local server
- Finished resetting the current domain, in  1.002 seconds
Domain Reload Profiling: 1608ms
	BeginReloadAssembly (181ms)
		ExecutionOrderSort (0ms)
		DisableScriptedObjects (5ms)
		BackupInstance (0ms)
		ReleaseScriptingObjects (0ms)
		CreateAndSetChildDomain (57ms)
	RebuildCommonClasses (50ms)
	RebuildNativeTypeToScriptingClass (15ms)
	initialDomainReloadingComplete (50ms)
	LoadAllAssembliesAndSetupDomain (309ms)
		LoadAssemblies (366ms)
		RebuildTransferFunctionScriptingTraits (0ms)
		AnalyzeDomain (24ms)
			TypeCache.Refresh (13ms)
				TypeCache.ScanAssembly (0ms)
			ScanForSourceGeneratedMonoScriptInfo (0ms)
			ResolveRequiredComponents (9ms)
	FinalizeReload (1003ms)
		ReleaseScriptCaches (0ms)
		RebuildScriptCaches (0ms)
		SetupLoadedEditorAssemblies (634ms)
			LogAssemblyErrors (0ms)
			InitializePlatformSupportModulesInManaged (68ms)
			SetLoadedEditorAssemblies (5ms)
			RefreshPlugins (0ms)
			BeforeProcessingInitializeOnLoad (95ms)
			ProcessInitializeOnLoadAttributes (411ms)
			ProcessInitializeOnLoadMethodAttributes (51ms)
			AfterProcessingInitializeOnLoad (4ms)
			EditorAssembliesLoaded (0ms)
		ExecutionOrderSort2 (0ms)
		AwakeInstancesAfterBackupRestoration (7ms)
Refreshing native plugins compatible for Editor in 1.55 ms, found 2 plugins.
Preloading 0 native plugins for Editor in 0.00 ms.
Unloading 3926 Unused Serialized files (Serialized files now loaded: 0)
Unloading 16 unused Assets / (29.0 KB). Loaded Objects now: 4490.
Memory consumption went from 132.0 MB to 132.0 MB.
Total: 5.355910 ms (FindLiveObjects: 0.433645 ms CreateObjectMapping: 0.285512 ms MarkObjects: 4.523774 ms  DeleteObjects: 0.110530 ms)

Prepare: number of updated asset objects reloaded= 0
AssetImportParameters requested are different than current active one (requested -> active):
  custom:container-demuxer-ogg: 62fdf1f143b41e24485cea50d1cbac27 -> 
  custom:scripting/monoscript/fileName/JointStateSubscriber.cs: a16c1fe57f836fb4ab55d7fecb5b9d6e -> 4dedc4a66c6e67481e12c8a20eda7a17
  custom:scripting/monoscript/fileName/UnityColorMsg.cs: dee5fdaf0f0de34c3b8a304af96f20a0 -> c0b80ff3cf83e3d05b0ba4f2f77d5b19
  custom:scripting/monoscript/fileName/ObjectPoseServiceRequest.cs: e8340b02528bd576f46ab0e8d32803a5 -> ac96913d6908110a6abd1a7bba739457
  custom:video-decoder-ogg-theora: a1e56fd34408186e4bbccfd4996cb3dc -> 
  custom:scripting/monoscript/fileName/CartesianInputMover.cs: 6e481e4dc4a81911d4aac901246306ea -> 352cebde0451330d3418c9b8170d7770
  custom:scripting/monoscript/fileName/PositionServiceRequest.cs: 604b7350a1923a5a9bd709fbb0ec64de -> 1b5332691515ff45a4b7b160d7af40cc
  custom:CustomObjectIndexerAttribute: 232f87dd983dbecb2a4e21e08eb2cef8 -> 
  custom:container-demuxer-webm: 4f35f7cbe854078d1ac9338744f61a02 -> 
  custom:container-muxer-webm: aa71ff27fc2769a1b78a27578f13a17b -> 
  custom:scripting/monoscript/fileName/CustomIKController.cs: 4df3f7e13d73c56e2a7133001d6862b9 -> 68a62c82b227cef8c0cb62a145e583d8
  custom:video-decoder-webm-vp8: 9c59270c3fd7afecdb556c50c9e8de78 -> 
  custom:SearchIndexIgnoredProperties: e643bd26f0fe6173181afceb89e7c659 -> 
  custom:AudioImporter_EditorPlatform: 2f0ff77a95e0ac474e3e8eeba4e2f7cb -> 
  custom:scripting/monoscript/fileName/PositionServiceResponse.cs: eb8b35c8ccd425d6366d4a98c4e4b483 -> 14d8e1b7be2a90ffc11a47ff3676c47b
  custom:video-encoder-webm-vp8: eb34c28f22e8b96e1ab97ce403110664 -> 
  custom:audio-decoder-ogg-vorbis: bf7c407c2cedff20999df2af8eb42d56 -> 
  custom:scripting/monoscript/fileName/ObjectPoseServiceResponse.cs: 4835040a06592c037884d4ea1d5f8d63 -> 620467b7faa0547d7a2c3511e9703be2
  custom:scripting/monoscript/fileName/PosRotMsg.cs: abd368e715fc1c890b3798a7625cedb4 -> 37cbb950fd8d559e159b3f7c4a713652
  custom:audio-encoder-webm-vorbis: bf7c407c2cedff20999df2af8eb42d56 -> 
  custom:scripting/precompiled-assembly-types:Assembly-CSharp: c02ce6627e6b1d98d98e0d8dc1afacfc -> 8ca404f8a24693e23426b57e83396e6b
========================================================================
Received Prepare
Caller must complete domain reload
Begin MonoManager ReloadAssembly
- Loaded All Assemblies, in  0.476 seconds
Native extension for LinuxStandalone target not found
Native extension for Android target not found
[Package Manager] Server::EnsureServerProcessIsRunning -- launch failed, reason: Unity was launched with the -noUpm command-line argument
[Package Manager] UpmClient::Send -- Unable to send message (not connected to UPM process).
[Package Manager] Cannot connect to Unity Package Manager local server
Mono: successfully reloaded assembly
[Package Manager] Server::EnsureServerProcessIsRunning -- launch failed, reason: Unity was launched with the -noUpm command-line argument
[Package Manager] UpmClient::Send -- Unable to send message (not connected to UPM process).
[Package Manager] Cannot connect to Unity Package Manager local server
- Finished resetting the current domain, in  0.934 seconds
Domain Reload Profiling: 1410ms
	BeginReloadAssembly (152ms)
		ExecutionOrderSort (0ms)
		DisableScriptedObjects (6ms)
		BackupInstance (0ms)
		ReleaseScriptingObjects (0ms)
		CreateAndSetChildDomain (53ms)
	RebuildCommonClasses (37ms)
	RebuildNativeTypeToScriptingClass (8ms)
	initialDomainReloadingComplete (30ms)
	LoadAllAssembliesAndSetupDomain (247ms)
		LoadAssemblies (291ms)
		RebuildTransferFunctionScriptingTraits (0ms)
		AnalyzeDomain (19ms)
			TypeCache.Refresh (9ms)
				TypeCache.ScanAssembly (0ms)
			ScanForSourceGeneratedMonoScriptInfo (0ms)
			ResolveRequiredComponents (8ms)
	FinalizeReload (935ms)
		ReleaseScriptCaches (0ms)
		RebuildScriptCaches (0ms)
		SetupLoadedEditorAssemblies (556ms)
			LogAssemblyErrors (0ms)
			InitializePlatformSupportModulesInManaged (56ms)
			SetLoadedEditorAssemblies (6ms)
			RefreshPlugins (0ms)
			BeforeProcessingInitializeOnLoad (93ms)
			ProcessInitializeOnLoadAttributes (340ms)
			ProcessInitializeOnLoadMethodAttributes (58ms)
			AfterProcessingInitializeOnLoad (4ms)
			EditorAssembliesLoaded (0ms)
		ExecutionOrderSort2 (0ms)
		AwakeInstancesAfterBackupRestoration (8ms)
Refreshing native plugins compatible for Editor in 1.35 ms, found 2 plugins.
Preloading 0 native plugins for Editor in 0.00 ms.
Unloading 3926 Unused Serialized files (Serialized files now loaded: 0)
Unloading 16 unused Assets / (28.9 KB). Loaded Objects now: 4494.
Memory consumption went from 132.0 MB to 132.0 MB.
Total: 6.678501 ms (FindLiveObjects: 0.621875 ms CreateObjectMapping: 0.427898 ms MarkObjects: 5.510290 ms  DeleteObjects: 0.113792 ms)

Prepare: number of updated asset objects reloaded= 0
AssetImportParameters requested are different than current active one (requested -> active):
  custom:container-demuxer-ogg: 62fdf1f143b41e24485cea50d1cbac27 -> 
  custom:scripting/monoscript/fileName/JointStateSubscriber.cs: a16c1fe57f836fb4ab55d7fecb5b9d6e -> 4dedc4a66c6e67481e12c8a20eda7a17
  custom:scripting/monoscript/fileName/UnityColorMsg.cs: dee5fdaf0f0de34c3b8a304af96f20a0 -> c0b80ff3cf83e3d05b0ba4f2f77d5b19
  custom:scripting/monoscript/fileName/ObjectPoseServiceRequest.cs: e8340b02528bd576f46ab0e8d32803a5 -> ac96913d6908110a6abd1a7bba739457
  custom:video-decoder-ogg-theora: a1e56fd34408186e4bbccfd4996cb3dc -> 
  custom:scripting/monoscript/fileName/CartesianInputMover.cs: 6e481e4dc4a81911d4aac901246306ea -> 352cebde0451330d3418c9b8170d7770
  custom:scripting/monoscript/fileName/PositionServiceRequest.cs: 604b7350a1923a5a9bd709fbb0ec64de -> 1b5332691515ff45a4b7b160d7af40cc
  custom:CustomObjectIndexerAttribute: 232f87dd983dbecb2a4e21e08eb2cef8 -> 
  custom:container-demuxer-webm: 4f35f7cbe854078d1ac9338744f61a02 -> 
  custom:container-muxer-webm: aa71ff27fc2769a1b78a27578f13a17b -> 
  custom:scripting/monoscript/fileName/CustomIKController.cs: 4df3f7e13d73c56e2a7133001d6862b9 -> 68a62c82b227cef8c0cb62a145e583d8
  custom:video-decoder-webm-vp8: 9c59270c3fd7afecdb556c50c9e8de78 -> 
  custom:SearchIndexIgnoredProperties: e643bd26f0fe6173181afceb89e7c659 -> 
  custom:AudioImporter_EditorPlatform: 2f0ff77a95e0ac474e3e8eeba4e2f7cb -> 
  custom:scripting/monoscript/fileName/PositionServiceResponse.cs: eb8b35c8ccd425d6366d4a98c4e4b483 -> 14d8e1b7be2a90ffc11a47ff3676c47b
  custom:video-encoder-webm-vp8: eb34c28f22e8b96e1ab97ce403110664 -> 
  custom:audio-decoder-ogg-vorbis: bf7c407c2cedff20999df2af8eb42d56 -> 
  custom:scripting/monoscript/fileName/ObjectPoseServiceResponse.cs: 4835040a06592c037884d4ea1d5f8d63 -> 620467b7faa0547d7a2c3511e9703be2
  custom:scripting/monoscript/fileName/PosRotMsg.cs: abd368e715fc1c890b3798a7625cedb4 -> 37cbb950fd8d559e159b3f7c4a713652
  custom:audio-encoder-webm-vorbis: bf7c407c2cedff20999df2af8eb42d56 -> 
  custom:scripting/precompiled-assembly-types:Assembly-CSharp: c02ce6627e6b1d98d98e0d8dc1afacfc -> 8ca404f8a24693e23426b57e83396e6b
========================================================================
Received Prepare
Caller must complete domain reload
Begin MonoManager ReloadAssembly
- Loaded All Assemblies, in  0.626 seconds
Native extension for LinuxStandalone target not found
Native extension for Android target not found
[Package Manager] Server::EnsureServerProcessIsRunning -- launch failed, reason: Unity was launched with the -noUpm command-line argument
[Package Manager] UpmClient::Send -- Unable to send message (not connected to UPM process).
[Package Manager] Cannot connect to Unity Package Manager local server
Mono: successfully reloaded assembly
[Package Manager] Server::EnsureServerProcessIsRunning -- launch failed, reason: Unity was launched with the -noUpm command-line argument
[Package Manager] UpmClient::Send -- Unable to send message (not connected to UPM process).
[Package Manager] Cannot connect to Unity Package Manager local server
- Finished resetting the current domain, in  0.912 seconds
Domain Reload Profiling: 1536ms
	BeginReloadAssembly (186ms)
		ExecutionOrderSort (0ms)
		DisableScriptedObjects (6ms)
		BackupInstance (0ms)
		ReleaseScriptingObjects (0ms)
		CreateAndSetChildDomain (59ms)
	RebuildCommonClasses (51ms)
	RebuildNativeTypeToScriptingClass (14ms)
	initialDomainReloadingComplete (45ms)
	LoadAllAssembliesAndSetupDomain (328ms)
		LoadAssemblies (389ms)
		RebuildTransferFunctionScriptingTraits (0ms)
		AnalyzeDomain (27ms)
			TypeCache.Refresh (12ms)
				TypeCache.ScanAssembly (0ms)
			ScanForSourceGeneratedMonoScriptInfo (0ms)
			ResolveRequiredComponents (12ms)
	FinalizeReload (913ms)
		ReleaseScriptCaches (0ms)
		RebuildScriptCaches (0ms)
		SetupLoadedEditorAssemblies (503ms)
			LogAssemblyErrors (0ms)
			InitializePlatformSupportModulesInManaged (57ms)
			SetLoadedEditorAssemblies (4ms)
			RefreshPlugins (0ms)
			BeforeProcessingInitializeOnLoad (75ms)
			ProcessInitializeOnLoadAttributes (313ms)
			ProcessInitializeOnLoadMethodAttributes (49ms)
			AfterProcessingInitializeOnLoad (4ms)
			EditorAssembliesLoaded (0ms)
		ExecutionOrderSort2 (0ms)
		AwakeInstancesAfterBackupRestoration (6ms)
Refreshing native plugins compatible for Editor in 2.44 ms, found 2 plugins.
Preloading 0 native plugins for Editor in 0.00 ms.
Unloading 3926 Unused Serialized files (Serialized files now loaded: 0)
Unloading 16 unused Assets / (29.0 KB). Loaded Objects now: 4498.
Memory consumption went from 132.0 MB to 132.0 MB.
Total: 7.364264 ms (FindLiveObjects: 0.484473 ms CreateObjectMapping: 0.307577 ms MarkObjects: 6.453611 ms  DeleteObjects: 0.114316 ms)

Prepare: number of updated asset objects reloaded= 0
AssetImportParameters requested are different than current active one (requested -> active):
  custom:container-demuxer-ogg: 62fdf1f143b41e24485cea50d1cbac27 -> 
  custom:scripting/monoscript/fileName/JointStateSubscriber.cs: a16c1fe57f836fb4ab55d7fecb5b9d6e -> 4dedc4a66c6e67481e12c8a20eda7a17
  custom:scripting/monoscript/fileName/UnityColorMsg.cs: dee5fdaf0f0de34c3b8a304af96f20a0 -> c0b80ff3cf83e3d05b0ba4f2f77d5b19
  custom:scripting/monoscript/fileName/ObjectPoseServiceRequest.cs: e8340b02528bd576f46ab0e8d32803a5 -> ac96913d6908110a6abd1a7bba739457
  custom:video-decoder-ogg-theora: a1e56fd34408186e4bbccfd4996cb3dc -> 
  custom:scripting/monoscript/fileName/CartesianInputMover.cs: 6e481e4dc4a81911d4aac901246306ea -> 352cebde0451330d3418c9b8170d7770
  custom:scripting/monoscript/fileName/PositionServiceRequest.cs: 604b7350a1923a5a9bd709fbb0ec64de -> 1b5332691515ff45a4b7b160d7af40cc
  custom:CustomObjectIndexerAttribute: 232f87dd983dbecb2a4e21e08eb2cef8 -> 
  custom:container-demuxer-webm: 4f35f7cbe854078d1ac9338744f61a02 -> 
  custom:container-muxer-webm: aa71ff27fc2769a1b78a27578f13a17b -> 
  custom:scripting/monoscript/fileName/CustomIKController.cs: 4df3f7e13d73c56e2a7133001d6862b9 -> 68a62c82b227cef8c0cb62a145e583d8
  custom:video-decoder-webm-vp8: 9c59270c3fd7afecdb556c50c9e8de78 -> 
  custom:SearchIndexIgnoredProperties: e643bd26f0fe6173181afceb89e7c659 -> 
  custom:AudioImporter_EditorPlatform: 2f0ff77a95e0ac474e3e8eeba4e2f7cb -> 
  custom:scripting/monoscript/fileName/PositionServiceResponse.cs: eb8b35c8ccd425d6366d4a98c4e4b483 -> 14d8e1b7be2a90ffc11a47ff3676c47b
  custom:video-encoder-webm-vp8: eb34c28f22e8b96e1ab97ce403110664 -> 
  custom:audio-decoder-ogg-vorbis: bf7c407c2cedff20999df2af8eb42d56 -> 
  custom:scripting/monoscript/fileName/ObjectPoseServiceResponse.cs: 4835040a06592c037884d4ea1d5f8d63 -> 620467b7faa0547d7a2c3511e9703be2
  custom:scripting/monoscript/fileName/PosRotMsg.cs: abd368e715fc1c890b3798a7625cedb4 -> 37cbb950fd8d559e159b3f7c4a713652
  custom:audio-encoder-webm-vorbis: bf7c407c2cedff20999df2af8eb42d56 -> 
  custom:scripting/precompiled-assembly-types:Assembly-CSharp: c02ce6627e6b1d98d98e0d8dc1afacfc -> 8ca404f8a24693e23426b57e83396e6b
========================================================================
Received Prepare
Caller must complete domain reload
Begin MonoManager ReloadAssembly
- Loaded All Assemblies, in  0.557 seconds
Native extension for LinuxStandalone target not found
Native extension for Android target not found
[Package Manager] Server::EnsureServerProcessIsRunning -- launch failed, reason: Unity was launched with the -noUpm command-line argument
[Package Manager] UpmClient::Send -- Unable to send message (not connected to UPM process).
[Package Manager] Cannot connect to Unity Package Manager local server
Mono: successfully reloaded assembly
[Package Manager] Server::EnsureServerProcessIsRunning -- launch failed, reason: Unity was launched with the -noUpm command-line argument
[Package Manager] UpmClient::Send -- Unable to send message (not connected to UPM process).
[Package Manager] Cannot connect to Unity Package Manager local server
- Finished resetting the current domain, in  1.081 seconds
Domain Reload Profiling: 1638ms
	BeginReloadAssembly (155ms)
		ExecutionOrderSort (0ms)
		DisableScriptedObjects (5ms)
		BackupInstance (0ms)
		ReleaseScriptingObjects (0ms)
		CreateAndSetChildDomain (48ms)
	RebuildCommonClasses (40ms)
	RebuildNativeTypeToScriptingClass (9ms)
	initialDomainReloadingComplete (37ms)
	LoadAllAssembliesAndSetupDomain (316ms)
		LoadAssemblies (358ms)
		RebuildTransferFunctionScriptingTraits (0ms)
		AnalyzeDomain (27ms)
			TypeCache.Refresh (12ms)
				TypeCache.ScanAssembly (0ms)
			ScanForSourceGeneratedMonoScriptInfo (0ms)
			ResolveRequiredComponents (13ms)
	FinalizeReload (1082ms)
		ReleaseScriptCaches (0ms)
		RebuildScriptCaches (0ms)
		SetupLoadedEditorAssemblies (559ms)
			LogAssemblyErrors (0ms)
			InitializePlatformSupportModulesInManaged (58ms)
			SetLoadedEditorAssemblies (4ms)
			RefreshPlugins (0ms)
			BeforeProcessingInitializeOnLoad (75ms)
			ProcessInitializeOnLoadAttributes (366ms)
			ProcessInitializeOnLoadMethodAttributes (53ms)
			AfterProcessingInitializeOnLoad (4ms)
			EditorAssembliesLoaded (0ms)
		ExecutionOrderSort2 (0ms)
		AwakeInstancesAfterBackupRestoration (6ms)
Refreshing native plugins compatible for Editor in 1.79 ms, found 2 plugins.
Preloading 0 native plugins for Editor in 0.00 ms.
Unloading 3926 Unused Serialized files (Serialized files now loaded: 0)
Unloading 16 unused Assets / (29.0 KB). Loaded Objects now: 4502.
Memory consumption went from 132.0 MB to 132.0 MB.
Total: 4.717818 ms (FindLiveObjects: 0.410947 ms CreateObjectMapping: 0.286229 ms MarkObjects: 3.939664 ms  DeleteObjects: 0.078294 ms)

Prepare: number of updated asset objects reloaded= 0
AssetImportParameters requested are different than current active one (requested -> active):
  custom:container-demuxer-ogg: 62fdf1f143b41e24485cea50d1cbac27 -> 
  custom:scripting/monoscript/fileName/JointStateSubscriber.cs: a16c1fe57f836fb4ab55d7fecb5b9d6e -> 4dedc4a66c6e67481e12c8a20eda7a17
  custom:scripting/monoscript/fileName/UnityColorMsg.cs: dee5fdaf0f0de34c3b8a304af96f20a0 -> c0b80ff3cf83e3d05b0ba4f2f77d5b19
  custom:scripting/monoscript/fileName/ObjectPoseServiceRequest.cs: e8340b02528bd576f46ab0e8d32803a5 -> ac96913d6908110a6abd1a7bba739457
  custom:video-decoder-ogg-theora: a1e56fd34408186e4bbccfd4996cb3dc -> 
  custom:scripting/monoscript/fileName/CartesianInputMover.cs: 6e481e4dc4a81911d4aac901246306ea -> 352cebde0451330d3418c9b8170d7770
  custom:scripting/monoscript/fileName/PositionServiceRequest.cs: 604b7350a1923a5a9bd709fbb0ec64de -> 1b5332691515ff45a4b7b160d7af40cc
  custom:CustomObjectIndexerAttribute: 232f87dd983dbecb2a4e21e08eb2cef8 -> 
  custom:container-demuxer-webm: 4f35f7cbe854078d1ac9338744f61a02 -> 
  custom:container-muxer-webm: aa71ff27fc2769a1b78a27578f13a17b -> 
  custom:scripting/monoscript/fileName/CustomIKController.cs: 4df3f7e13d73c56e2a7133001d6862b9 -> 68a62c82b227cef8c0cb62a145e583d8
  custom:video-decoder-webm-vp8: 9c59270c3fd7afecdb556c50c9e8de78 -> 
  custom:SearchIndexIgnoredProperties: e643bd26f0fe6173181afceb89e7c659 -> 
  custom:AudioImporter_EditorPlatform: 2f0ff77a95e0ac474e3e8eeba4e2f7cb -> 
  custom:scripting/monoscript/fileName/PositionServiceResponse.cs: eb8b35c8ccd425d6366d4a98c4e4b483 -> 14d8e1b7be2a90ffc11a47ff3676c47b
  custom:video-encoder-webm-vp8: eb34c28f22e8b96e1ab97ce403110664 -> 
  custom:audio-decoder-ogg-vorbis: bf7c407c2cedff20999df2af8eb42d56 -> 
  custom:scripting/monoscript/fileName/ObjectPoseServiceResponse.cs: 4835040a06592c037884d4ea1d5f8d63 -> 620467b7faa0547d7a2c3511e9703be2
  custom:scripting/monoscript/fileName/PosRotMsg.cs: abd368e715fc1c890b3798a7625cedb4 -> 37cbb950fd8d559e159b3f7c4a713652
  custom:audio-encoder-webm-vorbis: bf7c407c2cedff20999df2af8eb42d56 -> 
  custom:scripting/precompiled-assembly-types:Assembly-CSharp: c02ce6627e6b1d98d98e0d8dc1afacfc -> 8ca404f8a24693e23426b57e83396e6b
========================================================================
Received Prepare
Caller must complete domain reload
Begin MonoManager ReloadAssembly
- Loaded All Assemblies, in  0.354 seconds
Native extension for LinuxStandalone target not found
Native extension for Android target not found
[Package Manager] Server::EnsureServerProcessIsRunning -- launch failed, reason: Unity was launched with the -noUpm command-line argument
[Package Manager] UpmClient::Send -- Unable to send message (not connected to UPM process).
[Package Manager] Cannot connect to Unity Package Manager local server
Mono: successfully reloaded assembly
[Package Manager] Server::EnsureServerProcessIsRunning -- launch failed, reason: Unity was launched with the -noUpm command-line argument
[Package Manager] UpmClient::Send -- Unable to send message (not connected to UPM process).
[Package Manager] Cannot connect to Unity Package Manager local server
- Finished resetting the current domain, in  0.554 seconds
Domain Reload Profiling: 907ms
	BeginReloadAssembly (133ms)
		ExecutionOrderSort (0ms)
		DisableScriptedObjects (4ms)
		BackupInstance (0ms)
		ReleaseScriptingObjects (0ms)
		CreateAndSetChildDomain (41ms)
	RebuildCommonClasses (33ms)
	RebuildNativeTypeToScriptingClass (6ms)
	initialDomainReloadingComplete (21ms)
	LoadAllAssembliesAndSetupDomain (160ms)
		LoadAssemblies (202ms)
		RebuildTransferFunctionScriptingTraits (0ms)
		AnalyzeDomain (13ms)
			TypeCache.Refresh (6ms)
				TypeCache.ScanAssembly (0ms)
			ScanForSourceGeneratedMonoScriptInfo (0ms)
			ResolveRequiredComponents (6ms)
	FinalizeReload (554ms)
		ReleaseScriptCaches (0ms)
		RebuildScriptCaches (0ms)
		SetupLoadedEditorAssemblies (315ms)
			LogAssemblyErrors (0ms)
			InitializePlatformSupportModulesInManaged (37ms)
			SetLoadedEditorAssemblies (3ms)
			RefreshPlugins (0ms)
			BeforeProcessingInitializeOnLoad (50ms)
			ProcessInitializeOnLoadAttributes (192ms)
			ProcessInitializeOnLoadMethodAttributes (30ms)
			AfterProcessingInitializeOnLoad (3ms)
			EditorAssembliesLoaded (0ms)
		ExecutionOrderSort2 (0ms)
		AwakeInstancesAfterBackupRestoration (4ms)
Refreshing native plugins compatible for Editor in 1.31 ms, found 2 plugins.
Preloading 0 native plugins for Editor in 0.00 ms.
Unloading 3926 Unused Serialized files (Serialized files now loaded: 0)
Unloading 16 unused Assets / (29.0 KB). Loaded Objects now: 4506.
Memory consumption went from 132.0 MB to 132.0 MB.
Total: 5.936333 ms (FindLiveObjects: 0.413384 ms CreateObjectMapping: 0.135941 ms MarkObjects: 5.248383 ms  DeleteObjects: 0.135497 ms)

Prepare: number of updated asset objects reloaded= 0
AssetImportParameters requested are different than current active one (requested -> active):
  custom:container-demuxer-ogg: 62fdf1f143b41e24485cea50d1cbac27 -> 
  custom:scripting/monoscript/fileName/JointStateSubscriber.cs: a16c1fe57f836fb4ab55d7fecb5b9d6e -> 4dedc4a66c6e67481e12c8a20eda7a17
  custom:scripting/monoscript/fileName/UnityColorMsg.cs: dee5fdaf0f0de34c3b8a304af96f20a0 -> c0b80ff3cf83e3d05b0ba4f2f77d5b19
  custom:scripting/monoscript/fileName/ObjectPoseServiceRequest.cs: e8340b02528bd576f46ab0e8d32803a5 -> ac96913d6908110a6abd1a7bba739457
  custom:video-decoder-ogg-theora: a1e56fd34408186e4bbccfd4996cb3dc -> 
  custom:scripting/monoscript/fileName/CartesianInputMover.cs: 6e481e4dc4a81911d4aac901246306ea -> 352cebde0451330d3418c9b8170d7770
  custom:scripting/monoscript/fileName/PositionServiceRequest.cs: 604b7350a1923a5a9bd709fbb0ec64de -> 1b5332691515ff45a4b7b160d7af40cc
  custom:CustomObjectIndexerAttribute: 232f87dd983dbecb2a4e21e08eb2cef8 -> 
  custom:container-demuxer-webm: 4f35f7cbe854078d1ac9338744f61a02 -> 
  custom:container-muxer-webm: aa71ff27fc2769a1b78a27578f13a17b -> 
  custom:scripting/monoscript/fileName/CustomIKController.cs: 4df3f7e13d73c56e2a7133001d6862b9 -> 68a62c82b227cef8c0cb62a145e583d8
  custom:video-decoder-webm-vp8: 9c59270c3fd7afecdb556c50c9e8de78 -> 
  custom:SearchIndexIgnoredProperties: e643bd26f0fe6173181afceb89e7c659 -> 
  custom:AudioImporter_EditorPlatform: 2f0ff77a95e0ac474e3e8eeba4e2f7cb -> 
  custom:scripting/monoscript/fileName/PositionServiceResponse.cs: eb8b35c8ccd425d6366d4a98c4e4b483 -> 14d8e1b7be2a90ffc11a47ff3676c47b
  custom:video-encoder-webm-vp8: eb34c28f22e8b96e1ab97ce403110664 -> 
  custom:audio-decoder-ogg-vorbis: bf7c407c2cedff20999df2af8eb42d56 -> 
  custom:scripting/monoscript/fileName/ObjectPoseServiceResponse.cs: 4835040a06592c037884d4ea1d5f8d63 -> 620467b7faa0547d7a2c3511e9703be2
  custom:scripting/monoscript/fileName/PosRotMsg.cs: abd368e715fc1c890b3798a7625cedb4 -> 37cbb950fd8d559e159b3f7c4a713652
  custom:audio-encoder-webm-vorbis: bf7c407c2cedff20999df2af8eb42d56 -> 
  custom:scripting/precompiled-assembly-types:Assembly-CSharp: c02ce6627e6b1d98d98e0d8dc1afacfc -> 8ca404f8a24693e23426b57e83396e6b
========================================================================
Received Prepare
Caller must complete domain reload
Begin MonoManager ReloadAssembly
- Loaded All Assemblies, in  0.379 seconds
Native extension for LinuxStandalone target not found
Native extension for Android target not found
[Package Manager] Server::EnsureServerProcessIsRunning -- launch failed, reason: Unity was launched with the -noUpm command-line argument
[Package Manager] UpmClient::Send -- Unable to send message (not connected to UPM process).
[Package Manager] Cannot connect to Unity Package Manager local server
Mono: successfully reloaded assembly
[Package Manager] Server::EnsureServerProcessIsRunning -- launch failed, reason: Unity was launched with the -noUpm command-line argument
[Package Manager] UpmClient::Send -- Unable to send message (not connected to UPM process).
[Package Manager] Cannot connect to Unity Package Manager local server
- Finished resetting the current domain, in  0.543 seconds
Domain Reload Profiling: 922ms
	BeginReloadAssembly (109ms)
		ExecutionOrderSort (0ms)
		DisableScriptedObjects (4ms)
		BackupInstance (0ms)
		ReleaseScriptingObjects (0ms)
		CreateAndSetChildDomain (37ms)
	RebuildCommonClasses (27ms)
	RebuildNativeTypeToScriptingClass (5ms)
	initialDomainReloadingComplete (22ms)
	LoadAllAssembliesAndSetupDomain (215ms)
		LoadAssemblies (236ms)
		RebuildTransferFunctionScriptingTraits (0ms)
		AnalyzeDomain (22ms)
			TypeCache.Refresh (9ms)
				TypeCache.ScanAssembly (0ms)
			ScanForSourceGeneratedMonoScriptInfo (7ms)
			ResolveRequiredComponents (5ms)
	FinalizeReload (544ms)
		ReleaseScriptCaches (0ms)
		RebuildScriptCaches (0ms)
		SetupLoadedEditorAssemblies (312ms)
			LogAssemblyErrors (0ms)
			InitializePlatformSupportModulesInManaged (36ms)
			SetLoadedEditorAssemblies (3ms)
			RefreshPlugins (0ms)
			BeforeProcessingInitializeOnLoad (51ms)
			ProcessInitializeOnLoadAttributes (188ms)
			ProcessInitializeOnLoadMethodAttributes (31ms)
			AfterProcessingInitializeOnLoad (3ms)
			EditorAssembliesLoaded (0ms)
		ExecutionOrderSort2 (0ms)
		AwakeInstancesAfterBackupRestoration (4ms)
Refreshing native plugins compatible for Editor in 0.93 ms, found 2 plugins.
Preloading 0 native plugins for Editor in 0.00 ms.
Unloading 3926 Unused Serialized files (Serialized files now loaded: 0)
Unloading 16 unused Assets / (29.0 KB). Loaded Objects now: 4510.
Memory consumption went from 132.0 MB to 132.0 MB.
Total: 4.230562 ms (FindLiveObjects: 0.351354 ms CreateObjectMapping: 0.141015 ms MarkObjects: 3.649219 ms  DeleteObjects: 0.087479 ms)

Prepare: number of updated asset objects reloaded= 0
AssetImportParameters requested are different than current active one (requested -> active):
  custom:container-demuxer-ogg: 62fdf1f143b41e24485cea50d1cbac27 -> 
  custom:scripting/monoscript/fileName/JointStateSubscriber.cs: a16c1fe57f836fb4ab55d7fecb5b9d6e -> 4dedc4a66c6e67481e12c8a20eda7a17
  custom:scripting/monoscript/fileName/UnityColorMsg.cs: dee5fdaf0f0de34c3b8a304af96f20a0 -> c0b80ff3cf83e3d05b0ba4f2f77d5b19
  custom:scripting/monoscript/fileName/ObjectPoseServiceRequest.cs: e8340b02528bd576f46ab0e8d32803a5 -> ac96913d6908110a6abd1a7bba739457
  custom:video-decoder-ogg-theora: a1e56fd34408186e4bbccfd4996cb3dc -> 
  custom:scripting/monoscript/fileName/CartesianInputMover.cs: 6e481e4dc4a81911d4aac901246306ea -> 352cebde0451330d3418c9b8170d7770
  custom:scripting/monoscript/fileName/PositionServiceRequest.cs: 604b7350a1923a5a9bd709fbb0ec64de -> 1b5332691515ff45a4b7b160d7af40cc
  custom:CustomObjectIndexerAttribute: 232f87dd983dbecb2a4e21e08eb2cef8 -> 
  custom:container-demuxer-webm: 4f35f7cbe854078d1ac9338744f61a02 -> 
  custom:container-muxer-webm: aa71ff27fc2769a1b78a27578f13a17b -> 
  custom:scripting/monoscript/fileName/CustomIKController.cs: 4df3f7e13d73c56e2a7133001d6862b9 -> 68a62c82b227cef8c0cb62a145e583d8
  custom:video-decoder-webm-vp8: 9c59270c3fd7afecdb556c50c9e8de78 -> 
  custom:SearchIndexIgnoredProperties: e643bd26f0fe6173181afceb89e7c659 -> 
  custom:AudioImporter_EditorPlatform: 2f0ff77a95e0ac474e3e8eeba4e2f7cb -> 
  custom:scripting/monoscript/fileName/PositionServiceResponse.cs: eb8b35c8ccd425d6366d4a98c4e4b483 -> 14d8e1b7be2a90ffc11a47ff3676c47b
  custom:video-encoder-webm-vp8: eb34c28f22e8b96e1ab97ce403110664 -> 
  custom:audio-decoder-ogg-vorbis: bf7c407c2cedff20999df2af8eb42d56 -> 
  custom:scripting/monoscript/fileName/ObjectPoseServiceResponse.cs: 4835040a06592c037884d4ea1d5f8d63 -> 620467b7faa0547d7a2c3511e9703be2
  custom:scripting/monoscript/fileName/PosRotMsg.cs: abd368e715fc1c890b3798a7625cedb4 -> 37cbb950fd8d559e159b3f7c4a713652
  custom:audio-encoder-webm-vorbis: bf7c407c2cedff20999df2af8eb42d56 -> 
  custom:scripting/precompiled-assembly-types:Assembly-CSharp: c02ce6627e6b1d98d98e0d8dc1afacfc -> 8ca404f8a24693e23426b57e83396e6b
========================================================================
Received Prepare
Caller must complete domain reload
Begin MonoManager ReloadAssembly
- Loaded All Assemblies, in  0.385 seconds
Native extension for LinuxStandalone target not found
Native extension for Android target not found
[Package Manager] Server::EnsureServerProcessIsRunning -- launch failed, reason: Unity was launched with the -noUpm command-line argument
[Package Manager] UpmClient::Send -- Unable to send message (not connected to UPM process).
[Package Manager] Cannot connect to Unity Package Manager local server
Mono: successfully reloaded assembly
[Package Manager] Server::EnsureServerProcessIsRunning -- launch failed, reason: Unity was launched with the -noUpm command-line argument
[Package Manager] UpmClient::Send -- Unable to send message (not connected to UPM process).
[Package Manager] Cannot connect to Unity Package Manager local server
- Finished resetting the current domain, in  0.590 seconds
Domain Reload Profiling: 975ms
	BeginReloadAssembly (117ms)
		ExecutionOrderSort (0ms)
		DisableScriptedObjects (4ms)
		BackupInstance (0ms)
		ReleaseScriptingObjects (0ms)
		CreateAndSetChildDomain (35ms)
	RebuildCommonClasses (27ms)
	RebuildNativeTypeToScriptingClass (6ms)
	initialDomainReloadingComplete (21ms)
	LoadAllAssembliesAndSetupDomain (214ms)
		LoadAssemblies (236ms)
		RebuildTransferFunctionScriptingTraits (0ms)
		AnalyzeDomain (28ms)
			TypeCache.Refresh (10ms)
				TypeCache.ScanAssembly (0ms)
			ScanForSourceGeneratedMonoScriptInfo (8ms)
			ResolveRequiredComponents (8ms)
	FinalizeReload (590ms)
		ReleaseScriptCaches (0ms)
		RebuildScriptCaches (0ms)
		SetupLoadedEditorAssemblies (302ms)
			LogAssemblyErrors (0ms)
			InitializePlatformSupportModulesInManaged (35ms)
			SetLoadedEditorAssemblies (3ms)
			RefreshPlugins (0ms)
			BeforeProcessingInitializeOnLoad (49ms)
			ProcessInitializeOnLoadAttributes (179ms)
			ProcessInitializeOnLoadMethodAttributes (33ms)
			AfterProcessingInitializeOnLoad (3ms)
			EditorAssembliesLoaded (0ms)
		ExecutionOrderSort2 (0ms)
		AwakeInstancesAfterBackupRestoration (5ms)
Refreshing native plugins compatible for Editor in 0.89 ms, found 2 plugins.
Preloading 0 native plugins for Editor in 0.00 ms.
Unloading 3926 Unused Serialized files (Serialized files now loaded: 0)
Unloading 16 unused Assets / (29.0 KB). Loaded Objects now: 4514.
Memory consumption went from 132.0 MB to 132.0 MB.
Total: 4.191341 ms (FindLiveObjects: 0.368523 ms CreateObjectMapping: 0.162062 ms MarkObjects: 3.574501 ms  DeleteObjects: 0.084719 ms)

Prepare: number of updated asset objects reloaded= 0
AssetImportParameters requested are different than current active one (requested -> active):
  custom:container-demuxer-ogg: 62fdf1f143b41e24485cea50d1cbac27 -> 
  custom:scripting/monoscript/fileName/JointStateSubscriber.cs: a16c1fe57f836fb4ab55d7fecb5b9d6e -> 4dedc4a66c6e67481e12c8a20eda7a17
  custom:scripting/monoscript/fileName/UnityColorMsg.cs: dee5fdaf0f0de34c3b8a304af96f20a0 -> c0b80ff3cf83e3d05b0ba4f2f77d5b19
  custom:scripting/monoscript/fileName/ObjectPoseServiceRequest.cs: e8340b02528bd576f46ab0e8d32803a5 -> ac96913d6908110a6abd1a7bba739457
  custom:video-decoder-ogg-theora: a1e56fd34408186e4bbccfd4996cb3dc -> 
  custom:scripting/monoscript/fileName/CartesianInputMover.cs: 6e481e4dc4a81911d4aac901246306ea -> 352cebde0451330d3418c9b8170d7770
  custom:scripting/monoscript/fileName/PositionServiceRequest.cs: 604b7350a1923a5a9bd709fbb0ec64de -> 1b5332691515ff45a4b7b160d7af40cc
  custom:CustomObjectIndexerAttribute: 232f87dd983dbecb2a4e21e08eb2cef8 -> 
  custom:container-demuxer-webm: 4f35f7cbe854078d1ac9338744f61a02 -> 
  custom:container-muxer-webm: aa71ff27fc2769a1b78a27578f13a17b -> 
  custom:scripting/monoscript/fileName/CustomIKController.cs: 4df3f7e13d73c56e2a7133001d6862b9 -> 68a62c82b227cef8c0cb62a145e583d8
  custom:video-decoder-webm-vp8: 9c59270c3fd7afecdb556c50c9e8de78 -> 
  custom:SearchIndexIgnoredProperties: e643bd26f0fe6173181afceb89e7c659 -> 
  custom:AudioImporter_EditorPlatform: 2f0ff77a95e0ac474e3e8eeba4e2f7cb -> 
  custom:scripting/monoscript/fileName/PositionServiceResponse.cs: eb8b35c8ccd425d6366d4a98c4e4b483 -> 14d8e1b7be2a90ffc11a47ff3676c47b
  custom:video-encoder-webm-vp8: eb34c28f22e8b96e1ab97ce403110664 -> 
  custom:audio-decoder-ogg-vorbis: bf7c407c2cedff20999df2af8eb42d56 -> 
  custom:scripting/monoscript/fileName/ObjectPoseServiceResponse.cs: 4835040a06592c037884d4ea1d5f8d63 -> 620467b7faa0547d7a2c3511e9703be2
  custom:scripting/monoscript/fileName/PosRotMsg.cs: abd368e715fc1c890b3798a7625cedb4 -> 37cbb950fd8d559e159b3f7c4a713652
  custom:audio-encoder-webm-vorbis: bf7c407c2cedff20999df2af8eb42d56 -> 
  custom:scripting/precompiled-assembly-types:Assembly-CSharp: c02ce6627e6b1d98d98e0d8dc1afacfc -> 8ca404f8a24693e23426b57e83396e6b
========================================================================
Received Prepare
Caller must complete domain reload
Begin MonoManager ReloadAssembly
- Loaded All Assemblies, in  0.333 seconds
Native extension for LinuxStandalone target not found
Native extension for Android target not found
[Package Manager] Server::EnsureServerProcessIsRunning -- launch failed, reason: Unity was launched with the -noUpm command-line argument
[Package Manager] UpmClient::Send -- Unable to send message (not connected to UPM process).
[Package Manager] Cannot connect to Unity Package Manager local server
Mono: successfully reloaded assembly
[Package Manager] Server::EnsureServerProcessIsRunning -- launch failed, reason: Unity was launched with the -noUpm command-line argument
[Package Manager] UpmClient::Send -- Unable to send message (not connected to UPM process).
[Package Manager] Cannot connect to Unity Package Manager local server
- Finished resetting the current domain, in  0.604 seconds
Domain Reload Profiling: 937ms
	BeginReloadAssembly (114ms)
		ExecutionOrderSort (0ms)
		DisableScriptedObjects (4ms)
		BackupInstance (0ms)
		ReleaseScriptingObjects (0ms)
		CreateAndSetChildDomain (40ms)
	RebuildCommonClasses (26ms)
	RebuildNativeTypeToScriptingClass (6ms)
	initialDomainReloadingComplete (19ms)
	LoadAllAssembliesAndSetupDomain (168ms)
		LoadAssemblies (194ms)
		RebuildTransferFunctionScriptingTraits (0ms)
		AnalyzeDomain (14ms)
			TypeCache.Refresh (7ms)
				TypeCache.ScanAssembly (0ms)
			ScanForSourceGeneratedMonoScriptInfo (0ms)
			ResolveRequiredComponents (6ms)
	FinalizeReload (604ms)
		ReleaseScriptCaches (0ms)
		RebuildScriptCaches (0ms)
		SetupLoadedEditorAssemblies (354ms)
			LogAssemblyErrors (0ms)
			InitializePlatformSupportModulesInManaged (39ms)
			SetLoadedEditorAssemblies (4ms)
			RefreshPlugins (0ms)
			BeforeProcessingInitializeOnLoad (64ms)
			ProcessInitializeOnLoadAttributes (212ms)
			ProcessInitializeOnLoadMethodAttributes (32ms)
			AfterProcessingInitializeOnLoad (3ms)
			EditorAssembliesLoaded (0ms)
		ExecutionOrderSort2 (0ms)
		AwakeInstancesAfterBackupRestoration (4ms)
Refreshing native plugins compatible for Editor in 1.16 ms, found 2 plugins.
Preloading 0 native plugins for Editor in 0.00 ms.
Unloading 3926 Unused Serialized files (Serialized files now loaded: 0)
Unloading 16 unused Assets / (29.0 KB). Loaded Objects now: 4518.
Memory consumption went from 132.0 MB to 132.0 MB.
Total: 4.481898 ms (FindLiveObjects: 0.399007 ms CreateObjectMapping: 0.175048 ms MarkObjects: 3.836124 ms  DeleteObjects: 0.070013 ms)

Prepare: number of updated asset objects reloaded= 0
AssetImportParameters requested are different than current active one (requested -> active):
  custom:container-demuxer-ogg: 62fdf1f143b41e24485cea50d1cbac27 -> 
  custom:scripting/monoscript/fileName/JointStateSubscriber.cs: a16c1fe57f836fb4ab55d7fecb5b9d6e -> 4dedc4a66c6e67481e12c8a20eda7a17
  custom:scripting/monoscript/fileName/UnityColorMsg.cs: dee5fdaf0f0de34c3b8a304af96f20a0 -> c0b80ff3cf83e3d05b0ba4f2f77d5b19
  custom:scripting/monoscript/fileName/ObjectPoseServiceRequest.cs: e8340b02528bd576f46ab0e8d32803a5 -> ac96913d6908110a6abd1a7bba739457
  custom:video-decoder-ogg-theora: a1e56fd34408186e4bbccfd4996cb3dc -> 
  custom:scripting/monoscript/fileName/CartesianInputMover.cs: 6e481e4dc4a81911d4aac901246306ea -> 352cebde0451330d3418c9b8170d7770
  custom:scripting/monoscript/fileName/PositionServiceRequest.cs: 604b7350a1923a5a9bd709fbb0ec64de -> 1b5332691515ff45a4b7b160d7af40cc
  custom:CustomObjectIndexerAttribute: 232f87dd983dbecb2a4e21e08eb2cef8 -> 
  custom:container-demuxer-webm: 4f35f7cbe854078d1ac9338744f61a02 -> 
  custom:container-muxer-webm: aa71ff27fc2769a1b78a27578f13a17b -> 
  custom:scripting/monoscript/fileName/CustomIKController.cs: 4df3f7e13d73c56e2a7133001d6862b9 -> 68a62c82b227cef8c0cb62a145e583d8
  custom:video-decoder-webm-vp8: 9c59270c3fd7afecdb556c50c9e8de78 -> 
  custom:SearchIndexIgnoredProperties: e643bd26f0fe6173181afceb89e7c659 -> 
  custom:AudioImporter_EditorPlatform: 2f0ff77a95e0ac474e3e8eeba4e2f7cb -> 
  custom:scripting/monoscript/fileName/PositionServiceResponse.cs: eb8b35c8ccd425d6366d4a98c4e4b483 -> 14d8e1b7be2a90ffc11a47ff3676c47b
  custom:video-encoder-webm-vp8: eb34c28f22e8b96e1ab97ce403110664 -> 
  custom:audio-decoder-ogg-vorbis: bf7c407c2cedff20999df2af8eb42d56 -> 
  custom:scripting/monoscript/fileName/ObjectPoseServiceResponse.cs: 4835040a06592c037884d4ea1d5f8d63 -> 620467b7faa0547d7a2c3511e9703be2
  custom:scripting/monoscript/fileName/PosRotMsg.cs: abd368e715fc1c890b3798a7625cedb4 -> 37cbb950fd8d559e159b3f7c4a713652
  custom:audio-encoder-webm-vorbis: bf7c407c2cedff20999df2af8eb42d56 -> 
  custom:scripting/precompiled-assembly-types:Assembly-CSharp: c02ce6627e6b1d98d98e0d8dc1afacfc -> 8ca404f8a24693e23426b57e83396e6b
========================================================================
Received Prepare
Caller must complete domain reload
Begin MonoManager ReloadAssembly
- Loaded All Assemblies, in  0.391 seconds
Native extension for LinuxStandalone target not found
Native extension for Android target not found
[Package Manager] Server::EnsureServerProcessIsRunning -- launch failed, reason: Unity was launched with the -noUpm command-line argument
[Package Manager] UpmClient::Send -- Unable to send message (not connected to UPM process).
[Package Manager] Cannot connect to Unity Package Manager local server
Mono: successfully reloaded assembly
[Package Manager] Server::EnsureServerProcessIsRunning -- launch failed, reason: Unity was launched with the -noUpm command-line argument
[Package Manager] UpmClient::Send -- Unable to send message (not connected to UPM process).
[Package Manager] Cannot connect to Unity Package Manager local server
- Finished resetting the current domain, in  0.691 seconds
Domain Reload Profiling: 1081ms
	BeginReloadAssembly (115ms)
		ExecutionOrderSort (0ms)
		DisableScriptedObjects (4ms)
		BackupInstance (0ms)
		ReleaseScriptingObjects (0ms)
		CreateAndSetChildDomain (39ms)
	RebuildCommonClasses (25ms)
	RebuildNativeTypeToScriptingClass (5ms)
	initialDomainReloadingComplete (19ms)
	LoadAllAssembliesAndSetupDomain (225ms)
		LoadAssemblies (246ms)
		RebuildTransferFunctionScriptingTraits (0ms)
		AnalyzeDomain (20ms)
			TypeCache.Refresh (9ms)
				TypeCache.ScanAssembly (0ms)
			ScanForSourceGeneratedMonoScriptInfo (0ms)
			ResolveRequiredComponents (9ms)
	FinalizeReload (691ms)
		ReleaseScriptCaches (0ms)
		RebuildScriptCaches (0ms)
		SetupLoadedEditorAssemblies (366ms)
			LogAssemblyErrors (0ms)
			InitializePlatformSupportModulesInManaged (41ms)
			SetLoadedEditorAssemblies (5ms)
			RefreshPlugins (0ms)
			BeforeProcessingInitializeOnLoad (58ms)
			ProcessInitializeOnLoadAttributes (225ms)
			ProcessInitializeOnLoadMethodAttributes (33ms)
			AfterProcessingInitializeOnLoad (4ms)
			EditorAssembliesLoaded (0ms)
		ExecutionOrderSort2 (0ms)
		AwakeInstancesAfterBackupRestoration (4ms)
Refreshing native plugins compatible for Editor in 0.82 ms, found 2 plugins.
Preloading 0 native plugins for Editor in 0.00 ms.
Unloading 3926 Unused Serialized files (Serialized files now loaded: 0)
Unloading 16 unused Assets / (29.0 KB). Loaded Objects now: 4522.
Memory consumption went from 132.0 MB to 132.0 MB.
Total: 4.732472 ms (FindLiveObjects: 0.474808 ms CreateObjectMapping: 0.172812 ms MarkObjects: 3.999704 ms  DeleteObjects: 0.083485 ms)

Prepare: number of updated asset objects reloaded= 0
AssetImportParameters requested are different than current active one (requested -> active):
  custom:container-demuxer-ogg: 62fdf1f143b41e24485cea50d1cbac27 -> 
  custom:scripting/monoscript/fileName/JointStateSubscriber.cs: a16c1fe57f836fb4ab55d7fecb5b9d6e -> 4dedc4a66c6e67481e12c8a20eda7a17
  custom:scripting/monoscript/fileName/UnityColorMsg.cs: dee5fdaf0f0de34c3b8a304af96f20a0 -> c0b80ff3cf83e3d05b0ba4f2f77d5b19
  custom:scripting/monoscript/fileName/ObjectPoseServiceRequest.cs: e8340b02528bd576f46ab0e8d32803a5 -> ac96913d6908110a6abd1a7bba739457
  custom:video-decoder-ogg-theora: a1e56fd34408186e4bbccfd4996cb3dc -> 
  custom:scripting/monoscript/fileName/CartesianInputMover.cs: 6e481e4dc4a81911d4aac901246306ea -> 352cebde0451330d3418c9b8170d7770
  custom:scripting/monoscript/fileName/PositionServiceRequest.cs: 604b7350a1923a5a9bd709fbb0ec64de -> 1b5332691515ff45a4b7b160d7af40cc
  custom:CustomObjectIndexerAttribute: 232f87dd983dbecb2a4e21e08eb2cef8 -> 
  custom:container-demuxer-webm: 4f35f7cbe854078d1ac9338744f61a02 -> 
  custom:container-muxer-webm: aa71ff27fc2769a1b78a27578f13a17b -> 
  custom:scripting/monoscript/fileName/CustomIKController.cs: 4df3f7e13d73c56e2a7133001d6862b9 -> 68a62c82b227cef8c0cb62a145e583d8
  custom:video-decoder-webm-vp8: 9c59270c3fd7afecdb556c50c9e8de78 -> 
  custom:SearchIndexIgnoredProperties: e643bd26f0fe6173181afceb89e7c659 -> 
  custom:AudioImporter_EditorPlatform: 2f0ff77a95e0ac474e3e8eeba4e2f7cb -> 
  custom:scripting/monoscript/fileName/PositionServiceResponse.cs: eb8b35c8ccd425d6366d4a98c4e4b483 -> 14d8e1b7be2a90ffc11a47ff3676c47b
  custom:video-encoder-webm-vp8: eb34c28f22e8b96e1ab97ce403110664 -> 
  custom:audio-decoder-ogg-vorbis: bf7c407c2cedff20999df2af8eb42d56 -> 
  custom:scripting/monoscript/fileName/ObjectPoseServiceResponse.cs: 4835040a06592c037884d4ea1d5f8d63 -> 620467b7faa0547d7a2c3511e9703be2
  custom:scripting/monoscript/fileName/PosRotMsg.cs: abd368e715fc1c890b3798a7625cedb4 -> 37cbb950fd8d559e159b3f7c4a713652
  custom:audio-encoder-webm-vorbis: bf7c407c2cedff20999df2af8eb42d56 -> 
  custom:scripting/precompiled-assembly-types:Assembly-CSharp: c02ce6627e6b1d98d98e0d8dc1afacfc -> 8ca404f8a24693e23426b57e83396e6b
========================================================================
Received Prepare
Caller must complete domain reload
Begin MonoManager ReloadAssembly
- Loaded All Assemblies, in  0.321 seconds
Native extension for LinuxStandalone target not found
Native extension for Android target not found
[Package Manager] Server::EnsureServerProcessIsRunning -- launch failed, reason: Unity was launched with the -noUpm command-line argument
[Package Manager] UpmClient::Send -- Unable to send message (not connected to UPM process).
[Package Manager] Cannot connect to Unity Package Manager local server
Mono: successfully reloaded assembly
[Package Manager] Server::EnsureServerProcessIsRunning -- launch failed, reason: Unity was launched with the -noUpm command-line argument
[Package Manager] UpmClient::Send -- Unable to send message (not connected to UPM process).
[Package Manager] Cannot connect to Unity Package Manager local server
- Finished resetting the current domain, in  0.529 seconds
Domain Reload Profiling: 849ms
	BeginReloadAssembly (108ms)
		ExecutionOrderSort (0ms)
		DisableScriptedObjects (4ms)
		BackupInstance (0ms)
		ReleaseScriptingObjects (0ms)
		CreateAndSetChildDomain (34ms)
	RebuildCommonClasses (26ms)
	RebuildNativeTypeToScriptingClass (6ms)
	initialDomainReloadingComplete (21ms)
	LoadAllAssembliesAndSetupDomain (160ms)
		LoadAssemblies (183ms)
		RebuildTransferFunctionScriptingTraits (0ms)
		AnalyzeDomain (21ms)
			TypeCache.Refresh (8ms)
				TypeCache.ScanAssembly (0ms)
			ScanForSourceGeneratedMonoScriptInfo (7ms)
			ResolveRequiredComponents (5ms)
	FinalizeReload (529ms)
		ReleaseScriptCaches (0ms)
		RebuildScriptCaches (0ms)
		SetupLoadedEditorAssemblies (307ms)
			LogAssemblyErrors (0ms)
			InitializePlatformSupportModulesInManaged (38ms)
			SetLoadedEditorAssemblies (3ms)
			RefreshPlugins (0ms)
			BeforeProcessingInitializeOnLoad (47ms)
			ProcessInitializeOnLoadAttributes (190ms)
			ProcessInitializeOnLoadMethodAttributes (26ms)
			AfterProcessingInitializeOnLoad (3ms)
			EditorAssembliesLoaded (0ms)
		ExecutionOrderSort2 (0ms)
		AwakeInstancesAfterBackupRestoration (4ms)
Refreshing native plugins compatible for Editor in 0.94 ms, found 2 plugins.
Preloading 0 native plugins for Editor in 0.00 ms.
Unloading 3926 Unused Serialized files (Serialized files now loaded: 0)
Unloading 16 unused Assets / (28.9 KB). Loaded Objects now: 4526.
Memory consumption went from 132.1 MB to 132.0 MB.
Total: 3.745496 ms (FindLiveObjects: 0.288388 ms CreateObjectMapping: 0.120334 ms MarkObjects: 3.283622 ms  DeleteObjects: 0.051580 ms)

Prepare: number of updated asset objects reloaded= 0
AssetImportParameters requested are different than current active one (requested -> active):
  custom:container-demuxer-ogg: 62fdf1f143b41e24485cea50d1cbac27 -> 
  custom:scripting/monoscript/fileName/JointStateSubscriber.cs: a16c1fe57f836fb4ab55d7fecb5b9d6e -> 4dedc4a66c6e67481e12c8a20eda7a17
  custom:scripting/monoscript/fileName/UnityColorMsg.cs: dee5fdaf0f0de34c3b8a304af96f20a0 -> c0b80ff3cf83e3d05b0ba4f2f77d5b19
  custom:scripting/monoscript/fileName/ObjectPoseServiceRequest.cs: e8340b02528bd576f46ab0e8d32803a5 -> ac96913d6908110a6abd1a7bba739457
  custom:video-decoder-ogg-theora: a1e56fd34408186e4bbccfd4996cb3dc -> 
  custom:scripting/monoscript/fileName/CartesianInputMover.cs: 6e481e4dc4a81911d4aac901246306ea -> 352cebde0451330d3418c9b8170d7770
  custom:scripting/monoscript/fileName/PositionServiceRequest.cs: 604b7350a1923a5a9bd709fbb0ec64de -> 1b5332691515ff45a4b7b160d7af40cc
  custom:CustomObjectIndexerAttribute: 232f87dd983dbecb2a4e21e08eb2cef8 -> 
  custom:container-demuxer-webm: 4f35f7cbe854078d1ac9338744f61a02 -> 
  custom:container-muxer-webm: aa71ff27fc2769a1b78a27578f13a17b -> 
  custom:scripting/monoscript/fileName/CustomIKController.cs: 4df3f7e13d73c56e2a7133001d6862b9 -> 68a62c82b227cef8c0cb62a145e583d8
  custom:video-decoder-webm-vp8: 9c59270c3fd7afecdb556c50c9e8de78 -> 
  custom:SearchIndexIgnoredProperties: e643bd26f0fe6173181afceb89e7c659 -> 
  custom:AudioImporter_EditorPlatform: 2f0ff77a95e0ac474e3e8eeba4e2f7cb -> 
  custom:scripting/monoscript/fileName/PositionServiceResponse.cs: eb8b35c8ccd425d6366d4a98c4e4b483 -> 14d8e1b7be2a90ffc11a47ff3676c47b
  custom:video-encoder-webm-vp8: eb34c28f22e8b96e1ab97ce403110664 -> 
  custom:audio-decoder-ogg-vorbis: bf7c407c2cedff20999df2af8eb42d56 -> 
  custom:scripting/monoscript/fileName/ObjectPoseServiceResponse.cs: 4835040a06592c037884d4ea1d5f8d63 -> 620467b7faa0547d7a2c3511e9703be2
  custom:scripting/monoscript/fileName/PosRotMsg.cs: abd368e715fc1c890b3798a7625cedb4 -> 37cbb950fd8d559e159b3f7c4a713652
  custom:audio-encoder-webm-vorbis: bf7c407c2cedff20999df2af8eb42d56 -> 
  custom:scripting/precompiled-assembly-types:Assembly-CSharp: c02ce6627e6b1d98d98e0d8dc1afacfc -> 8ca404f8a24693e23426b57e83396e6b
========================================================================
Received Prepare
Caller must complete domain reload
Begin MonoManager ReloadAssembly
- Loaded All Assemblies, in  0.327 seconds
Native extension for LinuxStandalone target not found
Native extension for Android target not found
[Package Manager] Server::EnsureServerProcessIsRunning -- launch failed, reason: Unity was launched with the -noUpm command-line argument
[Package Manager] UpmClient::Send -- Unable to send message (not connected to UPM process).
[Package Manager] Cannot connect to Unity Package Manager local server
Mono: successfully reloaded assembly
[Package Manager] Server::EnsureServerProcessIsRunning -- launch failed, reason: Unity was launched with the -noUpm command-line argument
[Package Manager] UpmClient::Send -- Unable to send message (not connected to UPM process).
[Package Manager] Cannot connect to Unity Package Manager local server
- Finished resetting the current domain, in  0.555 seconds
Domain Reload Profiling: 881ms
	BeginReloadAssembly (109ms)
		ExecutionOrderSort (0ms)
		DisableScriptedObjects (4ms)
		BackupInstance (0ms)
		ReleaseScriptingObjects (0ms)
		CreateAndSetChildDomain (36ms)
	RebuildCommonClasses (25ms)
	RebuildNativeTypeToScriptingClass (6ms)
	initialDomainReloadingComplete (20ms)
	LoadAllAssembliesAndSetupDomain (167ms)
		LoadAssemblies (198ms)
		RebuildTransferFunctionScriptingTraits (0ms)
		AnalyzeDomain (13ms)
			TypeCache.Refresh (6ms)
				TypeCache.ScanAssembly (0ms)
			ScanForSourceGeneratedMonoScriptInfo (0ms)
			ResolveRequiredComponents (6ms)
	FinalizeReload (555ms)
		ReleaseScriptCaches (0ms)
		RebuildScriptCaches (0ms)
		SetupLoadedEditorAssemblies (324ms)
			LogAssemblyErrors (0ms)
			InitializePlatformSupportModulesInManaged (42ms)
			SetLoadedEditorAssemblies (4ms)
			RefreshPlugins (0ms)
			BeforeProcessingInitializeOnLoad (52ms)
			ProcessInitializeOnLoadAttributes (194ms)
			ProcessInitializeOnLoadMethodAttributes (30ms)
			AfterProcessingInitializeOnLoad (3ms)
			EditorAssembliesLoaded (0ms)
		ExecutionOrderSort2 (0ms)
		AwakeInstancesAfterBackupRestoration (4ms)
Refreshing native plugins compatible for Editor in 0.89 ms, found 2 plugins.
Preloading 0 native plugins for Editor in 0.00 ms.
Unloading 3926 Unused Serialized files (Serialized files now loaded: 0)
Unloading 16 unused Assets / (28.9 KB). Loaded Objects now: 4530.
Memory consumption went from 132.1 MB to 132.0 MB.
Total: 4.423377 ms (FindLiveObjects: 0.406055 ms CreateObjectMapping: 0.178335 ms MarkObjects: 3.752087 ms  DeleteObjects: 0.084611 ms)

Prepare: number of updated asset objects reloaded= 0
AssetImportParameters requested are different than current active one (requested -> active):
  custom:container-demuxer-ogg: 62fdf1f143b41e24485cea50d1cbac27 -> 
  custom:scripting/monoscript/fileName/JointStateSubscriber.cs: a16c1fe57f836fb4ab55d7fecb5b9d6e -> 4dedc4a66c6e67481e12c8a20eda7a17
  custom:scripting/monoscript/fileName/UnityColorMsg.cs: dee5fdaf0f0de34c3b8a304af96f20a0 -> c0b80ff3cf83e3d05b0ba4f2f77d5b19
  custom:scripting/monoscript/fileName/ObjectPoseServiceRequest.cs: e8340b02528bd576f46ab0e8d32803a5 -> ac96913d6908110a6abd1a7bba739457
  custom:video-decoder-ogg-theora: a1e56fd34408186e4bbccfd4996cb3dc -> 
  custom:scripting/monoscript/fileName/CartesianInputMover.cs: 6e481e4dc4a81911d4aac901246306ea -> 352cebde0451330d3418c9b8170d7770
  custom:scripting/monoscript/fileName/PositionServiceRequest.cs: 604b7350a1923a5a9bd709fbb0ec64de -> 1b5332691515ff45a4b7b160d7af40cc
  custom:CustomObjectIndexerAttribute: 232f87dd983dbecb2a4e21e08eb2cef8 -> 
  custom:container-demuxer-webm: 4f35f7cbe854078d1ac9338744f61a02 -> 
  custom:container-muxer-webm: aa71ff27fc2769a1b78a27578f13a17b -> 
  custom:scripting/monoscript/fileName/CustomIKController.cs: 4df3f7e13d73c56e2a7133001d6862b9 -> 68a62c82b227cef8c0cb62a145e583d8
  custom:video-decoder-webm-vp8: 9c59270c3fd7afecdb556c50c9e8de78 -> 
  custom:SearchIndexIgnoredProperties: e643bd26f0fe6173181afceb89e7c659 -> 
  custom:AudioImporter_EditorPlatform: 2f0ff77a95e0ac474e3e8eeba4e2f7cb -> 
  custom:scripting/monoscript/fileName/PositionServiceResponse.cs: eb8b35c8ccd425d6366d4a98c4e4b483 -> 14d8e1b7be2a90ffc11a47ff3676c47b
  custom:video-encoder-webm-vp8: eb34c28f22e8b96e1ab97ce403110664 -> 
  custom:audio-decoder-ogg-vorbis: bf7c407c2cedff20999df2af8eb42d56 -> 
  custom:scripting/monoscript/fileName/ObjectPoseServiceResponse.cs: 4835040a06592c037884d4ea1d5f8d63 -> 620467b7faa0547d7a2c3511e9703be2
  custom:scripting/monoscript/fileName/PosRotMsg.cs: abd368e715fc1c890b3798a7625cedb4 -> 37cbb950fd8d559e159b3f7c4a713652
  custom:audio-encoder-webm-vorbis: bf7c407c2cedff20999df2af8eb42d56 -> 
  custom:scripting/precompiled-assembly-types:Assembly-CSharp: c02ce6627e6b1d98d98e0d8dc1afacfc -> 8ca404f8a24693e23426b57e83396e6b
========================================================================
Received Prepare
Caller must complete domain reload
Begin MonoManager ReloadAssembly
- Loaded All Assemblies, in  0.372 seconds
Native extension for LinuxStandalone target not found
Native extension for Android target not found
[Package Manager] Server::EnsureServerProcessIsRunning -- launch failed, reason: Unity was launched with the -noUpm command-line argument
[Package Manager] UpmClient::Send -- Unable to send message (not connected to UPM process).
[Package Manager] Cannot connect to Unity Package Manager local server
Mono: successfully reloaded assembly
[Package Manager] Server::EnsureServerProcessIsRunning -- launch failed, reason: Unity was launched with the -noUpm command-line argument
[Package Manager] UpmClient::Send -- Unable to send message (not connected to UPM process).
[Package Manager] Cannot connect to Unity Package Manager local server
- Finished resetting the current domain, in  0.663 seconds
Domain Reload Profiling: 1035ms
	BeginReloadAssembly (106ms)
		ExecutionOrderSort (0ms)
		DisableScriptedObjects (4ms)
		BackupInstance (0ms)
		ReleaseScriptingObjects (0ms)
		CreateAndSetChildDomain (33ms)
	RebuildCommonClasses (28ms)
	RebuildNativeTypeToScriptingClass (6ms)
	initialDomainReloadingComplete (21ms)
	LoadAllAssembliesAndSetupDomain (211ms)
		LoadAssemblies (227ms)
		RebuildTransferFunctionScriptingTraits (0ms)
		AnalyzeDomain (28ms)
			TypeCache.Refresh (11ms)
				TypeCache.ScanAssembly (0ms)
			ScanForSourceGeneratedMonoScriptInfo (9ms)
			ResolveRequiredComponents (8ms)
	FinalizeReload (663ms)
		ReleaseScriptCaches (0ms)
		RebuildScriptCaches (0ms)
		SetupLoadedEditorAssemblies (334ms)
			LogAssemblyErrors (0ms)
			InitializePlatformSupportModulesInManaged (50ms)
			SetLoadedEditorAssemblies (5ms)
			RefreshPlugins (0ms)
			BeforeProcessingInitializeOnLoad (64ms)
			ProcessInitializeOnLoadAttributes (182ms)
			ProcessInitializeOnLoadMethodAttributes (30ms)
			AfterProcessingInitializeOnLoad (3ms)
			EditorAssembliesLoaded (0ms)
		ExecutionOrderSort2 (0ms)
		AwakeInstancesAfterBackupRestoration (5ms)
Refreshing native plugins compatible for Editor in 0.81 ms, found 2 plugins.
Preloading 0 native plugins for Editor in 0.00 ms.
Unloading 3926 Unused Serialized files (Serialized files now loaded: 0)
Unloading 16 unused Assets / (29.0 KB). Loaded Objects now: 4534.
Memory consumption went from 132.1 MB to 132.0 MB.
Total: 4.139637 ms (FindLiveObjects: 0.379407 ms CreateObjectMapping: 0.164816 ms MarkObjects: 3.544510 ms  DeleteObjects: 0.049098 ms)

Prepare: number of updated asset objects reloaded= 0
AssetImportParameters requested are different than current active one (requested -> active):
  custom:container-demuxer-ogg: 62fdf1f143b41e24485cea50d1cbac27 -> 
  custom:scripting/monoscript/fileName/JointStateSubscriber.cs: a16c1fe57f836fb4ab55d7fecb5b9d6e -> 4dedc4a66c6e67481e12c8a20eda7a17
  custom:scripting/monoscript/fileName/UnityColorMsg.cs: dee5fdaf0f0de34c3b8a304af96f20a0 -> c0b80ff3cf83e3d05b0ba4f2f77d5b19
  custom:scripting/monoscript/fileName/ObjectPoseServiceRequest.cs: e8340b02528bd576f46ab0e8d32803a5 -> ac96913d6908110a6abd1a7bba739457
  custom:video-decoder-ogg-theora: a1e56fd34408186e4bbccfd4996cb3dc -> 
  custom:scripting/monoscript/fileName/CartesianInputMover.cs: 6e481e4dc4a81911d4aac901246306ea -> 352cebde0451330d3418c9b8170d7770
  custom:scripting/monoscript/fileName/PositionServiceRequest.cs: 604b7350a1923a5a9bd709fbb0ec64de -> 1b5332691515ff45a4b7b160d7af40cc
  custom:CustomObjectIndexerAttribute: 232f87dd983dbecb2a4e21e08eb2cef8 -> 
  custom:container-demuxer-webm: 4f35f7cbe854078d1ac9338744f61a02 -> 
  custom:container-muxer-webm: aa71ff27fc2769a1b78a27578f13a17b -> 
  custom:scripting/monoscript/fileName/CustomIKController.cs: 4df3f7e13d73c56e2a7133001d6862b9 -> 68a62c82b227cef8c0cb62a145e583d8
  custom:video-decoder-webm-vp8: 9c59270c3fd7afecdb556c50c9e8de78 -> 
  custom:SearchIndexIgnoredProperties: e643bd26f0fe6173181afceb89e7c659 -> 
  custom:AudioImporter_EditorPlatform: 2f0ff77a95e0ac474e3e8eeba4e2f7cb -> 
  custom:scripting/monoscript/fileName/PositionServiceResponse.cs: eb8b35c8ccd425d6366d4a98c4e4b483 -> 14d8e1b7be2a90ffc11a47ff3676c47b
  custom:video-encoder-webm-vp8: eb34c28f22e8b96e1ab97ce403110664 -> 
  custom:audio-decoder-ogg-vorbis: bf7c407c2cedff20999df2af8eb42d56 -> 
  custom:scripting/monoscript/fileName/ObjectPoseServiceResponse.cs: 4835040a06592c037884d4ea1d5f8d63 -> 620467b7faa0547d7a2c3511e9703be2
  custom:scripting/monoscript/fileName/PosRotMsg.cs: abd368e715fc1c890b3798a7625cedb4 -> 37cbb950fd8d559e159b3f7c4a713652
  custom:audio-encoder-webm-vorbis: bf7c407c2cedff20999df2af8eb42d56 -> 
  custom:scripting/precompiled-assembly-types:Assembly-CSharp: c02ce6627e6b1d98d98e0d8dc1afacfc -> 8ca404f8a24693e23426b57e83396e6b
========================================================================
Received Prepare
Caller must complete domain reload
Begin MonoManager ReloadAssembly
- Loaded All Assemblies, in  0.332 seconds
Native extension for LinuxStandalone target not found
Native extension for Android target not found
[Package Manager] Server::EnsureServerProcessIsRunning -- launch failed, reason: Unity was launched with the -noUpm command-line argument
[Package Manager] UpmClient::Send -- Unable to send message (not connected to UPM process).
[Package Manager] Cannot connect to Unity Package Manager local server
Mono: successfully reloaded assembly
[Package Manager] Server::EnsureServerProcessIsRunning -- launch failed, reason: Unity was launched with the -noUpm command-line argument
[Package Manager] UpmClient::Send -- Unable to send message (not connected to UPM process).
[Package Manager] Cannot connect to Unity Package Manager local server
- Finished resetting the current domain, in  0.546 seconds
Domain Reload Profiling: 878ms
	BeginReloadAssembly (105ms)
		ExecutionOrderSort (0ms)
		DisableScriptedObjects (3ms)
		BackupInstance (0ms)
		ReleaseScriptingObjects (0ms)
		CreateAndSetChildDomain (36ms)
	RebuildCommonClasses (25ms)
	RebuildNativeTypeToScriptingClass (6ms)
	initialDomainReloadingComplete (21ms)
	LoadAllAssembliesAndSetupDomain (175ms)
		LoadAssemblies (204ms)
		RebuildTransferFunctionScriptingTraits (0ms)
		AnalyzeDomain (12ms)
			TypeCache.Refresh (6ms)
				TypeCache.ScanAssembly (0ms)
			ScanForSourceGeneratedMonoScriptInfo (0ms)
			ResolveRequiredComponents (5ms)
	FinalizeReload (547ms)
		ReleaseScriptCaches (0ms)
		RebuildScriptCaches (0ms)
		SetupLoadedEditorAssemblies (314ms)
			LogAssemblyErrors (0ms)
			InitializePlatformSupportModulesInManaged (37ms)
			SetLoadedEditorAssemblies (3ms)
			RefreshPlugins (0ms)
			BeforeProcessingInitializeOnLoad (45ms)
			ProcessInitializeOnLoadAttributes (198ms)
			ProcessInitializeOnLoadMethodAttributes (27ms)
			AfterProcessingInitializeOnLoad (3ms)
			EditorAssembliesLoaded (0ms)
		ExecutionOrderSort2 (0ms)
		AwakeInstancesAfterBackupRestoration (3ms)
Refreshing native plugins compatible for Editor in 1.01 ms, found 2 plugins.
Preloading 0 native plugins for Editor in 0.00 ms.
Unloading 3926 Unused Serialized files (Serialized files now loaded: 0)
Unloading 16 unused Assets / (29.0 KB). Loaded Objects now: 4538.
Memory consumption went from 132.1 MB to 132.0 MB.
Total: 4.190304 ms (FindLiveObjects: 0.406945 ms CreateObjectMapping: 0.174373 ms MarkObjects: 3.542456 ms  DeleteObjects: 0.064819 ms)

Prepare: number of updated asset objects reloaded= 0
AssetImportParameters requested are different than current active one (requested -> active):
  custom:container-demuxer-ogg: 62fdf1f143b41e24485cea50d1cbac27 -> 
  custom:scripting/monoscript/fileName/JointStateSubscriber.cs: a16c1fe57f836fb4ab55d7fecb5b9d6e -> 4dedc4a66c6e67481e12c8a20eda7a17
  custom:scripting/monoscript/fileName/UnityColorMsg.cs: dee5fdaf0f0de34c3b8a304af96f20a0 -> c0b80ff3cf83e3d05b0ba4f2f77d5b19
  custom:scripting/monoscript/fileName/ObjectPoseServiceRequest.cs: e8340b02528bd576f46ab0e8d32803a5 -> ac96913d6908110a6abd1a7bba739457
  custom:video-decoder-ogg-theora: a1e56fd34408186e4bbccfd4996cb3dc -> 
  custom:scripting/monoscript/fileName/CartesianInputMover.cs: 6e481e4dc4a81911d4aac901246306ea -> 352cebde0451330d3418c9b8170d7770
  custom:scripting/monoscript/fileName/PositionServiceRequest.cs: 604b7350a1923a5a9bd709fbb0ec64de -> 1b5332691515ff45a4b7b160d7af40cc
  custom:CustomObjectIndexerAttribute: 232f87dd983dbecb2a4e21e08eb2cef8 -> 
  custom:container-demuxer-webm: 4f35f7cbe854078d1ac9338744f61a02 -> 
  custom:container-muxer-webm: aa71ff27fc2769a1b78a27578f13a17b -> 
  custom:scripting/monoscript/fileName/CustomIKController.cs: 4df3f7e13d73c56e2a7133001d6862b9 -> 68a62c82b227cef8c0cb62a145e583d8
  custom:video-decoder-webm-vp8: 9c59270c3fd7afecdb556c50c9e8de78 -> 
  custom:SearchIndexIgnoredProperties: e643bd26f0fe6173181afceb89e7c659 -> 
  custom:AudioImporter_EditorPlatform: 2f0ff77a95e0ac474e3e8eeba4e2f7cb -> 
  custom:scripting/monoscript/fileName/PositionServiceResponse.cs: eb8b35c8ccd425d6366d4a98c4e4b483 -> 14d8e1b7be2a90ffc11a47ff3676c47b
  custom:video-encoder-webm-vp8: eb34c28f22e8b96e1ab97ce403110664 -> 
  custom:audio-decoder-ogg-vorbis: bf7c407c2cedff20999df2af8eb42d56 -> 
  custom:scripting/monoscript/fileName/ObjectPoseServiceResponse.cs: 4835040a06592c037884d4ea1d5f8d63 -> 620467b7faa0547d7a2c3511e9703be2
  custom:scripting/monoscript/fileName/PosRotMsg.cs: abd368e715fc1c890b3798a7625cedb4 -> 37cbb950fd8d559e159b3f7c4a713652
  custom:audio-encoder-webm-vorbis: bf7c407c2cedff20999df2af8eb42d56 -> 
  custom:scripting/precompiled-assembly-types:Assembly-CSharp: c02ce6627e6b1d98d98e0d8dc1afacfc -> 8ca404f8a24693e23426b57e83396e6b
========================================================================
Received Prepare
Caller must complete domain reload
Begin MonoManager ReloadAssembly
- Loaded All Assemblies, in  0.391 seconds
Native extension for LinuxStandalone target not found
Native extension for Android target not found
[Package Manager] Server::EnsureServerProcessIsRunning -- launch failed, reason: Unity was launched with the -noUpm command-line argument
[Package Manager] UpmClient::Send -- Unable to send message (not connected to UPM process).
[Package Manager] Cannot connect to Unity Package Manager local server
Mono: successfully reloaded assembly
[Package Manager] Server::EnsureServerProcessIsRunning -- launch failed, reason: Unity was launched with the -noUpm command-line argument
[Package Manager] UpmClient::Send -- Unable to send message (not connected to UPM process).
[Package Manager] Cannot connect to Unity Package Manager local server
- Finished resetting the current domain, in  0.724 seconds
Domain Reload Profiling: 1115ms
	BeginReloadAssembly (104ms)
		ExecutionOrderSort (0ms)
		DisableScriptedObjects (4ms)
		BackupInstance (0ms)
		ReleaseScriptingObjects (0ms)
		CreateAndSetChildDomain (37ms)
	RebuildCommonClasses (25ms)
	RebuildNativeTypeToScriptingClass (6ms)
	initialDomainReloadingComplete (24ms)
	LoadAllAssembliesAndSetupDomain (232ms)
		LoadAssemblies (251ms)
		RebuildTransferFunctionScriptingTraits (0ms)
		AnalyzeDomain (18ms)
			TypeCache.Refresh (8ms)
				TypeCache.ScanAssembly (0ms)
			ScanForSourceGeneratedMonoScriptInfo (0ms)
			ResolveRequiredComponents (8ms)
	FinalizeReload (725ms)
		ReleaseScriptCaches (0ms)
		RebuildScriptCaches (0ms)
		SetupLoadedEditorAssemblies (375ms)
			LogAssemblyErrors (0ms)
			InitializePlatformSupportModulesInManaged (53ms)
			SetLoadedEditorAssemblies (3ms)
			RefreshPlugins (0ms)
			BeforeProcessingInitializeOnLoad (56ms)
			ProcessInitializeOnLoadAttributes (225ms)
			ProcessInitializeOnLoadMethodAttributes (34ms)
			AfterProcessingInitializeOnLoad (3ms)
			EditorAssembliesLoaded (0ms)
		ExecutionOrderSort2 (0ms)
		AwakeInstancesAfterBackupRestoration (5ms)
Refreshing native plugins compatible for Editor in 0.85 ms, found 2 plugins.
Preloading 0 native plugins for Editor in 0.00 ms.
Unloading 3926 Unused Serialized files (Serialized files now loaded: 0)
Unloading 16 unused Assets / (29.0 KB). Loaded Objects now: 4542.
Memory consumption went from 132.1 MB to 132.0 MB.
Total: 5.338773 ms (FindLiveObjects: 0.436499 ms CreateObjectMapping: 0.147241 ms MarkObjects: 4.615384 ms  DeleteObjects: 0.137532 ms)

Prepare: number of updated asset objects reloaded= 0
AssetImportParameters requested are different than current active one (requested -> active):
  custom:container-demuxer-ogg: 62fdf1f143b41e24485cea50d1cbac27 -> 
  custom:scripting/monoscript/fileName/JointStateSubscriber.cs: a16c1fe57f836fb4ab55d7fecb5b9d6e -> 4dedc4a66c6e67481e12c8a20eda7a17
  custom:scripting/monoscript/fileName/UnityColorMsg.cs: dee5fdaf0f0de34c3b8a304af96f20a0 -> c0b80ff3cf83e3d05b0ba4f2f77d5b19
  custom:scripting/monoscript/fileName/ObjectPoseServiceRequest.cs: e8340b02528bd576f46ab0e8d32803a5 -> ac96913d6908110a6abd1a7bba739457
  custom:video-decoder-ogg-theora: a1e56fd34408186e4bbccfd4996cb3dc -> 
  custom:scripting/monoscript/fileName/CartesianInputMover.cs: 6e481e4dc4a81911d4aac901246306ea -> 352cebde0451330d3418c9b8170d7770
  custom:scripting/monoscript/fileName/PositionServiceRequest.cs: 604b7350a1923a5a9bd709fbb0ec64de -> 1b5332691515ff45a4b7b160d7af40cc
  custom:CustomObjectIndexerAttribute: 232f87dd983dbecb2a4e21e08eb2cef8 -> 
  custom:container-demuxer-webm: 4f35f7cbe854078d1ac9338744f61a02 -> 
  custom:container-muxer-webm: aa71ff27fc2769a1b78a27578f13a17b -> 
  custom:scripting/monoscript/fileName/CustomIKController.cs: 4df3f7e13d73c56e2a7133001d6862b9 -> 68a62c82b227cef8c0cb62a145e583d8
  custom:video-decoder-webm-vp8: 9c59270c3fd7afecdb556c50c9e8de78 -> 
  custom:SearchIndexIgnoredProperties: e643bd26f0fe6173181afceb89e7c659 -> 
  custom:AudioImporter_EditorPlatform: 2f0ff77a95e0ac474e3e8eeba4e2f7cb -> 
  custom:scripting/monoscript/fileName/PositionServiceResponse.cs: eb8b35c8ccd425d6366d4a98c4e4b483 -> 14d8e1b7be2a90ffc11a47ff3676c47b
  custom:video-encoder-webm-vp8: eb34c28f22e8b96e1ab97ce403110664 -> 
  custom:audio-decoder-ogg-vorbis: bf7c407c2cedff20999df2af8eb42d56 -> 
  custom:scripting/monoscript/fileName/ObjectPoseServiceResponse.cs: 4835040a06592c037884d4ea1d5f8d63 -> 620467b7faa0547d7a2c3511e9703be2
  custom:scripting/monoscript/fileName/PosRotMsg.cs: abd368e715fc1c890b3798a7625cedb4 -> 37cbb950fd8d559e159b3f7c4a713652
  custom:audio-encoder-webm-vorbis: bf7c407c2cedff20999df2af8eb42d56 -> 
  custom:scripting/precompiled-assembly-types:Assembly-CSharp: c02ce6627e6b1d98d98e0d8dc1afacfc -> 8ca404f8a24693e23426b57e83396e6b
========================================================================
Received Prepare
Caller must complete domain reload
Begin MonoManager ReloadAssembly
- Loaded All Assemblies, in  0.579 seconds
Native extension for LinuxStandalone target not found
Native extension for Android target not found
[Package Manager] Server::EnsureServerProcessIsRunning -- launch failed, reason: Unity was launched with the -noUpm command-line argument
[Package Manager] UpmClient::Send -- Unable to send message (not connected to UPM process).
[Package Manager] Cannot connect to Unity Package Manager local server
Mono: successfully reloaded assembly
[Package Manager] Server::EnsureServerProcessIsRunning -- launch failed, reason: Unity was launched with the -noUpm command-line argument
[Package Manager] UpmClient::Send -- Unable to send message (not connected to UPM process).
[Package Manager] Cannot connect to Unity Package Manager local server
- Finished resetting the current domain, in  0.989 seconds
Domain Reload Profiling: 1568ms
	BeginReloadAssembly (176ms)
		ExecutionOrderSort (0ms)
		DisableScriptedObjects (6ms)
		BackupInstance (0ms)
		ReleaseScriptingObjects (0ms)
		CreateAndSetChildDomain (53ms)
	RebuildCommonClasses (50ms)
	RebuildNativeTypeToScriptingClass (9ms)
	initialDomainReloadingComplete (33ms)
	LoadAllAssembliesAndSetupDomain (310ms)
		LoadAssemblies (367ms)
		RebuildTransferFunctionScriptingTraits (0ms)
		AnalyzeDomain (26ms)
			TypeCache.Refresh (10ms)
				TypeCache.ScanAssembly (0ms)
			ScanForSourceGeneratedMonoScriptInfo (0ms)
			ResolveRequiredComponents (13ms)
	FinalizeReload (990ms)
		ReleaseScriptCaches (0ms)
		RebuildScriptCaches (0ms)
		SetupLoadedEditorAssemblies (554ms)
			LogAssemblyErrors (0ms)
			InitializePlatformSupportModulesInManaged (58ms)
			SetLoadedEditorAssemblies (6ms)
			RefreshPlugins (0ms)
			BeforeProcessingInitializeOnLoad (88ms)
			ProcessInitializeOnLoadAttributes (345ms)
			ProcessInitializeOnLoadMethodAttributes (53ms)
			AfterProcessingInitializeOnLoad (4ms)
			EditorAssembliesLoaded (0ms)
		ExecutionOrderSort2 (0ms)
		AwakeInstancesAfterBackupRestoration (6ms)
Refreshing native plugins compatible for Editor in 1.95 ms, found 2 plugins.
Preloading 0 native plugins for Editor in 0.00 ms.
Unloading 3926 Unused Serialized files (Serialized files now loaded: 0)
Unloading 16 unused Assets / (29.0 KB). Loaded Objects now: 4546.
Memory consumption went from 132.1 MB to 132.0 MB.
Total: 5.160719 ms (FindLiveObjects: 0.459901 ms CreateObjectMapping: 0.298004 ms MarkObjects: 4.327256 ms  DeleteObjects: 0.072235 ms)

Prepare: number of updated asset objects reloaded= 0
AssetImportParameters requested are different than current active one (requested -> active):
  custom:container-demuxer-ogg: 62fdf1f143b41e24485cea50d1cbac27 -> 
  custom:scripting/monoscript/fileName/JointStateSubscriber.cs: a16c1fe57f836fb4ab55d7fecb5b9d6e -> 4dedc4a66c6e67481e12c8a20eda7a17
  custom:scripting/monoscript/fileName/UnityColorMsg.cs: dee5fdaf0f0de34c3b8a304af96f20a0 -> c0b80ff3cf83e3d05b0ba4f2f77d5b19
  custom:scripting/monoscript/fileName/ObjectPoseServiceRequest.cs: e8340b02528bd576f46ab0e8d32803a5 -> ac96913d6908110a6abd1a7bba739457
  custom:video-decoder-ogg-theora: a1e56fd34408186e4bbccfd4996cb3dc -> 
  custom:scripting/monoscript/fileName/CartesianInputMover.cs: 6e481e4dc4a81911d4aac901246306ea -> 352cebde0451330d3418c9b8170d7770
  custom:scripting/monoscript/fileName/PositionServiceRequest.cs: 604b7350a1923a5a9bd709fbb0ec64de -> 1b5332691515ff45a4b7b160d7af40cc
  custom:CustomObjectIndexerAttribute: 232f87dd983dbecb2a4e21e08eb2cef8 -> 
  custom:container-demuxer-webm: 4f35f7cbe854078d1ac9338744f61a02 -> 
  custom:container-muxer-webm: aa71ff27fc2769a1b78a27578f13a17b -> 
  custom:scripting/monoscript/fileName/CustomIKController.cs: 4df3f7e13d73c56e2a7133001d6862b9 -> 68a62c82b227cef8c0cb62a145e583d8
  custom:video-decoder-webm-vp8: 9c59270c3fd7afecdb556c50c9e8de78 -> 
  custom:SearchIndexIgnoredProperties: e643bd26f0fe6173181afceb89e7c659 -> 
  custom:AudioImporter_EditorPlatform: 2f0ff77a95e0ac474e3e8eeba4e2f7cb -> 
  custom:scripting/monoscript/fileName/PositionServiceResponse.cs: eb8b35c8ccd425d6366d4a98c4e4b483 -> 14d8e1b7be2a90ffc11a47ff3676c47b
  custom:video-encoder-webm-vp8: eb34c28f22e8b96e1ab97ce403110664 -> 
  custom:audio-decoder-ogg-vorbis: bf7c407c2cedff20999df2af8eb42d56 -> 
  custom:scripting/monoscript/fileName/ObjectPoseServiceResponse.cs: 4835040a06592c037884d4ea1d5f8d63 -> 620467b7faa0547d7a2c3511e9703be2
  custom:scripting/monoscript/fileName/PosRotMsg.cs: abd368e715fc1c890b3798a7625cedb4 -> 37cbb950fd8d559e159b3f7c4a713652
  custom:audio-encoder-webm-vorbis: bf7c407c2cedff20999df2af8eb42d56 -> 
  custom:scripting/precompiled-assembly-types:Assembly-CSharp: c02ce6627e6b1d98d98e0d8dc1afacfc -> 8ca404f8a24693e23426b57e83396e6b
========================================================================
Received Prepare
Caller must complete domain reload
Begin MonoManager ReloadAssembly
- Loaded All Assemblies, in  0.520 seconds
Native extension for LinuxStandalone target not found
Native extension for Android target not found
[Package Manager] Server::EnsureServerProcessIsRunning -- launch failed, reason: Unity was launched with the -noUpm command-line argument
[Package Manager] UpmClient::Send -- Unable to send message (not connected to UPM process).
[Package Manager] Cannot connect to Unity Package Manager local server
Mono: successfully reloaded assembly
[Package Manager] Server::EnsureServerProcessIsRunning -- launch failed, reason: Unity was launched with the -noUpm command-line argument
[Package Manager] UpmClient::Send -- Unable to send message (not connected to UPM process).
[Package Manager] Cannot connect to Unity Package Manager local server
- Finished resetting the current domain, in  1.075 seconds
Domain Reload Profiling: 1595ms
	BeginReloadAssembly (177ms)
		ExecutionOrderSort (0ms)
		DisableScriptedObjects (5ms)
		BackupInstance (0ms)
		ReleaseScriptingObjects (0ms)
		CreateAndSetChildDomain (62ms)
	RebuildCommonClasses (39ms)
	RebuildNativeTypeToScriptingClass (8ms)
	initialDomainReloadingComplete (31ms)
	LoadAllAssembliesAndSetupDomain (264ms)
		LoadAssemblies (317ms)
		RebuildTransferFunctionScriptingTraits (0ms)
		AnalyzeDomain (19ms)
			TypeCache.Refresh (9ms)
				TypeCache.ScanAssembly (0ms)
			ScanForSourceGeneratedMonoScriptInfo (0ms)
			ResolveRequiredComponents (8ms)
	FinalizeReload (1076ms)
		ReleaseScriptCaches (0ms)
		RebuildScriptCaches (0ms)
		SetupLoadedEditorAssemblies (689ms)
			LogAssemblyErrors (0ms)
			InitializePlatformSupportModulesInManaged (67ms)
			SetLoadedEditorAssemblies (6ms)
			RefreshPlugins (0ms)
			BeforeProcessingInitializeOnLoad (95ms)
			ProcessInitializeOnLoadAttributes (441ms)
			ProcessInitializeOnLoadMethodAttributes (73ms)
			AfterProcessingInitializeOnLoad (7ms)
			EditorAssembliesLoaded (0ms)
		ExecutionOrderSort2 (0ms)
		AwakeInstancesAfterBackupRestoration (8ms)
Refreshing native plugins compatible for Editor in 1.39 ms, found 2 plugins.
Preloading 0 native plugins for Editor in 0.00 ms.
Unloading 3926 Unused Serialized files (Serialized files now loaded: 0)
Unloading 16 unused Assets / (29.0 KB). Loaded Objects now: 4550.
Memory consumption went from 132.1 MB to 132.0 MB.
Total: 6.552753 ms (FindLiveObjects: 0.746035 ms CreateObjectMapping: 0.599843 ms MarkObjects: 5.081047 ms  DeleteObjects: 0.116782 ms)

Prepare: number of updated asset objects reloaded= 0
AssetImportParameters requested are different than current active one (requested -> active):
  custom:container-demuxer-ogg: 62fdf1f143b41e24485cea50d1cbac27 -> 
  custom:scripting/monoscript/fileName/JointStateSubscriber.cs: a16c1fe57f836fb4ab55d7fecb5b9d6e -> 4dedc4a66c6e67481e12c8a20eda7a17
  custom:scripting/monoscript/fileName/UnityColorMsg.cs: dee5fdaf0f0de34c3b8a304af96f20a0 -> c0b80ff3cf83e3d05b0ba4f2f77d5b19
  custom:scripting/monoscript/fileName/ObjectPoseServiceRequest.cs: e8340b02528bd576f46ab0e8d32803a5 -> ac96913d6908110a6abd1a7bba739457
  custom:video-decoder-ogg-theora: a1e56fd34408186e4bbccfd4996cb3dc -> 
  custom:scripting/monoscript/fileName/CartesianInputMover.cs: 6e481e4dc4a81911d4aac901246306ea -> 352cebde0451330d3418c9b8170d7770
  custom:scripting/monoscript/fileName/PositionServiceRequest.cs: 604b7350a1923a5a9bd709fbb0ec64de -> 1b5332691515ff45a4b7b160d7af40cc
  custom:CustomObjectIndexerAttribute: 232f87dd983dbecb2a4e21e08eb2cef8 -> 
  custom:container-demuxer-webm: 4f35f7cbe854078d1ac9338744f61a02 -> 
  custom:container-muxer-webm: aa71ff27fc2769a1b78a27578f13a17b -> 
  custom:scripting/monoscript/fileName/CustomIKController.cs: 4df3f7e13d73c56e2a7133001d6862b9 -> 68a62c82b227cef8c0cb62a145e583d8
  custom:video-decoder-webm-vp8: 9c59270c3fd7afecdb556c50c9e8de78 -> 
  custom:SearchIndexIgnoredProperties: e643bd26f0fe6173181afceb89e7c659 -> 
  custom:AudioImporter_EditorPlatform: 2f0ff77a95e0ac474e3e8eeba4e2f7cb -> 
  custom:scripting/monoscript/fileName/PositionServiceResponse.cs: eb8b35c8ccd425d6366d4a98c4e4b483 -> 14d8e1b7be2a90ffc11a47ff3676c47b
  custom:video-encoder-webm-vp8: eb34c28f22e8b96e1ab97ce403110664 -> 
  custom:audio-decoder-ogg-vorbis: bf7c407c2cedff20999df2af8eb42d56 -> 
  custom:scripting/monoscript/fileName/ObjectPoseServiceResponse.cs: 4835040a06592c037884d4ea1d5f8d63 -> 620467b7faa0547d7a2c3511e9703be2
  custom:scripting/monoscript/fileName/PosRotMsg.cs: abd368e715fc1c890b3798a7625cedb4 -> 37cbb950fd8d559e159b3f7c4a713652
  custom:audio-encoder-webm-vorbis: bf7c407c2cedff20999df2af8eb42d56 -> 
  custom:scripting/precompiled-assembly-types:Assembly-CSharp: c02ce6627e6b1d98d98e0d8dc1afacfc -> 8ca404f8a24693e23426b57e83396e6b
========================================================================
Received Prepare
Caller must complete domain reload
Begin MonoManager ReloadAssembly
- Loaded All Assemblies, in  0.529 seconds
Native extension for LinuxStandalone target not found
Native extension for Android target not found
[Package Manager] Server::EnsureServerProcessIsRunning -- launch failed, reason: Unity was launched with the -noUpm command-line argument
[Package Manager] UpmClient::Send -- Unable to send message (not connected to UPM process).
[Package Manager] Cannot connect to Unity Package Manager local server
Mono: successfully reloaded assembly
[Package Manager] Server::EnsureServerProcessIsRunning -- launch failed, reason: Unity was launched with the -noUpm command-line argument
[Package Manager] UpmClient::Send -- Unable to send message (not connected to UPM process).
[Package Manager] Cannot connect to Unity Package Manager local server
- Finished resetting the current domain, in  1.133 seconds
Domain Reload Profiling: 1662ms
	BeginReloadAssembly (167ms)
		ExecutionOrderSort (0ms)
		DisableScriptedObjects (5ms)
		BackupInstance (0ms)
		ReleaseScriptingObjects (0ms)
		CreateAndSetChildDomain (56ms)
	RebuildCommonClasses (46ms)
	RebuildNativeTypeToScriptingClass (10ms)
	initialDomainReloadingComplete (33ms)
	LoadAllAssembliesAndSetupDomain (273ms)
		LoadAssemblies (300ms)
		RebuildTransferFunctionScriptingTraits (0ms)
		AnalyzeDomain (39ms)
			TypeCache.Refresh (14ms)
				TypeCache.ScanAssembly (0ms)
			ScanForSourceGeneratedMonoScriptInfo (12ms)
			ResolveRequiredComponents (11ms)
	FinalizeReload (1134ms)
		ReleaseScriptCaches (0ms)
		RebuildScriptCaches (0ms)
		SetupLoadedEditorAssemblies (626ms)
			LogAssemblyErrors (0ms)
			InitializePlatformSupportModulesInManaged (56ms)
			SetLoadedEditorAssemblies (6ms)
			RefreshPlugins (0ms)
			BeforeProcessingInitializeOnLoad (93ms)
			ProcessInitializeOnLoadAttributes (397ms)
			ProcessInitializeOnLoadMethodAttributes (67ms)
			AfterProcessingInitializeOnLoad (7ms)
			EditorAssembliesLoaded (0ms)
		ExecutionOrderSort2 (0ms)
		AwakeInstancesAfterBackupRestoration (9ms)
Refreshing native plugins compatible for Editor in 1.43 ms, found 2 plugins.
Preloading 0 native plugins for Editor in 0.00 ms.
Unloading 3926 Unused Serialized files (Serialized files now loaded: 0)
Unloading 16 unused Assets / (29.0 KB). Loaded Objects now: 4554.
Memory consumption went from 132.1 MB to 132.0 MB.
Total: 4.829511 ms (FindLiveObjects: 0.380527 ms CreateObjectMapping: 0.139139 ms MarkObjects: 4.167099 ms  DeleteObjects: 0.139365 ms)

Prepare: number of updated asset objects reloaded= 0
AssetImportParameters requested are different than current active one (requested -> active):
  custom:container-demuxer-ogg: 62fdf1f143b41e24485cea50d1cbac27 -> 
  custom:scripting/monoscript/fileName/JointStateSubscriber.cs: a16c1fe57f836fb4ab55d7fecb5b9d6e -> 4dedc4a66c6e67481e12c8a20eda7a17
  custom:scripting/monoscript/fileName/UnityColorMsg.cs: dee5fdaf0f0de34c3b8a304af96f20a0 -> c0b80ff3cf83e3d05b0ba4f2f77d5b19
  custom:scripting/monoscript/fileName/ObjectPoseServiceRequest.cs: e8340b02528bd576f46ab0e8d32803a5 -> ac96913d6908110a6abd1a7bba739457
  custom:video-decoder-ogg-theora: a1e56fd34408186e4bbccfd4996cb3dc -> 
  custom:scripting/monoscript/fileName/CartesianInputMover.cs: 6e481e4dc4a81911d4aac901246306ea -> 352cebde0451330d3418c9b8170d7770
  custom:scripting/monoscript/fileName/PositionServiceRequest.cs: 604b7350a1923a5a9bd709fbb0ec64de -> 1b5332691515ff45a4b7b160d7af40cc
  custom:CustomObjectIndexerAttribute: 232f87dd983dbecb2a4e21e08eb2cef8 -> 
  custom:container-demuxer-webm: 4f35f7cbe854078d1ac9338744f61a02 -> 
  custom:container-muxer-webm: aa71ff27fc2769a1b78a27578f13a17b -> 
  custom:scripting/monoscript/fileName/CustomIKController.cs: 4df3f7e13d73c56e2a7133001d6862b9 -> 68a62c82b227cef8c0cb62a145e583d8
  custom:video-decoder-webm-vp8: 9c59270c3fd7afecdb556c50c9e8de78 -> 
  custom:SearchIndexIgnoredProperties: e643bd26f0fe6173181afceb89e7c659 -> 
  custom:AudioImporter_EditorPlatform: 2f0ff77a95e0ac474e3e8eeba4e2f7cb -> 
  custom:scripting/monoscript/fileName/PositionServiceResponse.cs: eb8b35c8ccd425d6366d4a98c4e4b483 -> 14d8e1b7be2a90ffc11a47ff3676c47b
  custom:video-encoder-webm-vp8: eb34c28f22e8b96e1ab97ce403110664 -> 
  custom:audio-decoder-ogg-vorbis: bf7c407c2cedff20999df2af8eb42d56 -> 
  custom:scripting/monoscript/fileName/ObjectPoseServiceResponse.cs: 4835040a06592c037884d4ea1d5f8d63 -> 620467b7faa0547d7a2c3511e9703be2
  custom:scripting/monoscript/fileName/PosRotMsg.cs: abd368e715fc1c890b3798a7625cedb4 -> 37cbb950fd8d559e159b3f7c4a713652
  custom:audio-encoder-webm-vorbis: bf7c407c2cedff20999df2af8eb42d56 -> 
  custom:scripting/precompiled-assembly-types:Assembly-CSharp: c02ce6627e6b1d98d98e0d8dc1afacfc -> 8ca404f8a24693e23426b57e83396e6b
========================================================================
Received Prepare
Caller must complete domain reload
Begin MonoManager ReloadAssembly
- Loaded All Assemblies, in  0.601 seconds
Native extension for LinuxStandalone target not found
Native extension for Android target not found
[Package Manager] Server::EnsureServerProcessIsRunning -- launch failed, reason: Unity was launched with the -noUpm command-line argument
[Package Manager] UpmClient::Send -- Unable to send message (not connected to UPM process).
[Package Manager] Cannot connect to Unity Package Manager local server
Mono: successfully reloaded assembly
[Package Manager] Server::EnsureServerProcessIsRunning -- launch failed, reason: Unity was launched with the -noUpm command-line argument
[Package Manager] UpmClient::Send -- Unable to send message (not connected to UPM process).
[Package Manager] Cannot connect to Unity Package Manager local server
- Finished resetting the current domain, in  1.006 seconds
Domain Reload Profiling: 1605ms
	BeginReloadAssembly (182ms)
		ExecutionOrderSort (0ms)
		DisableScriptedObjects (6ms)
		BackupInstance (0ms)
		ReleaseScriptingObjects (0ms)
		CreateAndSetChildDomain (56ms)
	RebuildCommonClasses (54ms)
	RebuildNativeTypeToScriptingClass (13ms)
	initialDomainReloadingComplete (44ms)
	LoadAllAssembliesAndSetupDomain (304ms)
		LoadAssemblies (360ms)
		RebuildTransferFunctionScriptingTraits (0ms)
		AnalyzeDomain (24ms)
			TypeCache.Refresh (11ms)
				TypeCache.ScanAssembly (0ms)
			ScanForSourceGeneratedMonoScriptInfo (0ms)
			ResolveRequiredComponents (12ms)
	FinalizeReload (1007ms)
		ReleaseScriptCaches (0ms)
		RebuildScriptCaches (0ms)
		SetupLoadedEditorAssemblies (629ms)
			LogAssemblyErrors (0ms)
			InitializePlatformSupportModulesInManaged (49ms)
			SetLoadedEditorAssemblies (4ms)
			RefreshPlugins (0ms)
			BeforeProcessingInitializeOnLoad (68ms)
			ProcessInitializeOnLoadAttributes (429ms)
			ProcessInitializeOnLoadMethodAttributes (71ms)
			AfterProcessingInitializeOnLoad (7ms)
			EditorAssembliesLoaded (0ms)
		ExecutionOrderSort2 (0ms)
		AwakeInstancesAfterBackupRestoration (8ms)
Refreshing native plugins compatible for Editor in 1.27 ms, found 2 plugins.
Preloading 0 native plugins for Editor in 0.00 ms.
Unloading 3926 Unused Serialized files (Serialized files now loaded: 0)
Unloading 16 unused Assets / (29.0 KB). Loaded Objects now: 4558.
Memory consumption went from 132.1 MB to 132.0 MB.
Total: 5.144900 ms (FindLiveObjects: 0.394622 ms CreateObjectMapping: 0.138522 ms MarkObjects: 4.470804 ms  DeleteObjects: 0.138130 ms)

Prepare: number of updated asset objects reloaded= 0
AssetImportParameters requested are different than current active one (requested -> active):
  custom:container-demuxer-ogg: 62fdf1f143b41e24485cea50d1cbac27 -> 
  custom:scripting/monoscript/fileName/JointStateSubscriber.cs: a16c1fe57f836fb4ab55d7fecb5b9d6e -> 4dedc4a66c6e67481e12c8a20eda7a17
  custom:scripting/monoscript/fileName/UnityColorMsg.cs: dee5fdaf0f0de34c3b8a304af96f20a0 -> c0b80ff3cf83e3d05b0ba4f2f77d5b19
  custom:scripting/monoscript/fileName/ObjectPoseServiceRequest.cs: e8340b02528bd576f46ab0e8d32803a5 -> ac96913d6908110a6abd1a7bba739457
  custom:video-decoder-ogg-theora: a1e56fd34408186e4bbccfd4996cb3dc -> 
  custom:scripting/monoscript/fileName/CartesianInputMover.cs: 6e481e4dc4a81911d4aac901246306ea -> 352cebde0451330d3418c9b8170d7770
  custom:scripting/monoscript/fileName/PositionServiceRequest.cs: 604b7350a1923a5a9bd709fbb0ec64de -> 1b5332691515ff45a4b7b160d7af40cc
  custom:CustomObjectIndexerAttribute: 232f87dd983dbecb2a4e21e08eb2cef8 -> 
  custom:container-demuxer-webm: 4f35f7cbe854078d1ac9338744f61a02 -> 
  custom:container-muxer-webm: aa71ff27fc2769a1b78a27578f13a17b -> 
  custom:scripting/monoscript/fileName/CustomIKController.cs: 4df3f7e13d73c56e2a7133001d6862b9 -> 68a62c82b227cef8c0cb62a145e583d8
  custom:video-decoder-webm-vp8: 9c59270c3fd7afecdb556c50c9e8de78 -> 
  custom:SearchIndexIgnoredProperties: e643bd26f0fe6173181afceb89e7c659 -> 
  custom:AudioImporter_EditorPlatform: 2f0ff77a95e0ac474e3e8eeba4e2f7cb -> 
  custom:scripting/monoscript/fileName/PositionServiceResponse.cs: eb8b35c8ccd425d6366d4a98c4e4b483 -> 14d8e1b7be2a90ffc11a47ff3676c47b
  custom:video-encoder-webm-vp8: eb34c28f22e8b96e1ab97ce403110664 -> 
  custom:audio-decoder-ogg-vorbis: bf7c407c2cedff20999df2af8eb42d56 -> 
  custom:scripting/monoscript/fileName/ObjectPoseServiceResponse.cs: 4835040a06592c037884d4ea1d5f8d63 -> 620467b7faa0547d7a2c3511e9703be2
  custom:scripting/monoscript/fileName/PosRotMsg.cs: abd368e715fc1c890b3798a7625cedb4 -> 37cbb950fd8d559e159b3f7c4a713652
  custom:audio-encoder-webm-vorbis: bf7c407c2cedff20999df2af8eb42d56 -> 
  custom:scripting/precompiled-assembly-types:Assembly-CSharp: c02ce6627e6b1d98d98e0d8dc1afacfc -> 8ca404f8a24693e23426b57e83396e6b
========================================================================
Received Prepare
Caller must complete domain reload
Begin MonoManager ReloadAssembly
- Loaded All Assemblies, in  0.535 seconds
Native extension for LinuxStandalone target not found
Native extension for Android target not found
[Package Manager] Server::EnsureServerProcessIsRunning -- launch failed, reason: Unity was launched with the -noUpm command-line argument
[Package Manager] UpmClient::Send -- Unable to send message (not connected to UPM process).
[Package Manager] Cannot connect to Unity Package Manager local server
Mono: successfully reloaded assembly
[Package Manager] Server::EnsureServerProcessIsRunning -- launch failed, reason: Unity was launched with the -noUpm command-line argument
[Package Manager] UpmClient::Send -- Unable to send message (not connected to UPM process).
[Package Manager] Cannot connect to Unity Package Manager local server
- Finished resetting the current domain, in  0.880 seconds
Domain Reload Profiling: 1415ms
	BeginReloadAssembly (169ms)
		ExecutionOrderSort (0ms)
		DisableScriptedObjects (7ms)
		BackupInstance (0ms)
		ReleaseScriptingObjects (0ms)
		CreateAndSetChildDomain (62ms)
	RebuildCommonClasses (39ms)
	RebuildNativeTypeToScriptingClass (12ms)
	initialDomainReloadingComplete (38ms)
	LoadAllAssembliesAndSetupDomain (276ms)
		LoadAssemblies (321ms)
		RebuildTransferFunctionScriptingTraits (0ms)
		AnalyzeDomain (18ms)
			TypeCache.Refresh (8ms)
				TypeCache.ScanAssembly (0ms)
			ScanForSourceGeneratedMonoScriptInfo (0ms)
			ResolveRequiredComponents (9ms)
	FinalizeReload (880ms)
		ReleaseScriptCaches (0ms)
		RebuildScriptCaches (0ms)
		SetupLoadedEditorAssemblies (527ms)
			LogAssemblyErrors (0ms)
			InitializePlatformSupportModulesInManaged (57ms)
			SetLoadedEditorAssemblies (6ms)
			RefreshPlugins (0ms)
			BeforeProcessingInitializeOnLoad (90ms)
			ProcessInitializeOnLoadAttributes (318ms)
			ProcessInitializeOnLoadMethodAttributes (51ms)
			AfterProcessingInitializeOnLoad (4ms)
			EditorAssembliesLoaded (0ms)
		ExecutionOrderSort2 (0ms)
		AwakeInstancesAfterBackupRestoration (7ms)
Refreshing native plugins compatible for Editor in 1.53 ms, found 2 plugins.
Preloading 0 native plugins for Editor in 0.00 ms.
Unloading 3926 Unused Serialized files (Serialized files now loaded: 0)
Unloading 16 unused Assets / (29.0 KB). Loaded Objects now: 4562.
Memory consumption went from 132.1 MB to 132.1 MB.
Total: 6.299781 ms (FindLiveObjects: 0.523237 ms CreateObjectMapping: 0.826893 ms MarkObjects: 4.850914 ms  DeleteObjects: 0.096306 ms)

Prepare: number of updated asset objects reloaded= 0
AssetImportParameters requested are different than current active one (requested -> active):
  custom:container-demuxer-ogg: 62fdf1f143b41e24485cea50d1cbac27 -> 
  custom:scripting/monoscript/fileName/JointStateSubscriber.cs: a16c1fe57f836fb4ab55d7fecb5b9d6e -> 4dedc4a66c6e67481e12c8a20eda7a17
  custom:scripting/monoscript/fileName/UnityColorMsg.cs: dee5fdaf0f0de34c3b8a304af96f20a0 -> c0b80ff3cf83e3d05b0ba4f2f77d5b19
  custom:scripting/monoscript/fileName/ObjectPoseServiceRequest.cs: e8340b02528bd576f46ab0e8d32803a5 -> ac96913d6908110a6abd1a7bba739457
  custom:video-decoder-ogg-theora: a1e56fd34408186e4bbccfd4996cb3dc -> 
  custom:scripting/monoscript/fileName/CartesianInputMover.cs: 6e481e4dc4a81911d4aac901246306ea -> 352cebde0451330d3418c9b8170d7770
  custom:scripting/monoscript/fileName/PositionServiceRequest.cs: 604b7350a1923a5a9bd709fbb0ec64de -> 1b5332691515ff45a4b7b160d7af40cc
  custom:CustomObjectIndexerAttribute: 232f87dd983dbecb2a4e21e08eb2cef8 -> 
  custom:container-demuxer-webm: 4f35f7cbe854078d1ac9338744f61a02 -> 
  custom:container-muxer-webm: aa71ff27fc2769a1b78a27578f13a17b -> 
  custom:scripting/monoscript/fileName/CustomIKController.cs: 4df3f7e13d73c56e2a7133001d6862b9 -> 68a62c82b227cef8c0cb62a145e583d8
  custom:video-decoder-webm-vp8: 9c59270c3fd7afecdb556c50c9e8de78 -> 
  custom:SearchIndexIgnoredProperties: e643bd26f0fe6173181afceb89e7c659 -> 
  custom:AudioImporter_EditorPlatform: 2f0ff77a95e0ac474e3e8eeba4e2f7cb -> 
  custom:scripting/monoscript/fileName/PositionServiceResponse.cs: eb8b35c8ccd425d6366d4a98c4e4b483 -> 14d8e1b7be2a90ffc11a47ff3676c47b
  custom:video-encoder-webm-vp8: eb34c28f22e8b96e1ab97ce403110664 -> 
  custom:audio-decoder-ogg-vorbis: bf7c407c2cedff20999df2af8eb42d56 -> 
  custom:scripting/monoscript/fileName/ObjectPoseServiceResponse.cs: 4835040a06592c037884d4ea1d5f8d63 -> 620467b7faa0547d7a2c3511e9703be2
  custom:scripting/monoscript/fileName/PosRotMsg.cs: abd368e715fc1c890b3798a7625cedb4 -> 37cbb950fd8d559e159b3f7c4a713652
  custom:audio-encoder-webm-vorbis: bf7c407c2cedff20999df2af8eb42d56 -> 
  custom:scripting/precompiled-assembly-types:Assembly-CSharp: c02ce6627e6b1d98d98e0d8dc1afacfc -> 8ca404f8a24693e23426b57e83396e6b
========================================================================
Received Prepare
Caller must complete domain reload
Begin MonoManager ReloadAssembly
- Loaded All Assemblies, in  0.497 seconds
Native extension for LinuxStandalone target not found
Native extension for Android target not found
[Package Manager] Server::EnsureServerProcessIsRunning -- launch failed, reason: Unity was launched with the -noUpm command-line argument
[Package Manager] UpmClient::Send -- Unable to send message (not connected to UPM process).
[Package Manager] Cannot connect to Unity Package Manager local server
Mono: successfully reloaded assembly
[Package Manager] Server::EnsureServerProcessIsRunning -- launch failed, reason: Unity was launched with the -noUpm command-line argument
[Package Manager] UpmClient::Send -- Unable to send message (not connected to UPM process).
[Package Manager] Cannot connect to Unity Package Manager local server
- Finished resetting the current domain, in  1.134 seconds
Domain Reload Profiling: 1631ms
	BeginReloadAssembly (167ms)
		ExecutionOrderSort (0ms)
		DisableScriptedObjects (5ms)
		BackupInstance (0ms)
		ReleaseScriptingObjects (0ms)
		CreateAndSetChildDomain (51ms)
	RebuildCommonClasses (51ms)
	RebuildNativeTypeToScriptingClass (13ms)
	initialDomainReloadingComplete (33ms)
	LoadAllAssembliesAndSetupDomain (232ms)
		LoadAssemblies (294ms)
		RebuildTransferFunctionScriptingTraits (0ms)
		AnalyzeDomain (17ms)
			TypeCache.Refresh (7ms)
				TypeCache.ScanAssembly (0ms)
			ScanForSourceGeneratedMonoScriptInfo (0ms)
			ResolveRequiredComponents (8ms)
	FinalizeReload (1135ms)
		ReleaseScriptCaches (0ms)
		RebuildScriptCaches (0ms)
		SetupLoadedEditorAssemblies (671ms)
			LogAssemblyErrors (0ms)
			InitializePlatformSupportModulesInManaged (66ms)
			SetLoadedEditorAssemblies (6ms)
			RefreshPlugins (0ms)
			BeforeProcessingInitializeOnLoad (93ms)
			ProcessInitializeOnLoadAttributes (428ms)
			ProcessInitializeOnLoadMethodAttributes (70ms)
			AfterProcessingInitializeOnLoad (8ms)
			EditorAssembliesLoaded (1ms)
		ExecutionOrderSort2 (0ms)
		AwakeInstancesAfterBackupRestoration (8ms)
Refreshing native plugins compatible for Editor in 1.48 ms, found 2 plugins.
Preloading 0 native plugins for Editor in 0.00 ms.
Unloading 3926 Unused Serialized files (Serialized files now loaded: 0)
Unloading 16 unused Assets / (29.0 KB). Loaded Objects now: 4566.
Memory consumption went from 132.1 MB to 132.1 MB.
Total: 4.743780 ms (FindLiveObjects: 0.280099 ms CreateObjectMapping: 0.120564 ms MarkObjects: 4.244517 ms  DeleteObjects: 0.096135 ms)

Prepare: number of updated asset objects reloaded= 0
AssetImportParameters requested are different than current active one (requested -> active):
  custom:container-demuxer-ogg: 62fdf1f143b41e24485cea50d1cbac27 -> 
  custom:scripting/monoscript/fileName/JointStateSubscriber.cs: a16c1fe57f836fb4ab55d7fecb5b9d6e -> 4dedc4a66c6e67481e12c8a20eda7a17
  custom:scripting/monoscript/fileName/UnityColorMsg.cs: dee5fdaf0f0de34c3b8a304af96f20a0 -> c0b80ff3cf83e3d05b0ba4f2f77d5b19
  custom:scripting/monoscript/fileName/ObjectPoseServiceRequest.cs: e8340b02528bd576f46ab0e8d32803a5 -> ac96913d6908110a6abd1a7bba739457
  custom:video-decoder-ogg-theora: a1e56fd34408186e4bbccfd4996cb3dc -> 
  custom:scripting/monoscript/fileName/CartesianInputMover.cs: 6e481e4dc4a81911d4aac901246306ea -> 352cebde0451330d3418c9b8170d7770
  custom:scripting/monoscript/fileName/PositionServiceRequest.cs: 604b7350a1923a5a9bd709fbb0ec64de -> 1b5332691515ff45a4b7b160d7af40cc
  custom:CustomObjectIndexerAttribute: 232f87dd983dbecb2a4e21e08eb2cef8 -> 
  custom:container-demuxer-webm: 4f35f7cbe854078d1ac9338744f61a02 -> 
  custom:container-muxer-webm: aa71ff27fc2769a1b78a27578f13a17b -> 
  custom:scripting/monoscript/fileName/CustomIKController.cs: 4df3f7e13d73c56e2a7133001d6862b9 -> 68a62c82b227cef8c0cb62a145e583d8
  custom:video-decoder-webm-vp8: 9c59270c3fd7afecdb556c50c9e8de78 -> 
  custom:SearchIndexIgnoredProperties: e643bd26f0fe6173181afceb89e7c659 -> 
  custom:AudioImporter_EditorPlatform: 2f0ff77a95e0ac474e3e8eeba4e2f7cb -> 
  custom:scripting/monoscript/fileName/PositionServiceResponse.cs: eb8b35c8ccd425d6366d4a98c4e4b483 -> 14d8e1b7be2a90ffc11a47ff3676c47b
  custom:video-encoder-webm-vp8: eb34c28f22e8b96e1ab97ce403110664 -> 
  custom:audio-decoder-ogg-vorbis: bf7c407c2cedff20999df2af8eb42d56 -> 
  custom:scripting/monoscript/fileName/ObjectPoseServiceResponse.cs: 4835040a06592c037884d4ea1d5f8d63 -> 620467b7faa0547d7a2c3511e9703be2
  custom:scripting/monoscript/fileName/PosRotMsg.cs: abd368e715fc1c890b3798a7625cedb4 -> 37cbb950fd8d559e159b3f7c4a713652
  custom:audio-encoder-webm-vorbis: bf7c407c2cedff20999df2af8eb42d56 -> 
  custom:scripting/precompiled-assembly-types:Assembly-CSharp: c02ce6627e6b1d98d98e0d8dc1afacfc -> 8ca404f8a24693e23426b57e83396e6b
========================================================================
Received Prepare
Caller must complete domain reload
Begin MonoManager ReloadAssembly
- Loaded All Assemblies, in  0.380 seconds
Native extension for LinuxStandalone target not found
Native extension for Android target not found
[Package Manager] Server::EnsureServerProcessIsRunning -- launch failed, reason: Unity was launched with the -noUpm command-line argument
[Package Manager] UpmClient::Send -- Unable to send message (not connected to UPM process).
[Package Manager] Cannot connect to Unity Package Manager local server
Mono: successfully reloaded assembly
[Package Manager] Server::EnsureServerProcessIsRunning -- launch failed, reason: Unity was launched with the -noUpm command-line argument
[Package Manager] UpmClient::Send -- Unable to send message (not connected to UPM process).
[Package Manager] Cannot connect to Unity Package Manager local server
- Finished resetting the current domain, in  0.707 seconds
Domain Reload Profiling: 1087ms
	BeginReloadAssembly (111ms)
		ExecutionOrderSort (0ms)
		DisableScriptedObjects (4ms)
		BackupInstance (0ms)
		ReleaseScriptingObjects (0ms)
		CreateAndSetChildDomain (39ms)
	RebuildCommonClasses (26ms)
	RebuildNativeTypeToScriptingClass (5ms)
	initialDomainReloadingComplete (20ms)
	LoadAllAssembliesAndSetupDomain (217ms)
		LoadAssemblies (238ms)
		RebuildTransferFunctionScriptingTraits (0ms)
		AnalyzeDomain (20ms)
			TypeCache.Refresh (9ms)
				TypeCache.ScanAssembly (0ms)
			ScanForSourceGeneratedMonoScriptInfo (0ms)
			ResolveRequiredComponents (8ms)
	FinalizeReload (708ms)
		ReleaseScriptCaches (0ms)
		RebuildScriptCaches (0ms)
		SetupLoadedEditorAssemblies (385ms)
			LogAssemblyErrors (0ms)
			InitializePlatformSupportModulesInManaged (43ms)
			SetLoadedEditorAssemblies (4ms)
			RefreshPlugins (0ms)
			BeforeProcessingInitializeOnLoad (65ms)
			ProcessInitializeOnLoadAttributes (232ms)
			ProcessInitializeOnLoadMethodAttributes (38ms)
			AfterProcessingInitializeOnLoad (3ms)
			EditorAssembliesLoaded (0ms)
		ExecutionOrderSort2 (0ms)
		AwakeInstancesAfterBackupRestoration (5ms)
Refreshing native plugins compatible for Editor in 0.91 ms, found 2 plugins.
Preloading 0 native plugins for Editor in 0.00 ms.
Unloading 3926 Unused Serialized files (Serialized files now loaded: 0)
Unloading 16 unused Assets / (29.0 KB). Loaded Objects now: 4570.
Memory consumption went from 132.1 MB to 132.1 MB.
Total: 4.000473 ms (FindLiveObjects: 0.449512 ms CreateObjectMapping: 0.220292 ms MarkObjects: 3.272455 ms  DeleteObjects: 0.056924 ms)

Prepare: number of updated asset objects reloaded= 0
AssetImportParameters requested are different than current active one (requested -> active):
  custom:container-demuxer-ogg: 62fdf1f143b41e24485cea50d1cbac27 -> 
  custom:scripting/monoscript/fileName/JointStateSubscriber.cs: a16c1fe57f836fb4ab55d7fecb5b9d6e -> 4dedc4a66c6e67481e12c8a20eda7a17
  custom:scripting/monoscript/fileName/UnityColorMsg.cs: dee5fdaf0f0de34c3b8a304af96f20a0 -> c0b80ff3cf83e3d05b0ba4f2f77d5b19
  custom:scripting/monoscript/fileName/ObjectPoseServiceRequest.cs: e8340b02528bd576f46ab0e8d32803a5 -> ac96913d6908110a6abd1a7bba739457
  custom:video-decoder-ogg-theora: a1e56fd34408186e4bbccfd4996cb3dc -> 
  custom:scripting/monoscript/fileName/CartesianInputMover.cs: 6e481e4dc4a81911d4aac901246306ea -> 352cebde0451330d3418c9b8170d7770
  custom:scripting/monoscript/fileName/PositionServiceRequest.cs: 604b7350a1923a5a9bd709fbb0ec64de -> 1b5332691515ff45a4b7b160d7af40cc
  custom:CustomObjectIndexerAttribute: 232f87dd983dbecb2a4e21e08eb2cef8 -> 
  custom:container-demuxer-webm: 4f35f7cbe854078d1ac9338744f61a02 -> 
  custom:container-muxer-webm: aa71ff27fc2769a1b78a27578f13a17b -> 
  custom:scripting/monoscript/fileName/CustomIKController.cs: 4df3f7e13d73c56e2a7133001d6862b9 -> 68a62c82b227cef8c0cb62a145e583d8
  custom:video-decoder-webm-vp8: 9c59270c3fd7afecdb556c50c9e8de78 -> 
  custom:SearchIndexIgnoredProperties: e643bd26f0fe6173181afceb89e7c659 -> 
  custom:AudioImporter_EditorPlatform: 2f0ff77a95e0ac474e3e8eeba4e2f7cb -> 
  custom:scripting/monoscript/fileName/PositionServiceResponse.cs: eb8b35c8ccd425d6366d4a98c4e4b483 -> 14d8e1b7be2a90ffc11a47ff3676c47b
  custom:video-encoder-webm-vp8: eb34c28f22e8b96e1ab97ce403110664 -> 
  custom:audio-decoder-ogg-vorbis: bf7c407c2cedff20999df2af8eb42d56 -> 
  custom:scripting/monoscript/fileName/ObjectPoseServiceResponse.cs: 4835040a06592c037884d4ea1d5f8d63 -> 620467b7faa0547d7a2c3511e9703be2
  custom:scripting/monoscript/fileName/PosRotMsg.cs: abd368e715fc1c890b3798a7625cedb4 -> 37cbb950fd8d559e159b3f7c4a713652
  custom:audio-encoder-webm-vorbis: bf7c407c2cedff20999df2af8eb42d56 -> 
  custom:scripting/precompiled-assembly-types:Assembly-CSharp: c02ce6627e6b1d98d98e0d8dc1afacfc -> 8ca404f8a24693e23426b57e83396e6b
========================================================================
Received Prepare
Caller must complete domain reload
Begin MonoManager ReloadAssembly
- Loaded All Assemblies, in  0.378 seconds
Native extension for LinuxStandalone target not found
Native extension for Android target not found
[Package Manager] Server::EnsureServerProcessIsRunning -- launch failed, reason: Unity was launched with the -noUpm command-line argument
[Package Manager] UpmClient::Send -- Unable to send message (not connected to UPM process).
[Package Manager] Cannot connect to Unity Package Manager local server
Mono: successfully reloaded assembly
[Package Manager] Server::EnsureServerProcessIsRunning -- launch failed, reason: Unity was launched with the -noUpm command-line argument
[Package Manager] UpmClient::Send -- Unable to send message (not connected to UPM process).
[Package Manager] Cannot connect to Unity Package Manager local server
- Finished resetting the current domain, in  0.609 seconds
Domain Reload Profiling: 986ms
	BeginReloadAssembly (115ms)
		ExecutionOrderSort (0ms)
		DisableScriptedObjects (3ms)
		BackupInstance (0ms)
		ReleaseScriptingObjects (0ms)
		CreateAndSetChildDomain (40ms)
	RebuildCommonClasses (26ms)
	RebuildNativeTypeToScriptingClass (5ms)
	initialDomainReloadingComplete (21ms)
	LoadAllAssembliesAndSetupDomain (209ms)
		LoadAssemblies (225ms)
		RebuildTransferFunctionScriptingTraits (0ms)
		AnalyzeDomain (27ms)
			TypeCache.Refresh (10ms)
				TypeCache.ScanAssembly (0ms)
			ScanForSourceGeneratedMonoScriptInfo (9ms)
			ResolveRequiredComponents (8ms)
	FinalizeReload (609ms)
		ReleaseScriptCaches (0ms)
		RebuildScriptCaches (0ms)
		SetupLoadedEditorAssemblies (329ms)
			LogAssemblyErrors (0ms)
			InitializePlatformSupportModulesInManaged (37ms)
			SetLoadedEditorAssemblies (4ms)
			RefreshPlugins (0ms)
			BeforeProcessingInitializeOnLoad (52ms)
			ProcessInitializeOnLoadAttributes (204ms)
			ProcessInitializeOnLoadMethodAttributes (29ms)
			AfterProcessingInitializeOnLoad (3ms)
			EditorAssembliesLoaded (0ms)
		ExecutionOrderSort2 (0ms)
		AwakeInstancesAfterBackupRestoration (4ms)
Refreshing native plugins compatible for Editor in 0.85 ms, found 2 plugins.
Preloading 0 native plugins for Editor in 0.00 ms.
Unloading 3926 Unused Serialized files (Serialized files now loaded: 0)
Unloading 16 unused Assets / (28.9 KB). Loaded Objects now: 4574.
Memory consumption went from 132.1 MB to 132.1 MB.
Total: 3.711252 ms (FindLiveObjects: 0.238103 ms CreateObjectMapping: 0.101354 ms MarkObjects: 3.295757 ms  DeleteObjects: 0.074675 ms)

Prepare: number of updated asset objects reloaded= 0
AssetImportParameters requested are different than current active one (requested -> active):
  custom:container-demuxer-ogg: 62fdf1f143b41e24485cea50d1cbac27 -> 
  custom:scripting/monoscript/fileName/JointStateSubscriber.cs: a16c1fe57f836fb4ab55d7fecb5b9d6e -> 4dedc4a66c6e67481e12c8a20eda7a17
  custom:scripting/monoscript/fileName/UnityColorMsg.cs: dee5fdaf0f0de34c3b8a304af96f20a0 -> c0b80ff3cf83e3d05b0ba4f2f77d5b19
  custom:scripting/monoscript/fileName/ObjectPoseServiceRequest.cs: e8340b02528bd576f46ab0e8d32803a5 -> ac96913d6908110a6abd1a7bba739457
  custom:video-decoder-ogg-theora: a1e56fd34408186e4bbccfd4996cb3dc -> 
  custom:scripting/monoscript/fileName/CartesianInputMover.cs: 6e481e4dc4a81911d4aac901246306ea -> 352cebde0451330d3418c9b8170d7770
  custom:scripting/monoscript/fileName/PositionServiceRequest.cs: 604b7350a1923a5a9bd709fbb0ec64de -> 1b5332691515ff45a4b7b160d7af40cc
  custom:CustomObjectIndexerAttribute: 232f87dd983dbecb2a4e21e08eb2cef8 -> 
  custom:container-demuxer-webm: 4f35f7cbe854078d1ac9338744f61a02 -> 
  custom:container-muxer-webm: aa71ff27fc2769a1b78a27578f13a17b -> 
  custom:scripting/monoscript/fileName/CustomIKController.cs: 4df3f7e13d73c56e2a7133001d6862b9 -> 68a62c82b227cef8c0cb62a145e583d8
  custom:video-decoder-webm-vp8: 9c59270c3fd7afecdb556c50c9e8de78 -> 
  custom:SearchIndexIgnoredProperties: e643bd26f0fe6173181afceb89e7c659 -> 
  custom:AudioImporter_EditorPlatform: 2f0ff77a95e0ac474e3e8eeba4e2f7cb -> 
  custom:scripting/monoscript/fileName/PositionServiceResponse.cs: eb8b35c8ccd425d6366d4a98c4e4b483 -> 14d8e1b7be2a90ffc11a47ff3676c47b
  custom:video-encoder-webm-vp8: eb34c28f22e8b96e1ab97ce403110664 -> 
  custom:audio-decoder-ogg-vorbis: bf7c407c2cedff20999df2af8eb42d56 -> 
  custom:scripting/monoscript/fileName/ObjectPoseServiceResponse.cs: 4835040a06592c037884d4ea1d5f8d63 -> 620467b7faa0547d7a2c3511e9703be2
  custom:scripting/monoscript/fileName/PosRotMsg.cs: abd368e715fc1c890b3798a7625cedb4 -> 37cbb950fd8d559e159b3f7c4a713652
  custom:audio-encoder-webm-vorbis: bf7c407c2cedff20999df2af8eb42d56 -> 
  custom:scripting/precompiled-assembly-types:Assembly-CSharp: c02ce6627e6b1d98d98e0d8dc1afacfc -> 8ca404f8a24693e23426b57e83396e6b
========================================================================
Received Prepare
Caller must complete domain reload
Begin MonoManager ReloadAssembly
- Loaded All Assemblies, in  0.348 seconds
Native extension for LinuxStandalone target not found
Native extension for Android target not found
[Package Manager] Server::EnsureServerProcessIsRunning -- launch failed, reason: Unity was launched with the -noUpm command-line argument
[Package Manager] UpmClient::Send -- Unable to send message (not connected to UPM process).
[Package Manager] Cannot connect to Unity Package Manager local server
Mono: successfully reloaded assembly
[Package Manager] Server::EnsureServerProcessIsRunning -- launch failed, reason: Unity was launched with the -noUpm command-line argument
[Package Manager] UpmClient::Send -- Unable to send message (not connected to UPM process).
[Package Manager] Cannot connect to Unity Package Manager local server
- Finished resetting the current domain, in  0.656 seconds
Domain Reload Profiling: 1004ms
	BeginReloadAssembly (123ms)
		ExecutionOrderSort (0ms)
		DisableScriptedObjects (5ms)
		BackupInstance (0ms)
		ReleaseScriptingObjects (0ms)
		CreateAndSetChildDomain (36ms)
	RebuildCommonClasses (25ms)
	RebuildNativeTypeToScriptingClass (5ms)
	initialDomainReloadingComplete (22ms)
	LoadAllAssembliesAndSetupDomain (172ms)
		LoadAssemblies (209ms)
		RebuildTransferFunctionScriptingTraits (0ms)
		AnalyzeDomain (13ms)
			TypeCache.Refresh (6ms)
				TypeCache.ScanAssembly (0ms)
			ScanForSourceGeneratedMonoScriptInfo (0ms)
			ResolveRequiredComponents (6ms)
	FinalizeReload (656ms)
		ReleaseScriptCaches (0ms)
		RebuildScriptCaches (0ms)
		SetupLoadedEditorAssemblies (360ms)
			LogAssemblyErrors (0ms)
			InitializePlatformSupportModulesInManaged (48ms)
			SetLoadedEditorAssemblies (4ms)
			RefreshPlugins (0ms)
			BeforeProcessingInitializeOnLoad (53ms)
			ProcessInitializeOnLoadAttributes (220ms)
			ProcessInitializeOnLoadMethodAttributes (33ms)
			AfterProcessingInitializeOnLoad (3ms)
			EditorAssembliesLoaded (0ms)
		ExecutionOrderSort2 (0ms)
		AwakeInstancesAfterBackupRestoration (4ms)
Refreshing native plugins compatible for Editor in 0.90 ms, found 2 plugins.
Preloading 0 native plugins for Editor in 0.00 ms.
Unloading 3926 Unused Serialized files (Serialized files now loaded: 0)
Unloading 16 unused Assets / (29.0 KB). Loaded Objects now: 4578.
Memory consumption went from 132.1 MB to 132.1 MB.
Total: 4.885815 ms (FindLiveObjects: 0.546566 ms CreateObjectMapping: 0.222547 ms MarkObjects: 4.046754 ms  DeleteObjects: 0.067341 ms)

Prepare: number of updated asset objects reloaded= 0
AssetImportParameters requested are different than current active one (requested -> active):
  custom:container-demuxer-ogg: 62fdf1f143b41e24485cea50d1cbac27 -> 
  custom:scripting/monoscript/fileName/JointStateSubscriber.cs: a16c1fe57f836fb4ab55d7fecb5b9d6e -> 4dedc4a66c6e67481e12c8a20eda7a17
  custom:scripting/monoscript/fileName/UnityColorMsg.cs: dee5fdaf0f0de34c3b8a304af96f20a0 -> c0b80ff3cf83e3d05b0ba4f2f77d5b19
  custom:scripting/monoscript/fileName/ObjectPoseServiceRequest.cs: e8340b02528bd576f46ab0e8d32803a5 -> ac96913d6908110a6abd1a7bba739457
  custom:video-decoder-ogg-theora: a1e56fd34408186e4bbccfd4996cb3dc -> 
  custom:scripting/monoscript/fileName/CartesianInputMover.cs: 6e481e4dc4a81911d4aac901246306ea -> 352cebde0451330d3418c9b8170d7770
  custom:scripting/monoscript/fileName/PositionServiceRequest.cs: 604b7350a1923a5a9bd709fbb0ec64de -> 1b5332691515ff45a4b7b160d7af40cc
  custom:CustomObjectIndexerAttribute: 232f87dd983dbecb2a4e21e08eb2cef8 -> 
  custom:container-demuxer-webm: 4f35f7cbe854078d1ac9338744f61a02 -> 
  custom:container-muxer-webm: aa71ff27fc2769a1b78a27578f13a17b -> 
  custom:scripting/monoscript/fileName/CustomIKController.cs: 4df3f7e13d73c56e2a7133001d6862b9 -> 68a62c82b227cef8c0cb62a145e583d8
  custom:video-decoder-webm-vp8: 9c59270c3fd7afecdb556c50c9e8de78 -> 
  custom:SearchIndexIgnoredProperties: e643bd26f0fe6173181afceb89e7c659 -> 
  custom:AudioImporter_EditorPlatform: 2f0ff77a95e0ac474e3e8eeba4e2f7cb -> 
  custom:scripting/monoscript/fileName/PositionServiceResponse.cs: eb8b35c8ccd425d6366d4a98c4e4b483 -> 14d8e1b7be2a90ffc11a47ff3676c47b
  custom:video-encoder-webm-vp8: eb34c28f22e8b96e1ab97ce403110664 -> 
  custom:audio-decoder-ogg-vorbis: bf7c407c2cedff20999df2af8eb42d56 -> 
  custom:scripting/monoscript/fileName/ObjectPoseServiceResponse.cs: 4835040a06592c037884d4ea1d5f8d63 -> 620467b7faa0547d7a2c3511e9703be2
  custom:scripting/monoscript/fileName/PosRotMsg.cs: abd368e715fc1c890b3798a7625cedb4 -> 37cbb950fd8d559e159b3f7c4a713652
  custom:audio-encoder-webm-vorbis: bf7c407c2cedff20999df2af8eb42d56 -> 
  custom:scripting/precompiled-assembly-types:Assembly-CSharp: c02ce6627e6b1d98d98e0d8dc1afacfc -> 8ca404f8a24693e23426b57e83396e6b
========================================================================
Received Prepare
Caller must complete domain reload
Begin MonoManager ReloadAssembly
- Loaded All Assemblies, in  0.402 seconds
Native extension for LinuxStandalone target not found
Native extension for Android target not found
[Package Manager] Server::EnsureServerProcessIsRunning -- launch failed, reason: Unity was launched with the -noUpm command-line argument
[Package Manager] UpmClient::Send -- Unable to send message (not connected to UPM process).
[Package Manager] Cannot connect to Unity Package Manager local server
Mono: successfully reloaded assembly
[Package Manager] Server::EnsureServerProcessIsRunning -- launch failed, reason: Unity was launched with the -noUpm command-line argument
[Package Manager] UpmClient::Send -- Unable to send message (not connected to UPM process).
[Package Manager] Cannot connect to Unity Package Manager local server
- Finished resetting the current domain, in  0.620 seconds
Domain Reload Profiling: 1023ms
	BeginReloadAssembly (110ms)
		ExecutionOrderSort (0ms)
		DisableScriptedObjects (4ms)
		BackupInstance (0ms)
		ReleaseScriptingObjects (0ms)
		CreateAndSetChildDomain (36ms)
	RebuildCommonClasses (25ms)
	RebuildNativeTypeToScriptingClass (6ms)
	initialDomainReloadingComplete (22ms)
	LoadAllAssembliesAndSetupDomain (239ms)
		LoadAssemblies (264ms)
		RebuildTransferFunctionScriptingTraits (0ms)
		AnalyzeDomain (18ms)
			TypeCache.Refresh (8ms)
				TypeCache.ScanAssembly (0ms)
			ScanForSourceGeneratedMonoScriptInfo (0ms)
			ResolveRequiredComponents (8ms)
	FinalizeReload (621ms)
		ReleaseScriptCaches (0ms)
		RebuildScriptCaches (0ms)
		SetupLoadedEditorAssemblies (369ms)
			LogAssemblyErrors (0ms)
			InitializePlatformSupportModulesInManaged (40ms)
			SetLoadedEditorAssemblies (4ms)
			RefreshPlugins (0ms)
			BeforeProcessingInitializeOnLoad (56ms)
			ProcessInitializeOnLoadAttributes (232ms)
			ProcessInitializeOnLoadMethodAttributes (34ms)
			AfterProcessingInitializeOnLoad (3ms)
			EditorAssembliesLoaded (0ms)
		ExecutionOrderSort2 (0ms)
		AwakeInstancesAfterBackupRestoration (5ms)
Refreshing native plugins compatible for Editor in 1.43 ms, found 2 plugins.
Preloading 0 native plugins for Editor in 0.00 ms.
Unloading 3926 Unused Serialized files (Serialized files now loaded: 0)
Unloading 16 unused Assets / (29.0 KB). Loaded Objects now: 4582.
Memory consumption went from 132.1 MB to 132.1 MB.
Total: 4.990361 ms (FindLiveObjects: 0.365222 ms CreateObjectMapping: 0.100696 ms MarkObjects: 4.440456 ms  DeleteObjects: 0.082196 ms)

Prepare: number of updated asset objects reloaded= 0
AssetImportParameters requested are different than current active one (requested -> active):
  custom:container-demuxer-ogg: 62fdf1f143b41e24485cea50d1cbac27 -> 
  custom:scripting/monoscript/fileName/JointStateSubscriber.cs: a16c1fe57f836fb4ab55d7fecb5b9d6e -> 4dedc4a66c6e67481e12c8a20eda7a17
  custom:scripting/monoscript/fileName/UnityColorMsg.cs: dee5fdaf0f0de34c3b8a304af96f20a0 -> c0b80ff3cf83e3d05b0ba4f2f77d5b19
  custom:scripting/monoscript/fileName/ObjectPoseServiceRequest.cs: e8340b02528bd576f46ab0e8d32803a5 -> ac96913d6908110a6abd1a7bba739457
  custom:video-decoder-ogg-theora: a1e56fd34408186e4bbccfd4996cb3dc -> 
  custom:scripting/monoscript/fileName/CartesianInputMover.cs: 6e481e4dc4a81911d4aac901246306ea -> 352cebde0451330d3418c9b8170d7770
  custom:scripting/monoscript/fileName/PositionServiceRequest.cs: 604b7350a1923a5a9bd709fbb0ec64de -> 1b5332691515ff45a4b7b160d7af40cc
  custom:CustomObjectIndexerAttribute: 232f87dd983dbecb2a4e21e08eb2cef8 -> 
  custom:container-demuxer-webm: 4f35f7cbe854078d1ac9338744f61a02 -> 
  custom:container-muxer-webm: aa71ff27fc2769a1b78a27578f13a17b -> 
  custom:scripting/monoscript/fileName/CustomIKController.cs: 4df3f7e13d73c56e2a7133001d6862b9 -> 68a62c82b227cef8c0cb62a145e583d8
  custom:video-decoder-webm-vp8: 9c59270c3fd7afecdb556c50c9e8de78 -> 
  custom:SearchIndexIgnoredProperties: e643bd26f0fe6173181afceb89e7c659 -> 
  custom:AudioImporter_EditorPlatform: 2f0ff77a95e0ac474e3e8eeba4e2f7cb -> 
  custom:scripting/monoscript/fileName/PositionServiceResponse.cs: eb8b35c8ccd425d6366d4a98c4e4b483 -> 14d8e1b7be2a90ffc11a47ff3676c47b
  custom:video-encoder-webm-vp8: eb34c28f22e8b96e1ab97ce403110664 -> 
  custom:audio-decoder-ogg-vorbis: bf7c407c2cedff20999df2af8eb42d56 -> 
  custom:scripting/monoscript/fileName/ObjectPoseServiceResponse.cs: 4835040a06592c037884d4ea1d5f8d63 -> 620467b7faa0547d7a2c3511e9703be2
  custom:scripting/monoscript/fileName/PosRotMsg.cs: abd368e715fc1c890b3798a7625cedb4 -> 37cbb950fd8d559e159b3f7c4a713652
  custom:audio-encoder-webm-vorbis: bf7c407c2cedff20999df2af8eb42d56 -> 
  custom:scripting/precompiled-assembly-types:Assembly-CSharp: c02ce6627e6b1d98d98e0d8dc1afacfc -> 8ca404f8a24693e23426b57e83396e6b
========================================================================
Received Prepare
Caller must complete domain reload
Begin MonoManager ReloadAssembly
- Loaded All Assemblies, in  0.382 seconds
Native extension for LinuxStandalone target not found
Native extension for Android target not found
[Package Manager] Server::EnsureServerProcessIsRunning -- launch failed, reason: Unity was launched with the -noUpm command-line argument
[Package Manager] UpmClient::Send -- Unable to send message (not connected to UPM process).
[Package Manager] Cannot connect to Unity Package Manager local server
Mono: successfully reloaded assembly
[Package Manager] Server::EnsureServerProcessIsRunning -- launch failed, reason: Unity was launched with the -noUpm command-line argument
[Package Manager] UpmClient::Send -- Unable to send message (not connected to UPM process).
[Package Manager] Cannot connect to Unity Package Manager local server
- Finished resetting the current domain, in  0.593 seconds
Domain Reload Profiling: 974ms
	BeginReloadAssembly (128ms)
		ExecutionOrderSort (0ms)
		DisableScriptedObjects (5ms)
		BackupInstance (0ms)
		ReleaseScriptingObjects (0ms)
		CreateAndSetChildDomain (41ms)
	RebuildCommonClasses (27ms)
	RebuildNativeTypeToScriptingClass (6ms)
	initialDomainReloadingComplete (22ms)
	LoadAllAssembliesAndSetupDomain (198ms)
		LoadAssemblies (233ms)
		RebuildTransferFunctionScriptingTraits (0ms)
		AnalyzeDomain (14ms)
			TypeCache.Refresh (6ms)
				TypeCache.ScanAssembly (0ms)
			ScanForSourceGeneratedMonoScriptInfo (0ms)
			ResolveRequiredComponents (6ms)
	FinalizeReload (593ms)
		ReleaseScriptCaches (0ms)
		RebuildScriptCaches (0ms)
		SetupLoadedEditorAssemblies (349ms)
			LogAssemblyErrors (0ms)
			InitializePlatformSupportModulesInManaged (38ms)
			SetLoadedEditorAssemblies (4ms)
			RefreshPlugins (0ms)
			BeforeProcessingInitializeOnLoad (48ms)
			ProcessInitializeOnLoadAttributes (223ms)
			ProcessInitializeOnLoadMethodAttributes (33ms)
			AfterProcessingInitializeOnLoad (3ms)
			EditorAssembliesLoaded (0ms)
		ExecutionOrderSort2 (0ms)
		AwakeInstancesAfterBackupRestoration (4ms)
Refreshing native plugins compatible for Editor in 1.78 ms, found 2 plugins.
Preloading 0 native plugins for Editor in 0.00 ms.
Unloading 3926 Unused Serialized files (Serialized files now loaded: 0)
Unloading 16 unused Assets / (29.0 KB). Loaded Objects now: 4586.
Memory consumption went from 132.1 MB to 132.1 MB.
Total: 5.121570 ms (FindLiveObjects: 0.469085 ms CreateObjectMapping: 0.146549 ms MarkObjects: 4.427479 ms  DeleteObjects: 0.076154 ms)

Prepare: number of updated asset objects reloaded= 0
AssetImportParameters requested are different than current active one (requested -> active):
  custom:container-demuxer-ogg: 62fdf1f143b41e24485cea50d1cbac27 -> 
  custom:scripting/monoscript/fileName/JointStateSubscriber.cs: a16c1fe57f836fb4ab55d7fecb5b9d6e -> 4dedc4a66c6e67481e12c8a20eda7a17
  custom:scripting/monoscript/fileName/UnityColorMsg.cs: dee5fdaf0f0de34c3b8a304af96f20a0 -> c0b80ff3cf83e3d05b0ba4f2f77d5b19
  custom:scripting/monoscript/fileName/ObjectPoseServiceRequest.cs: e8340b02528bd576f46ab0e8d32803a5 -> ac96913d6908110a6abd1a7bba739457
  custom:video-decoder-ogg-theora: a1e56fd34408186e4bbccfd4996cb3dc -> 
  custom:scripting/monoscript/fileName/CartesianInputMover.cs: 6e481e4dc4a81911d4aac901246306ea -> 352cebde0451330d3418c9b8170d7770
  custom:scripting/monoscript/fileName/PositionServiceRequest.cs: 604b7350a1923a5a9bd709fbb0ec64de -> 1b5332691515ff45a4b7b160d7af40cc
  custom:CustomObjectIndexerAttribute: 232f87dd983dbecb2a4e21e08eb2cef8 -> 
  custom:container-demuxer-webm: 4f35f7cbe854078d1ac9338744f61a02 -> 
  custom:container-muxer-webm: aa71ff27fc2769a1b78a27578f13a17b -> 
  custom:scripting/monoscript/fileName/CustomIKController.cs: 4df3f7e13d73c56e2a7133001d6862b9 -> 68a62c82b227cef8c0cb62a145e583d8
  custom:video-decoder-webm-vp8: 9c59270c3fd7afecdb556c50c9e8de78 -> 
  custom:SearchIndexIgnoredProperties: e643bd26f0fe6173181afceb89e7c659 -> 
  custom:AudioImporter_EditorPlatform: 2f0ff77a95e0ac474e3e8eeba4e2f7cb -> 
  custom:scripting/monoscript/fileName/PositionServiceResponse.cs: eb8b35c8ccd425d6366d4a98c4e4b483 -> 14d8e1b7be2a90ffc11a47ff3676c47b
  custom:video-encoder-webm-vp8: eb34c28f22e8b96e1ab97ce403110664 -> 
  custom:audio-decoder-ogg-vorbis: bf7c407c2cedff20999df2af8eb42d56 -> 
  custom:scripting/monoscript/fileName/ObjectPoseServiceResponse.cs: 4835040a06592c037884d4ea1d5f8d63 -> 620467b7faa0547d7a2c3511e9703be2
  custom:scripting/monoscript/fileName/PosRotMsg.cs: abd368e715fc1c890b3798a7625cedb4 -> 37cbb950fd8d559e159b3f7c4a713652
  custom:audio-encoder-webm-vorbis: bf7c407c2cedff20999df2af8eb42d56 -> 
  custom:scripting/precompiled-assembly-types:Assembly-CSharp: c02ce6627e6b1d98d98e0d8dc1afacfc -> 8ca404f8a24693e23426b57e83396e6b
========================================================================
Received Prepare
Caller must complete domain reload
Begin MonoManager ReloadAssembly
- Loaded All Assemblies, in  0.540 seconds
Native extension for LinuxStandalone target not found
Native extension for Android target not found
[Package Manager] Server::EnsureServerProcessIsRunning -- launch failed, reason: Unity was launched with the -noUpm command-line argument
[Package Manager] UpmClient::Send -- Unable to send message (not connected to UPM process).
[Package Manager] Cannot connect to Unity Package Manager local server
Mono: successfully reloaded assembly
[Package Manager] Server::EnsureServerProcessIsRunning -- launch failed, reason: Unity was launched with the -noUpm command-line argument
[Package Manager] UpmClient::Send -- Unable to send message (not connected to UPM process).
[Package Manager] Cannot connect to Unity Package Manager local server
- Finished resetting the current domain, in  1.065 seconds
Domain Reload Profiling: 1605ms
	BeginReloadAssembly (187ms)
		ExecutionOrderSort (0ms)
		DisableScriptedObjects (6ms)
		BackupInstance (0ms)
		ReleaseScriptingObjects (0ms)
		CreateAndSetChildDomain (60ms)
	RebuildCommonClasses (50ms)
	RebuildNativeTypeToScriptingClass (8ms)
	initialDomainReloadingComplete (35ms)
	LoadAllAssembliesAndSetupDomain (257ms)
		LoadAssemblies (326ms)
		RebuildTransferFunctionScriptingTraits (0ms)
		AnalyzeDomain (19ms)
			TypeCache.Refresh (8ms)
				TypeCache.ScanAssembly (0ms)
			ScanForSourceGeneratedMonoScriptInfo (0ms)
			ResolveRequiredComponents (9ms)
	FinalizeReload (1066ms)
		ReleaseScriptCaches (0ms)
		RebuildScriptCaches (0ms)
		SetupLoadedEditorAssemblies (669ms)
			LogAssemblyErrors (0ms)
			InitializePlatformSupportModulesInManaged (60ms)
			SetLoadedEditorAssemblies (5ms)
			RefreshPlugins (0ms)
			BeforeProcessingInitializeOnLoad (98ms)
			ProcessInitializeOnLoadAttributes (431ms)
			ProcessInitializeOnLoadMethodAttributes (67ms)
			AfterProcessingInitializeOnLoad (7ms)
			EditorAssembliesLoaded (0ms)
		ExecutionOrderSort2 (0ms)
		AwakeInstancesAfterBackupRestoration (8ms)
Refreshing native plugins compatible for Editor in 2.40 ms, found 2 plugins.
Preloading 0 native plugins for Editor in 0.00 ms.
Unloading 3926 Unused Serialized files (Serialized files now loaded: 0)
Unloading 16 unused Assets / (29.0 KB). Loaded Objects now: 4590.
Memory consumption went from 132.1 MB to 132.1 MB.
Total: 5.447189 ms (FindLiveObjects: 0.434442 ms CreateObjectMapping: 0.232719 ms MarkObjects: 4.682287 ms  DeleteObjects: 0.094999 ms)

Prepare: number of updated asset objects reloaded= 0
AssetImportParameters requested are different than current active one (requested -> active):
  custom:container-demuxer-ogg: 62fdf1f143b41e24485cea50d1cbac27 -> 
  custom:scripting/monoscript/fileName/JointStateSubscriber.cs: a16c1fe57f836fb4ab55d7fecb5b9d6e -> 4dedc4a66c6e67481e12c8a20eda7a17
  custom:scripting/monoscript/fileName/UnityColorMsg.cs: dee5fdaf0f0de34c3b8a304af96f20a0 -> c0b80ff3cf83e3d05b0ba4f2f77d5b19
  custom:scripting/monoscript/fileName/ObjectPoseServiceRequest.cs: e8340b02528bd576f46ab0e8d32803a5 -> ac96913d6908110a6abd1a7bba739457
  custom:video-decoder-ogg-theora: a1e56fd34408186e4bbccfd4996cb3dc -> 
  custom:scripting/monoscript/fileName/CartesianInputMover.cs: 6e481e4dc4a81911d4aac901246306ea -> 352cebde0451330d3418c9b8170d7770
  custom:scripting/monoscript/fileName/PositionServiceRequest.cs: 604b7350a1923a5a9bd709fbb0ec64de -> 1b5332691515ff45a4b7b160d7af40cc
  custom:CustomObjectIndexerAttribute: 232f87dd983dbecb2a4e21e08eb2cef8 -> 
  custom:container-demuxer-webm: 4f35f7cbe854078d1ac9338744f61a02 -> 
  custom:container-muxer-webm: aa71ff27fc2769a1b78a27578f13a17b -> 
  custom:scripting/monoscript/fileName/CustomIKController.cs: 4df3f7e13d73c56e2a7133001d6862b9 -> 68a62c82b227cef8c0cb62a145e583d8
  custom:video-decoder-webm-vp8: 9c59270c3fd7afecdb556c50c9e8de78 -> 
  custom:SearchIndexIgnoredProperties: e643bd26f0fe6173181afceb89e7c659 -> 
  custom:AudioImporter_EditorPlatform: 2f0ff77a95e0ac474e3e8eeba4e2f7cb -> 
  custom:scripting/monoscript/fileName/PositionServiceResponse.cs: eb8b35c8ccd425d6366d4a98c4e4b483 -> 14d8e1b7be2a90ffc11a47ff3676c47b
  custom:video-encoder-webm-vp8: eb34c28f22e8b96e1ab97ce403110664 -> 
  custom:audio-decoder-ogg-vorbis: bf7c407c2cedff20999df2af8eb42d56 -> 
  custom:scripting/monoscript/fileName/ObjectPoseServiceResponse.cs: 4835040a06592c037884d4ea1d5f8d63 -> 620467b7faa0547d7a2c3511e9703be2
  custom:scripting/monoscript/fileName/PosRotMsg.cs: abd368e715fc1c890b3798a7625cedb4 -> 37cbb950fd8d559e159b3f7c4a713652
  custom:audio-encoder-webm-vorbis: bf7c407c2cedff20999df2af8eb42d56 -> 
  custom:scripting/precompiled-assembly-types:Assembly-CSharp: c02ce6627e6b1d98d98e0d8dc1afacfc -> 8ca404f8a24693e23426b57e83396e6b
========================================================================
Received Prepare
Caller must complete domain reload
Begin MonoManager ReloadAssembly
- Loaded All Assemblies, in  0.377 seconds
Native extension for LinuxStandalone target not found
Native extension for Android target not found
[Package Manager] Server::EnsureServerProcessIsRunning -- launch failed, reason: Unity was launched with the -noUpm command-line argument
[Package Manager] UpmClient::Send -- Unable to send message (not connected to UPM process).
[Package Manager] Cannot connect to Unity Package Manager local server
Mono: successfully reloaded assembly
[Package Manager] Server::EnsureServerProcessIsRunning -- launch failed, reason: Unity was launched with the -noUpm command-line argument
[Package Manager] UpmClient::Send -- Unable to send message (not connected to UPM process).
[Package Manager] Cannot connect to Unity Package Manager local server
- Finished resetting the current domain, in  0.765 seconds
Domain Reload Profiling: 1143ms
	BeginReloadAssembly (121ms)
		ExecutionOrderSort (0ms)
		DisableScriptedObjects (4ms)
		BackupInstance (0ms)
		ReleaseScriptingObjects (0ms)
		CreateAndSetChildDomain (39ms)
	RebuildCommonClasses (27ms)
	RebuildNativeTypeToScriptingClass (7ms)
	initialDomainReloadingComplete (22ms)
	LoadAllAssembliesAndSetupDomain (200ms)
		LoadAssemblies (228ms)
		RebuildTransferFunctionScriptingTraits (0ms)
		AnalyzeDomain (22ms)
			TypeCache.Refresh (9ms)
				TypeCache.ScanAssembly (0ms)
			ScanForSourceGeneratedMonoScriptInfo (0ms)
			ResolveRequiredComponents (11ms)
	FinalizeReload (766ms)
		ReleaseScriptCaches (0ms)
		RebuildScriptCaches (0ms)
		SetupLoadedEditorAssemblies (401ms)
			LogAssemblyErrors (0ms)
			InitializePlatformSupportModulesInManaged (42ms)
			SetLoadedEditorAssemblies (3ms)
			RefreshPlugins (0ms)
			BeforeProcessingInitializeOnLoad (47ms)
			ProcessInitializeOnLoadAttributes (271ms)
			ProcessInitializeOnLoadMethodAttributes (35ms)
			AfterProcessingInitializeOnLoad (3ms)
			EditorAssembliesLoaded (0ms)
		ExecutionOrderSort2 (0ms)
		AwakeInstancesAfterBackupRestoration (4ms)
Refreshing native plugins compatible for Editor in 0.93 ms, found 2 plugins.
Preloading 0 native plugins for Editor in 0.00 ms.
Unloading 3926 Unused Serialized files (Serialized files now loaded: 0)
Unloading 16 unused Assets / (29.0 KB). Loaded Objects now: 4594.
Memory consumption went from 132.1 MB to 132.1 MB.
Total: 4.407113 ms (FindLiveObjects: 0.360260 ms CreateObjectMapping: 0.151482 ms MarkObjects: 3.808843 ms  DeleteObjects: 0.078692 ms)

Prepare: number of updated asset objects reloaded= 0
AssetImportParameters requested are different than current active one (requested -> active):
  custom:container-demuxer-ogg: 62fdf1f143b41e24485cea50d1cbac27 -> 
  custom:scripting/monoscript/fileName/JointStateSubscriber.cs: a16c1fe57f836fb4ab55d7fecb5b9d6e -> 4dedc4a66c6e67481e12c8a20eda7a17
  custom:scripting/monoscript/fileName/UnityColorMsg.cs: dee5fdaf0f0de34c3b8a304af96f20a0 -> c0b80ff3cf83e3d05b0ba4f2f77d5b19
  custom:scripting/monoscript/fileName/ObjectPoseServiceRequest.cs: e8340b02528bd576f46ab0e8d32803a5 -> ac96913d6908110a6abd1a7bba739457
  custom:video-decoder-ogg-theora: a1e56fd34408186e4bbccfd4996cb3dc -> 
  custom:scripting/monoscript/fileName/CartesianInputMover.cs: 6e481e4dc4a81911d4aac901246306ea -> 352cebde0451330d3418c9b8170d7770
  custom:scripting/monoscript/fileName/PositionServiceRequest.cs: 604b7350a1923a5a9bd709fbb0ec64de -> 1b5332691515ff45a4b7b160d7af40cc
  custom:CustomObjectIndexerAttribute: 232f87dd983dbecb2a4e21e08eb2cef8 -> 
  custom:container-demuxer-webm: 4f35f7cbe854078d1ac9338744f61a02 -> 
  custom:container-muxer-webm: aa71ff27fc2769a1b78a27578f13a17b -> 
  custom:scripting/monoscript/fileName/CustomIKController.cs: 4df3f7e13d73c56e2a7133001d6862b9 -> 68a62c82b227cef8c0cb62a145e583d8
  custom:video-decoder-webm-vp8: 9c59270c3fd7afecdb556c50c9e8de78 -> 
  custom:SearchIndexIgnoredProperties: e643bd26f0fe6173181afceb89e7c659 -> 
  custom:AudioImporter_EditorPlatform: 2f0ff77a95e0ac474e3e8eeba4e2f7cb -> 
  custom:scripting/monoscript/fileName/PositionServiceResponse.cs: eb8b35c8ccd425d6366d4a98c4e4b483 -> 14d8e1b7be2a90ffc11a47ff3676c47b
  custom:video-encoder-webm-vp8: eb34c28f22e8b96e1ab97ce403110664 -> 
  custom:audio-decoder-ogg-vorbis: bf7c407c2cedff20999df2af8eb42d56 -> 
  custom:scripting/monoscript/fileName/ObjectPoseServiceResponse.cs: 4835040a06592c037884d4ea1d5f8d63 -> 620467b7faa0547d7a2c3511e9703be2
  custom:scripting/monoscript/fileName/PosRotMsg.cs: abd368e715fc1c890b3798a7625cedb4 -> 37cbb950fd8d559e159b3f7c4a713652
  custom:audio-encoder-webm-vorbis: bf7c407c2cedff20999df2af8eb42d56 -> 
  custom:scripting/precompiled-assembly-types:Assembly-CSharp: c02ce6627e6b1d98d98e0d8dc1afacfc -> 8ca404f8a24693e23426b57e83396e6b
========================================================================
Received Prepare
Caller must complete domain reload
Begin MonoManager ReloadAssembly
- Loaded All Assemblies, in  0.408 seconds
Native extension for LinuxStandalone target not found
Native extension for Android target not found
[Package Manager] Server::EnsureServerProcessIsRunning -- launch failed, reason: Unity was launched with the -noUpm command-line argument
[Package Manager] UpmClient::Send -- Unable to send message (not connected to UPM process).
[Package Manager] Cannot connect to Unity Package Manager local server
Mono: successfully reloaded assembly
[Package Manager] Server::EnsureServerProcessIsRunning -- launch failed, reason: Unity was launched with the -noUpm command-line argument
[Package Manager] UpmClient::Send -- Unable to send message (not connected to UPM process).
[Package Manager] Cannot connect to Unity Package Manager local server
- Finished resetting the current domain, in  0.728 seconds
Domain Reload Profiling: 1136ms
	BeginReloadAssembly (124ms)
		ExecutionOrderSort (0ms)
		DisableScriptedObjects (4ms)
		BackupInstance (0ms)
		ReleaseScriptingObjects (0ms)
		CreateAndSetChildDomain (39ms)
	RebuildCommonClasses (34ms)
	RebuildNativeTypeToScriptingClass (9ms)
	initialDomainReloadingComplete (24ms)
	LoadAllAssembliesAndSetupDomain (216ms)
		LoadAssemblies (254ms)
		RebuildTransferFunctionScriptingTraits (0ms)
		AnalyzeDomain (18ms)
			TypeCache.Refresh (8ms)
				TypeCache.ScanAssembly (0ms)
			ScanForSourceGeneratedMonoScriptInfo (0ms)
			ResolveRequiredComponents (8ms)
	FinalizeReload (729ms)
		ReleaseScriptCaches (0ms)
		RebuildScriptCaches (0ms)
		SetupLoadedEditorAssemblies (453ms)
			LogAssemblyErrors (0ms)
			InitializePlatformSupportModulesInManaged (40ms)
			SetLoadedEditorAssemblies (4ms)
			RefreshPlugins (0ms)
			BeforeProcessingInitializeOnLoad (72ms)
			ProcessInitializeOnLoadAttributes (277ms)
			ProcessInitializeOnLoadMethodAttributes (57ms)
			AfterProcessingInitializeOnLoad (3ms)
			EditorAssembliesLoaded (0ms)
		ExecutionOrderSort2 (0ms)
		AwakeInstancesAfterBackupRestoration (5ms)
Refreshing native plugins compatible for Editor in 1.00 ms, found 2 plugins.
Preloading 0 native plugins for Editor in 0.00 ms.
Unloading 3926 Unused Serialized files (Serialized files now loaded: 0)
Unloading 16 unused Assets / (29.0 KB). Loaded Objects now: 4598.
Memory consumption went from 132.1 MB to 132.1 MB.
Total: 6.140297 ms (FindLiveObjects: 0.444914 ms CreateObjectMapping: 0.373663 ms MarkObjects: 5.225860 ms  DeleteObjects: 0.094143 ms)

Prepare: number of updated asset objects reloaded= 0
AssetImportParameters requested are different than current active one (requested -> active):
  custom:container-demuxer-ogg: 62fdf1f143b41e24485cea50d1cbac27 -> 
  custom:scripting/monoscript/fileName/JointStateSubscriber.cs: a16c1fe57f836fb4ab55d7fecb5b9d6e -> 4dedc4a66c6e67481e12c8a20eda7a17
  custom:scripting/monoscript/fileName/UnityColorMsg.cs: dee5fdaf0f0de34c3b8a304af96f20a0 -> c0b80ff3cf83e3d05b0ba4f2f77d5b19
  custom:scripting/monoscript/fileName/ObjectPoseServiceRequest.cs: e8340b02528bd576f46ab0e8d32803a5 -> ac96913d6908110a6abd1a7bba739457
  custom:video-decoder-ogg-theora: a1e56fd34408186e4bbccfd4996cb3dc -> 
  custom:scripting/monoscript/fileName/CartesianInputMover.cs: 6e481e4dc4a81911d4aac901246306ea -> 352cebde0451330d3418c9b8170d7770
  custom:scripting/monoscript/fileName/PositionServiceRequest.cs: 604b7350a1923a5a9bd709fbb0ec64de -> 1b5332691515ff45a4b7b160d7af40cc
  custom:CustomObjectIndexerAttribute: 232f87dd983dbecb2a4e21e08eb2cef8 -> 
  custom:container-demuxer-webm: 4f35f7cbe854078d1ac9338744f61a02 -> 
  custom:container-muxer-webm: aa71ff27fc2769a1b78a27578f13a17b -> 
  custom:scripting/monoscript/fileName/CustomIKController.cs: 4df3f7e13d73c56e2a7133001d6862b9 -> 68a62c82b227cef8c0cb62a145e583d8
  custom:video-decoder-webm-vp8: 9c59270c3fd7afecdb556c50c9e8de78 -> 
  custom:SearchIndexIgnoredProperties: e643bd26f0fe6173181afceb89e7c659 -> 
  custom:AudioImporter_EditorPlatform: 2f0ff77a95e0ac474e3e8eeba4e2f7cb -> 
  custom:scripting/monoscript/fileName/PositionServiceResponse.cs: eb8b35c8ccd425d6366d4a98c4e4b483 -> 14d8e1b7be2a90ffc11a47ff3676c47b
  custom:video-encoder-webm-vp8: eb34c28f22e8b96e1ab97ce403110664 -> 
  custom:audio-decoder-ogg-vorbis: bf7c407c2cedff20999df2af8eb42d56 -> 
  custom:scripting/monoscript/fileName/ObjectPoseServiceResponse.cs: 4835040a06592c037884d4ea1d5f8d63 -> 620467b7faa0547d7a2c3511e9703be2
  custom:scripting/monoscript/fileName/PosRotMsg.cs: abd368e715fc1c890b3798a7625cedb4 -> 37cbb950fd8d559e159b3f7c4a713652
  custom:audio-encoder-webm-vorbis: bf7c407c2cedff20999df2af8eb42d56 -> 
  custom:scripting/precompiled-assembly-types:Assembly-CSharp: c02ce6627e6b1d98d98e0d8dc1afacfc -> 8ca404f8a24693e23426b57e83396e6b
========================================================================
Received Prepare
Caller must complete domain reload
Begin MonoManager ReloadAssembly
- Loaded All Assemblies, in  0.526 seconds
Native extension for LinuxStandalone target not found
Native extension for Android target not found
[Package Manager] Server::EnsureServerProcessIsRunning -- launch failed, reason: Unity was launched with the -noUpm command-line argument
[Package Manager] UpmClient::Send -- Unable to send message (not connected to UPM process).
[Package Manager] Cannot connect to Unity Package Manager local server
Mono: successfully reloaded assembly
[Package Manager] Server::EnsureServerProcessIsRunning -- launch failed, reason: Unity was launched with the -noUpm command-line argument
[Package Manager] UpmClient::Send -- Unable to send message (not connected to UPM process).
[Package Manager] Cannot connect to Unity Package Manager local server
- Finished resetting the current domain, in  1.188 seconds
Domain Reload Profiling: 1715ms
	BeginReloadAssembly (179ms)
		ExecutionOrderSort (0ms)
		DisableScriptedObjects (6ms)
		BackupInstance (0ms)
		ReleaseScriptingObjects (0ms)
		CreateAndSetChildDomain (60ms)
	RebuildCommonClasses (40ms)
	RebuildNativeTypeToScriptingClass (8ms)
	initialDomainReloadingComplete (33ms)
	LoadAllAssembliesAndSetupDomain (265ms)
		LoadAssemblies (326ms)
		RebuildTransferFunctionScriptingTraits (0ms)
		AnalyzeDomain (20ms)
			TypeCache.Refresh (9ms)
				TypeCache.ScanAssembly (0ms)
			ScanForSourceGeneratedMonoScriptInfo (1ms)
			ResolveRequiredComponents (8ms)
	FinalizeReload (1189ms)
		ReleaseScriptCaches (0ms)
		RebuildScriptCaches (0ms)
		SetupLoadedEditorAssemblies (695ms)
			LogAssemblyErrors (0ms)
			InitializePlatformSupportModulesInManaged (72ms)
			SetLoadedEditorAssemblies (5ms)
			RefreshPlugins (0ms)
			BeforeProcessingInitializeOnLoad (106ms)
			ProcessInitializeOnLoadAttributes (429ms)
			ProcessInitializeOnLoadMethodAttributes (73ms)
			AfterProcessingInitializeOnLoad (8ms)
			EditorAssembliesLoaded (1ms)
		ExecutionOrderSort2 (0ms)
		AwakeInstancesAfterBackupRestoration (9ms)
Refreshing native plugins compatible for Editor in 1.65 ms, found 2 plugins.
Preloading 0 native plugins for Editor in 0.00 ms.
Unloading 3926 Unused Serialized files (Serialized files now loaded: 0)
Unloading 16 unused Assets / (29.1 KB). Loaded Objects now: 4602.
Memory consumption went from 132.1 MB to 132.1 MB.
Total: 12.178119 ms (FindLiveObjects: 0.409849 ms CreateObjectMapping: 0.270716 ms MarkObjects: 11.097983 ms  DeleteObjects: 0.394856 ms)

Prepare: number of updated asset objects reloaded= 0
AssetImportParameters requested are different than current active one (requested -> active):
  custom:container-demuxer-ogg: 62fdf1f143b41e24485cea50d1cbac27 -> 
  custom:scripting/monoscript/fileName/JointStateSubscriber.cs: a16c1fe57f836fb4ab55d7fecb5b9d6e -> 4dedc4a66c6e67481e12c8a20eda7a17
  custom:scripting/monoscript/fileName/UnityColorMsg.cs: dee5fdaf0f0de34c3b8a304af96f20a0 -> c0b80ff3cf83e3d05b0ba4f2f77d5b19
  custom:scripting/monoscript/fileName/ObjectPoseServiceRequest.cs: e8340b02528bd576f46ab0e8d32803a5 -> ac96913d6908110a6abd1a7bba739457
  custom:video-decoder-ogg-theora: a1e56fd34408186e4bbccfd4996cb3dc -> 
  custom:scripting/monoscript/fileName/CartesianInputMover.cs: 6e481e4dc4a81911d4aac901246306ea -> 352cebde0451330d3418c9b8170d7770
  custom:scripting/monoscript/fileName/PositionServiceRequest.cs: 604b7350a1923a5a9bd709fbb0ec64de -> 1b5332691515ff45a4b7b160d7af40cc
  custom:CustomObjectIndexerAttribute: 232f87dd983dbecb2a4e21e08eb2cef8 -> 
  custom:container-demuxer-webm: 4f35f7cbe854078d1ac9338744f61a02 -> 
  custom:container-muxer-webm: aa71ff27fc2769a1b78a27578f13a17b -> 
  custom:scripting/monoscript/fileName/CustomIKController.cs: 4df3f7e13d73c56e2a7133001d6862b9 -> 68a62c82b227cef8c0cb62a145e583d8
  custom:video-decoder-webm-vp8: 9c59270c3fd7afecdb556c50c9e8de78 -> 
  custom:SearchIndexIgnoredProperties: e643bd26f0fe6173181afceb89e7c659 -> 
  custom:AudioImporter_EditorPlatform: 2f0ff77a95e0ac474e3e8eeba4e2f7cb -> 
  custom:scripting/monoscript/fileName/PositionServiceResponse.cs: eb8b35c8ccd425d6366d4a98c4e4b483 -> 14d8e1b7be2a90ffc11a47ff3676c47b
  custom:video-encoder-webm-vp8: eb34c28f22e8b96e1ab97ce403110664 -> 
  custom:audio-decoder-ogg-vorbis: bf7c407c2cedff20999df2af8eb42d56 -> 
  custom:scripting/monoscript/fileName/ObjectPoseServiceResponse.cs: 4835040a06592c037884d4ea1d5f8d63 -> 620467b7faa0547d7a2c3511e9703be2
  custom:scripting/monoscript/fileName/PosRotMsg.cs: abd368e715fc1c890b3798a7625cedb4 -> 37cbb950fd8d559e159b3f7c4a713652
  custom:audio-encoder-webm-vorbis: bf7c407c2cedff20999df2af8eb42d56 -> 
  custom:scripting/precompiled-assembly-types:Assembly-CSharp: c02ce6627e6b1d98d98e0d8dc1afacfc -> 8ca404f8a24693e23426b57e83396e6b
========================================================================
Received Prepare
Caller must complete domain reload
Begin MonoManager ReloadAssembly
- Loaded All Assemblies, in  0.557 seconds
Native extension for LinuxStandalone target not found
Native extension for Android target not found
[Package Manager] Server::EnsureServerProcessIsRunning -- launch failed, reason: Unity was launched with the -noUpm command-line argument
[Package Manager] UpmClient::Send -- Unable to send message (not connected to UPM process).
[Package Manager] Cannot connect to Unity Package Manager local server
Mono: successfully reloaded assembly
[Package Manager] Server::EnsureServerProcessIsRunning -- launch failed, reason: Unity was launched with the -noUpm command-line argument
[Package Manager] UpmClient::Send -- Unable to send message (not connected to UPM process).
[Package Manager] Cannot connect to Unity Package Manager local server
- Finished resetting the current domain, in  0.901 seconds
Domain Reload Profiling: 1457ms
	BeginReloadAssembly (157ms)
		ExecutionOrderSort (0ms)
		DisableScriptedObjects (6ms)
		BackupInstance (0ms)
		ReleaseScriptingObjects (0ms)
		CreateAndSetChildDomain (56ms)
	RebuildCommonClasses (38ms)
	RebuildNativeTypeToScriptingClass (9ms)
	initialDomainReloadingComplete (31ms)
	LoadAllAssembliesAndSetupDomain (320ms)
		LoadAssemblies (342ms)
		RebuildTransferFunctionScriptingTraits (0ms)
		AnalyzeDomain (42ms)
			TypeCache.Refresh (14ms)
				TypeCache.ScanAssembly (1ms)
			ScanForSourceGeneratedMonoScriptInfo (13ms)
			ResolveRequiredComponents (12ms)
	FinalizeReload (901ms)
		ReleaseScriptCaches (0ms)
		RebuildScriptCaches (0ms)
		SetupLoadedEditorAssemblies (482ms)
			LogAssemblyErrors (0ms)
			InitializePlatformSupportModulesInManaged (66ms)
			SetLoadedEditorAssemblies (6ms)
			RefreshPlugins (0ms)
			BeforeProcessingInitializeOnLoad (77ms)
			ProcessInitializeOnLoadAttributes (285ms)
			ProcessInitializeOnLoadMethodAttributes (44ms)
			AfterProcessingInitializeOnLoad (4ms)
			EditorAssembliesLoaded (0ms)
		ExecutionOrderSort2 (0ms)
		AwakeInstancesAfterBackupRestoration (7ms)
Refreshing native plugins compatible for Editor in 1.70 ms, found 2 plugins.
Preloading 0 native plugins for Editor in 0.00 ms.
Unloading 3926 Unused Serialized files (Serialized files now loaded: 0)
Unloading 16 unused Assets / (29.0 KB). Loaded Objects now: 4606.
Memory consumption went from 132.1 MB to 132.1 MB.
Total: 5.541447 ms (FindLiveObjects: 0.457950 ms CreateObjectMapping: 0.250918 ms MarkObjects: 4.752719 ms  DeleteObjects: 0.077855 ms)

Prepare: number of updated asset objects reloaded= 0
AssetImportParameters requested are different than current active one (requested -> active):
  custom:container-demuxer-ogg: 62fdf1f143b41e24485cea50d1cbac27 -> 
  custom:scripting/monoscript/fileName/JointStateSubscriber.cs: a16c1fe57f836fb4ab55d7fecb5b9d6e -> 4dedc4a66c6e67481e12c8a20eda7a17
  custom:scripting/monoscript/fileName/UnityColorMsg.cs: dee5fdaf0f0de34c3b8a304af96f20a0 -> c0b80ff3cf83e3d05b0ba4f2f77d5b19
  custom:scripting/monoscript/fileName/ObjectPoseServiceRequest.cs: e8340b02528bd576f46ab0e8d32803a5 -> ac96913d6908110a6abd1a7bba739457
  custom:video-decoder-ogg-theora: a1e56fd34408186e4bbccfd4996cb3dc -> 
  custom:scripting/monoscript/fileName/CartesianInputMover.cs: 6e481e4dc4a81911d4aac901246306ea -> 352cebde0451330d3418c9b8170d7770
  custom:scripting/monoscript/fileName/PositionServiceRequest.cs: 604b7350a1923a5a9bd709fbb0ec64de -> 1b5332691515ff45a4b7b160d7af40cc
  custom:CustomObjectIndexerAttribute: 232f87dd983dbecb2a4e21e08eb2cef8 -> 
  custom:container-demuxer-webm: 4f35f7cbe854078d1ac9338744f61a02 -> 
  custom:container-muxer-webm: aa71ff27fc2769a1b78a27578f13a17b -> 
  custom:scripting/monoscript/fileName/CustomIKController.cs: 4df3f7e13d73c56e2a7133001d6862b9 -> 68a62c82b227cef8c0cb62a145e583d8
  custom:video-decoder-webm-vp8: 9c59270c3fd7afecdb556c50c9e8de78 -> 
  custom:SearchIndexIgnoredProperties: e643bd26f0fe6173181afceb89e7c659 -> 
  custom:AudioImporter_EditorPlatform: 2f0ff77a95e0ac474e3e8eeba4e2f7cb -> 
  custom:scripting/monoscript/fileName/PositionServiceResponse.cs: eb8b35c8ccd425d6366d4a98c4e4b483 -> 14d8e1b7be2a90ffc11a47ff3676c47b
  custom:video-encoder-webm-vp8: eb34c28f22e8b96e1ab97ce403110664 -> 
  custom:audio-decoder-ogg-vorbis: bf7c407c2cedff20999df2af8eb42d56 -> 
  custom:scripting/monoscript/fileName/ObjectPoseServiceResponse.cs: 4835040a06592c037884d4ea1d5f8d63 -> 620467b7faa0547d7a2c3511e9703be2
  custom:scripting/monoscript/fileName/PosRotMsg.cs: abd368e715fc1c890b3798a7625cedb4 -> 37cbb950fd8d559e159b3f7c4a713652
  custom:audio-encoder-webm-vorbis: bf7c407c2cedff20999df2af8eb42d56 -> 
  custom:scripting/precompiled-assembly-types:Assembly-CSharp: c02ce6627e6b1d98d98e0d8dc1afacfc -> 8ca404f8a24693e23426b57e83396e6b
========================================================================
Received Prepare
Caller must complete domain reload
Begin MonoManager ReloadAssembly
- Loaded All Assemblies, in  0.582 seconds
Native extension for LinuxStandalone target not found
Native extension for Android target not found
[Package Manager] Server::EnsureServerProcessIsRunning -- launch failed, reason: Unity was launched with the -noUpm command-line argument
[Package Manager] UpmClient::Send -- Unable to send message (not connected to UPM process).
[Package Manager] Cannot connect to Unity Package Manager local server
Mono: successfully reloaded assembly
[Package Manager] Server::EnsureServerProcessIsRunning -- launch failed, reason: Unity was launched with the -noUpm command-line argument
[Package Manager] UpmClient::Send -- Unable to send message (not connected to UPM process).
[Package Manager] Cannot connect to Unity Package Manager local server
- Finished resetting the current domain, in  1.120 seconds
Domain Reload Profiling: 1702ms
	BeginReloadAssembly (178ms)
		ExecutionOrderSort (0ms)
		DisableScriptedObjects (5ms)
		BackupInstance (0ms)
		ReleaseScriptingObjects (0ms)
		CreateAndSetChildDomain (56ms)
	RebuildCommonClasses (41ms)
	RebuildNativeTypeToScriptingClass (8ms)
	initialDomainReloadingComplete (31ms)
	LoadAllAssembliesAndSetupDomain (323ms)
		LoadAssemblies (379ms)
		RebuildTransferFunctionScriptingTraits (0ms)
		AnalyzeDomain (24ms)
			TypeCache.Refresh (10ms)
				TypeCache.ScanAssembly (0ms)
			ScanForSourceGeneratedMonoScriptInfo (0ms)
			ResolveRequiredComponents (12ms)
	FinalizeReload (1121ms)
		ReleaseScriptCaches (0ms)
		RebuildScriptCaches (0ms)
		SetupLoadedEditorAssemblies (594ms)
			LogAssemblyErrors (0ms)
			InitializePlatformSupportModulesInManaged (68ms)
			SetLoadedEditorAssemblies (5ms)
			RefreshPlugins (0ms)
			BeforeProcessingInitializeOnLoad (72ms)
			ProcessInitializeOnLoadAttributes (394ms)
			ProcessInitializeOnLoadMethodAttributes (51ms)
			AfterProcessingInitializeOnLoad (4ms)
			EditorAssembliesLoaded (0ms)
		ExecutionOrderSort2 (0ms)
		AwakeInstancesAfterBackupRestoration (8ms)
Refreshing native plugins compatible for Editor in 1.44 ms, found 2 plugins.
Preloading 0 native plugins for Editor in 0.00 ms.
Unloading 3926 Unused Serialized files (Serialized files now loaded: 0)
Unloading 16 unused Assets / (29.1 KB). Loaded Objects now: 4610.
Memory consumption went from 132.1 MB to 132.1 MB.
Total: 6.354430 ms (FindLiveObjects: 0.342707 ms CreateObjectMapping: 0.271268 ms MarkObjects: 5.657149 ms  DeleteObjects: 0.081070 ms)

Prepare: number of updated asset objects reloaded= 0
AssetImportParameters requested are different than current active one (requested -> active):
  custom:container-demuxer-ogg: 62fdf1f143b41e24485cea50d1cbac27 -> 
  custom:scripting/monoscript/fileName/JointStateSubscriber.cs: a16c1fe57f836fb4ab55d7fecb5b9d6e -> 4dedc4a66c6e67481e12c8a20eda7a17
  custom:scripting/monoscript/fileName/UnityColorMsg.cs: dee5fdaf0f0de34c3b8a304af96f20a0 -> c0b80ff3cf83e3d05b0ba4f2f77d5b19
  custom:scripting/monoscript/fileName/ObjectPoseServiceRequest.cs: e8340b02528bd576f46ab0e8d32803a5 -> ac96913d6908110a6abd1a7bba739457
  custom:video-decoder-ogg-theora: a1e56fd34408186e4bbccfd4996cb3dc -> 
  custom:scripting/monoscript/fileName/CartesianInputMover.cs: 6e481e4dc4a81911d4aac901246306ea -> 352cebde0451330d3418c9b8170d7770
  custom:scripting/monoscript/fileName/PositionServiceRequest.cs: 604b7350a1923a5a9bd709fbb0ec64de -> 1b5332691515ff45a4b7b160d7af40cc
  custom:CustomObjectIndexerAttribute: 232f87dd983dbecb2a4e21e08eb2cef8 -> 
  custom:container-demuxer-webm: 4f35f7cbe854078d1ac9338744f61a02 -> 
  custom:container-muxer-webm: aa71ff27fc2769a1b78a27578f13a17b -> 
  custom:scripting/monoscript/fileName/CustomIKController.cs: 4df3f7e13d73c56e2a7133001d6862b9 -> 68a62c82b227cef8c0cb62a145e583d8
  custom:video-decoder-webm-vp8: 9c59270c3fd7afecdb556c50c9e8de78 -> 
  custom:SearchIndexIgnoredProperties: e643bd26f0fe6173181afceb89e7c659 -> 
  custom:AudioImporter_EditorPlatform: 2f0ff77a95e0ac474e3e8eeba4e2f7cb -> 
  custom:scripting/monoscript/fileName/PositionServiceResponse.cs: eb8b35c8ccd425d6366d4a98c4e4b483 -> 14d8e1b7be2a90ffc11a47ff3676c47b
  custom:video-encoder-webm-vp8: eb34c28f22e8b96e1ab97ce403110664 -> 
  custom:audio-decoder-ogg-vorbis: bf7c407c2cedff20999df2af8eb42d56 -> 
  custom:scripting/monoscript/fileName/ObjectPoseServiceResponse.cs: 4835040a06592c037884d4ea1d5f8d63 -> 620467b7faa0547d7a2c3511e9703be2
  custom:scripting/monoscript/fileName/PosRotMsg.cs: abd368e715fc1c890b3798a7625cedb4 -> 37cbb950fd8d559e159b3f7c4a713652
  custom:audio-encoder-webm-vorbis: bf7c407c2cedff20999df2af8eb42d56 -> 
  custom:scripting/precompiled-assembly-types:Assembly-CSharp: c02ce6627e6b1d98d98e0d8dc1afacfc -> 8ca404f8a24693e23426b57e83396e6b
========================================================================
Received Prepare
Caller must complete domain reload
Begin MonoManager ReloadAssembly
- Loaded All Assemblies, in  0.515 seconds
Native extension for LinuxStandalone target not found
Native extension for Android target not found
[Package Manager] Server::EnsureServerProcessIsRunning -- launch failed, reason: Unity was launched with the -noUpm command-line argument
[Package Manager] UpmClient::Send -- Unable to send message (not connected to UPM process).
[Package Manager] Cannot connect to Unity Package Manager local server
Mono: successfully reloaded assembly
[Package Manager] Server::EnsureServerProcessIsRunning -- launch failed, reason: Unity was launched with the -noUpm command-line argument
[Package Manager] UpmClient::Send -- Unable to send message (not connected to UPM process).
[Package Manager] Cannot connect to Unity Package Manager local server
- Finished resetting the current domain, in  1.017 seconds
Domain Reload Profiling: 1531ms
	BeginReloadAssembly (164ms)
		ExecutionOrderSort (0ms)
		DisableScriptedObjects (8ms)
		BackupInstance (0ms)
		ReleaseScriptingObjects (0ms)
		CreateAndSetChildDomain (57ms)
	RebuildCommonClasses (43ms)
	RebuildNativeTypeToScriptingClass (7ms)
	initialDomainReloadingComplete (32ms)
	LoadAllAssembliesAndSetupDomain (267ms)
		LoadAssemblies (307ms)
		RebuildTransferFunctionScriptingTraits (0ms)
		AnalyzeDomain (19ms)
			TypeCache.Refresh (8ms)
				TypeCache.ScanAssembly (0ms)
			ScanForSourceGeneratedMonoScriptInfo (0ms)
			ResolveRequiredComponents (10ms)
	FinalizeReload (1018ms)
		ReleaseScriptCaches (0ms)
		RebuildScriptCaches (0ms)
		SetupLoadedEditorAssemblies (638ms)
			LogAssemblyErrors (0ms)
			InitializePlatformSupportModulesInManaged (59ms)
			SetLoadedEditorAssemblies (6ms)
			RefreshPlugins (0ms)
			BeforeProcessingInitializeOnLoad (97ms)
			ProcessInitializeOnLoadAttributes (399ms)
			ProcessInitializeOnLoadMethodAttributes (70ms)
			AfterProcessingInitializeOnLoad (7ms)
			EditorAssembliesLoaded (0ms)
		ExecutionOrderSort2 (0ms)
		AwakeInstancesAfterBackupRestoration (8ms)
Refreshing native plugins compatible for Editor in 1.41 ms, found 2 plugins.
Preloading 0 native plugins for Editor in 0.00 ms.
Unloading 3926 Unused Serialized files (Serialized files now loaded: 0)
Unloading 16 unused Assets / (29.0 KB). Loaded Objects now: 4614.
Memory consumption went from 132.1 MB to 132.1 MB.
Total: 5.553621 ms (FindLiveObjects: 0.599926 ms CreateObjectMapping: 0.316482 ms MarkObjects: 4.394290 ms  DeleteObjects: 0.236661 ms)

Prepare: number of updated asset objects reloaded= 0
AssetImportParameters requested are different than current active one (requested -> active):
  custom:container-demuxer-ogg: 62fdf1f143b41e24485cea50d1cbac27 -> 
  custom:scripting/monoscript/fileName/JointStateSubscriber.cs: a16c1fe57f836fb4ab55d7fecb5b9d6e -> 4dedc4a66c6e67481e12c8a20eda7a17
  custom:scripting/monoscript/fileName/UnityColorMsg.cs: dee5fdaf0f0de34c3b8a304af96f20a0 -> c0b80ff3cf83e3d05b0ba4f2f77d5b19
  custom:scripting/monoscript/fileName/ObjectPoseServiceRequest.cs: e8340b02528bd576f46ab0e8d32803a5 -> ac96913d6908110a6abd1a7bba739457
  custom:video-decoder-ogg-theora: a1e56fd34408186e4bbccfd4996cb3dc -> 
  custom:scripting/monoscript/fileName/CartesianInputMover.cs: 6e481e4dc4a81911d4aac901246306ea -> 352cebde0451330d3418c9b8170d7770
  custom:scripting/monoscript/fileName/PositionServiceRequest.cs: 604b7350a1923a5a9bd709fbb0ec64de -> 1b5332691515ff45a4b7b160d7af40cc
  custom:CustomObjectIndexerAttribute: 232f87dd983dbecb2a4e21e08eb2cef8 -> 
  custom:container-demuxer-webm: 4f35f7cbe854078d1ac9338744f61a02 -> 
  custom:container-muxer-webm: aa71ff27fc2769a1b78a27578f13a17b -> 
  custom:scripting/monoscript/fileName/CustomIKController.cs: 4df3f7e13d73c56e2a7133001d6862b9 -> 68a62c82b227cef8c0cb62a145e583d8
  custom:video-decoder-webm-vp8: 9c59270c3fd7afecdb556c50c9e8de78 -> 
  custom:SearchIndexIgnoredProperties: e643bd26f0fe6173181afceb89e7c659 -> 
  custom:AudioImporter_EditorPlatform: 2f0ff77a95e0ac474e3e8eeba4e2f7cb -> 
  custom:scripting/monoscript/fileName/PositionServiceResponse.cs: eb8b35c8ccd425d6366d4a98c4e4b483 -> 14d8e1b7be2a90ffc11a47ff3676c47b
  custom:video-encoder-webm-vp8: eb34c28f22e8b96e1ab97ce403110664 -> 
  custom:audio-decoder-ogg-vorbis: bf7c407c2cedff20999df2af8eb42d56 -> 
  custom:scripting/monoscript/fileName/ObjectPoseServiceResponse.cs: 4835040a06592c037884d4ea1d5f8d63 -> 620467b7faa0547d7a2c3511e9703be2
  custom:scripting/monoscript/fileName/PosRotMsg.cs: abd368e715fc1c890b3798a7625cedb4 -> 37cbb950fd8d559e159b3f7c4a713652
  custom:audio-encoder-webm-vorbis: bf7c407c2cedff20999df2af8eb42d56 -> 
  custom:scripting/precompiled-assembly-types:Assembly-CSharp: c02ce6627e6b1d98d98e0d8dc1afacfc -> 8ca404f8a24693e23426b57e83396e6b
========================================================================
Received Prepare
Caller must complete domain reload
Begin MonoManager ReloadAssembly
- Loaded All Assemblies, in  0.512 seconds
Native extension for LinuxStandalone target not found
Native extension for Android target not found
[Package Manager] Server::EnsureServerProcessIsRunning -- launch failed, reason: Unity was launched with the -noUpm command-line argument
[Package Manager] UpmClient::Send -- Unable to send message (not connected to UPM process).
[Package Manager] Cannot connect to Unity Package Manager local server
Mono: successfully reloaded assembly
[Package Manager] Server::EnsureServerProcessIsRunning -- launch failed, reason: Unity was launched with the -noUpm command-line argument
[Package Manager] UpmClient::Send -- Unable to send message (not connected to UPM process).
[Package Manager] Cannot connect to Unity Package Manager local server
- Finished resetting the current domain, in  0.922 seconds
Domain Reload Profiling: 1434ms
	BeginReloadAssembly (171ms)
		ExecutionOrderSort (0ms)
		DisableScriptedObjects (6ms)
		BackupInstance (0ms)
		ReleaseScriptingObjects (0ms)
		CreateAndSetChildDomain (63ms)
	RebuildCommonClasses (41ms)
	RebuildNativeTypeToScriptingClass (9ms)
	initialDomainReloadingComplete (34ms)
	LoadAllAssembliesAndSetupDomain (256ms)
		LoadAssemblies (302ms)
		RebuildTransferFunctionScriptingTraits (0ms)
		AnalyzeDomain (19ms)
			TypeCache.Refresh (8ms)
				TypeCache.ScanAssembly (0ms)
			ScanForSourceGeneratedMonoScriptInfo (0ms)
			ResolveRequiredComponents (9ms)
	FinalizeReload (923ms)
		ReleaseScriptCaches (0ms)
		RebuildScriptCaches (0ms)
		SetupLoadedEditorAssemblies (526ms)
			LogAssemblyErrors (0ms)
			InitializePlatformSupportModulesInManaged (56ms)
			SetLoadedEditorAssemblies (6ms)
			RefreshPlugins (0ms)
			BeforeProcessingInitializeOnLoad (85ms)
			ProcessInitializeOnLoadAttributes (324ms)
			ProcessInitializeOnLoadMethodAttributes (50ms)
			AfterProcessingInitializeOnLoad (4ms)
			EditorAssembliesLoaded (0ms)
		ExecutionOrderSort2 (0ms)
		AwakeInstancesAfterBackupRestoration (7ms)
Refreshing native plugins compatible for Editor in 1.63 ms, found 2 plugins.
Preloading 0 native plugins for Editor in 0.00 ms.
Unloading 3926 Unused Serialized files (Serialized files now loaded: 0)
Unloading 16 unused Assets / (29.0 KB). Loaded Objects now: 4618.
Memory consumption went from 132.1 MB to 132.1 MB.
Total: 7.963426 ms (FindLiveObjects: 0.675538 ms CreateObjectMapping: 0.378316 ms MarkObjects: 6.714149 ms  DeleteObjects: 0.190865 ms)

Prepare: number of updated asset objects reloaded= 0
AssetImportParameters requested are different than current active one (requested -> active):
  custom:container-demuxer-ogg: 62fdf1f143b41e24485cea50d1cbac27 -> 
  custom:scripting/monoscript/fileName/JointStateSubscriber.cs: a16c1fe57f836fb4ab55d7fecb5b9d6e -> 4dedc4a66c6e67481e12c8a20eda7a17
  custom:scripting/monoscript/fileName/UnityColorMsg.cs: dee5fdaf0f0de34c3b8a304af96f20a0 -> c0b80ff3cf83e3d05b0ba4f2f77d5b19
  custom:scripting/monoscript/fileName/ObjectPoseServiceRequest.cs: e8340b02528bd576f46ab0e8d32803a5 -> ac96913d6908110a6abd1a7bba739457
  custom:video-decoder-ogg-theora: a1e56fd34408186e4bbccfd4996cb3dc -> 
  custom:scripting/monoscript/fileName/CartesianInputMover.cs: 6e481e4dc4a81911d4aac901246306ea -> 352cebde0451330d3418c9b8170d7770
  custom:scripting/monoscript/fileName/PositionServiceRequest.cs: 604b7350a1923a5a9bd709fbb0ec64de -> 1b5332691515ff45a4b7b160d7af40cc
  custom:CustomObjectIndexerAttribute: 232f87dd983dbecb2a4e21e08eb2cef8 -> 
  custom:container-demuxer-webm: 4f35f7cbe854078d1ac9338744f61a02 -> 
  custom:container-muxer-webm: aa71ff27fc2769a1b78a27578f13a17b -> 
  custom:scripting/monoscript/fileName/CustomIKController.cs: 4df3f7e13d73c56e2a7133001d6862b9 -> 68a62c82b227cef8c0cb62a145e583d8
  custom:video-decoder-webm-vp8: 9c59270c3fd7afecdb556c50c9e8de78 -> 
  custom:SearchIndexIgnoredProperties: e643bd26f0fe6173181afceb89e7c659 -> 
  custom:AudioImporter_EditorPlatform: 2f0ff77a95e0ac474e3e8eeba4e2f7cb -> 
  custom:scripting/monoscript/fileName/PositionServiceResponse.cs: eb8b35c8ccd425d6366d4a98c4e4b483 -> 14d8e1b7be2a90ffc11a47ff3676c47b
  custom:video-encoder-webm-vp8: eb34c28f22e8b96e1ab97ce403110664 -> 
  custom:audio-decoder-ogg-vorbis: bf7c407c2cedff20999df2af8eb42d56 -> 
  custom:scripting/monoscript/fileName/ObjectPoseServiceResponse.cs: 4835040a06592c037884d4ea1d5f8d63 -> 620467b7faa0547d7a2c3511e9703be2
  custom:scripting/monoscript/fileName/PosRotMsg.cs: abd368e715fc1c890b3798a7625cedb4 -> 37cbb950fd8d559e159b3f7c4a713652
  custom:audio-encoder-webm-vorbis: bf7c407c2cedff20999df2af8eb42d56 -> 
  custom:scripting/precompiled-assembly-types:Assembly-CSharp: c02ce6627e6b1d98d98e0d8dc1afacfc -> 8ca404f8a24693e23426b57e83396e6b
========================================================================
Received Prepare
Caller must complete domain reload
Begin MonoManager ReloadAssembly
- Loaded All Assemblies, in  0.529 seconds
Native extension for LinuxStandalone target not found
Native extension for Android target not found
[Package Manager] Server::EnsureServerProcessIsRunning -- launch failed, reason: Unity was launched with the -noUpm command-line argument
[Package Manager] UpmClient::Send -- Unable to send message (not connected to UPM process).
[Package Manager] Cannot connect to Unity Package Manager local server
Mono: successfully reloaded assembly
[Package Manager] Server::EnsureServerProcessIsRunning -- launch failed, reason: Unity was launched with the -noUpm command-line argument
[Package Manager] UpmClient::Send -- Unable to send message (not connected to UPM process).
[Package Manager] Cannot connect to Unity Package Manager local server
- Finished resetting the current domain, in  1.010 seconds
Domain Reload Profiling: 1539ms
	BeginReloadAssembly (171ms)
		ExecutionOrderSort (0ms)
		DisableScriptedObjects (8ms)
		BackupInstance (0ms)
		ReleaseScriptingObjects (0ms)
		CreateAndSetChildDomain (56ms)
	RebuildCommonClasses (40ms)
	RebuildNativeTypeToScriptingClass (9ms)
	initialDomainReloadingComplete (38ms)
	LoadAllAssembliesAndSetupDomain (270ms)
		LoadAssemblies (318ms)
		RebuildTransferFunctionScriptingTraits (0ms)
		AnalyzeDomain (18ms)
			TypeCache.Refresh (9ms)
				TypeCache.ScanAssembly (0ms)
			ScanForSourceGeneratedMonoScriptInfo (0ms)
			ResolveRequiredComponents (8ms)
	FinalizeReload (1011ms)
		ReleaseScriptCaches (0ms)
		RebuildScriptCaches (0ms)
		SetupLoadedEditorAssemblies (630ms)
			LogAssemblyErrors (0ms)
			InitializePlatformSupportModulesInManaged (67ms)
			SetLoadedEditorAssemblies (5ms)
			RefreshPlugins (0ms)
			BeforeProcessingInitializeOnLoad (97ms)
			ProcessInitializeOnLoadAttributes (399ms)
			ProcessInitializeOnLoadMethodAttributes (56ms)
			AfterProcessingInitializeOnLoad (4ms)
			EditorAssembliesLoaded (0ms)
		ExecutionOrderSort2 (0ms)
		AwakeInstancesAfterBackupRestoration (6ms)
Refreshing native plugins compatible for Editor in 1.67 ms, found 2 plugins.
Preloading 0 native plugins for Editor in 0.00 ms.
Unloading 3926 Unused Serialized files (Serialized files now loaded: 0)
Unloading 16 unused Assets / (29.0 KB). Loaded Objects now: 4622.
Memory consumption went from 132.1 MB to 132.1 MB.
Total: 4.435110 ms (FindLiveObjects: 0.669481 ms CreateObjectMapping: 0.264165 ms MarkObjects: 3.401534 ms  DeleteObjects: 0.096919 ms)

Prepare: number of updated asset objects reloaded= 0
AssetImportParameters requested are different than current active one (requested -> active):
  custom:container-demuxer-ogg: 62fdf1f143b41e24485cea50d1cbac27 -> 
  custom:scripting/monoscript/fileName/JointStateSubscriber.cs: a16c1fe57f836fb4ab55d7fecb5b9d6e -> 4dedc4a66c6e67481e12c8a20eda7a17
  custom:scripting/monoscript/fileName/UnityColorMsg.cs: dee5fdaf0f0de34c3b8a304af96f20a0 -> c0b80ff3cf83e3d05b0ba4f2f77d5b19
  custom:scripting/monoscript/fileName/ObjectPoseServiceRequest.cs: e8340b02528bd576f46ab0e8d32803a5 -> ac96913d6908110a6abd1a7bba739457
  custom:video-decoder-ogg-theora: a1e56fd34408186e4bbccfd4996cb3dc -> 
  custom:scripting/monoscript/fileName/CartesianInputMover.cs: 6e481e4dc4a81911d4aac901246306ea -> 352cebde0451330d3418c9b8170d7770
  custom:scripting/monoscript/fileName/PositionServiceRequest.cs: 604b7350a1923a5a9bd709fbb0ec64de -> 1b5332691515ff45a4b7b160d7af40cc
  custom:CustomObjectIndexerAttribute: 232f87dd983dbecb2a4e21e08eb2cef8 -> 
  custom:container-demuxer-webm: 4f35f7cbe854078d1ac9338744f61a02 -> 
  custom:container-muxer-webm: aa71ff27fc2769a1b78a27578f13a17b -> 
  custom:scripting/monoscript/fileName/CustomIKController.cs: 4df3f7e13d73c56e2a7133001d6862b9 -> 68a62c82b227cef8c0cb62a145e583d8
  custom:video-decoder-webm-vp8: 9c59270c3fd7afecdb556c50c9e8de78 -> 
  custom:SearchIndexIgnoredProperties: e643bd26f0fe6173181afceb89e7c659 -> 
  custom:AudioImporter_EditorPlatform: 2f0ff77a95e0ac474e3e8eeba4e2f7cb -> 
  custom:scripting/monoscript/fileName/PositionServiceResponse.cs: eb8b35c8ccd425d6366d4a98c4e4b483 -> 14d8e1b7be2a90ffc11a47ff3676c47b
  custom:video-encoder-webm-vp8: eb34c28f22e8b96e1ab97ce403110664 -> 
  custom:audio-decoder-ogg-vorbis: bf7c407c2cedff20999df2af8eb42d56 -> 
  custom:scripting/monoscript/fileName/ObjectPoseServiceResponse.cs: 4835040a06592c037884d4ea1d5f8d63 -> 620467b7faa0547d7a2c3511e9703be2
  custom:scripting/monoscript/fileName/PosRotMsg.cs: abd368e715fc1c890b3798a7625cedb4 -> 37cbb950fd8d559e159b3f7c4a713652
  custom:audio-encoder-webm-vorbis: bf7c407c2cedff20999df2af8eb42d56 -> 
  custom:scripting/precompiled-assembly-types:Assembly-CSharp: c02ce6627e6b1d98d98e0d8dc1afacfc -> 8ca404f8a24693e23426b57e83396e6b
========================================================================
Received Prepare
Caller must complete domain reload
Begin MonoManager ReloadAssembly
- Loaded All Assemblies, in  0.534 seconds
Native extension for LinuxStandalone target not found
Native extension for Android target not found
[Package Manager] Server::EnsureServerProcessIsRunning -- launch failed, reason: Unity was launched with the -noUpm command-line argument
[Package Manager] UpmClient::Send -- Unable to send message (not connected to UPM process).
[Package Manager] Cannot connect to Unity Package Manager local server
Mono: successfully reloaded assembly
[Package Manager] Server::EnsureServerProcessIsRunning -- launch failed, reason: Unity was launched with the -noUpm command-line argument
[Package Manager] UpmClient::Send -- Unable to send message (not connected to UPM process).
[Package Manager] Cannot connect to Unity Package Manager local server
- Finished resetting the current domain, in  1.022 seconds
Domain Reload Profiling: 1556ms
	BeginReloadAssembly (166ms)
		ExecutionOrderSort (0ms)
		DisableScriptedObjects (5ms)
		BackupInstance (0ms)
		ReleaseScriptingObjects (0ms)
		CreateAndSetChildDomain (59ms)
	RebuildCommonClasses (41ms)
	RebuildNativeTypeToScriptingClass (8ms)
	initialDomainReloadingComplete (32ms)
	LoadAllAssembliesAndSetupDomain (285ms)
		LoadAssemblies (329ms)
		RebuildTransferFunctionScriptingTraits (0ms)
		AnalyzeDomain (25ms)
			TypeCache.Refresh (10ms)
				TypeCache.ScanAssembly (0ms)
			ScanForSourceGeneratedMonoScriptInfo (0ms)
			ResolveRequiredComponents (12ms)
	FinalizeReload (1023ms)
		ReleaseScriptCaches (0ms)
		RebuildScriptCaches (0ms)
		SetupLoadedEditorAssemblies (577ms)
			LogAssemblyErrors (0ms)
			InitializePlatformSupportModulesInManaged (62ms)
			SetLoadedEditorAssemblies (5ms)
			RefreshPlugins (0ms)
			BeforeProcessingInitializeOnLoad (71ms)
			ProcessInitializeOnLoadAttributes (391ms)
			ProcessInitializeOnLoadMethodAttributes (44ms)
			AfterProcessingInitializeOnLoad (3ms)
			EditorAssembliesLoaded (0ms)
		ExecutionOrderSort2 (0ms)
		AwakeInstancesAfterBackupRestoration (6ms)
Refreshing native plugins compatible for Editor in 1.46 ms, found 2 plugins.
Preloading 0 native plugins for Editor in 0.00 ms.
Unloading 3926 Unused Serialized files (Serialized files now loaded: 0)
Unloading 16 unused Assets / (29.0 KB). Loaded Objects now: 4626.
Memory consumption went from 132.1 MB to 132.1 MB.
Total: 6.190612 ms (FindLiveObjects: 0.562290 ms CreateObjectMapping: 0.585144 ms MarkObjects: 4.934447 ms  DeleteObjects: 0.104555 ms)

Prepare: number of updated asset objects reloaded= 0
AssetImportParameters requested are different than current active one (requested -> active):
  custom:container-demuxer-ogg: 62fdf1f143b41e24485cea50d1cbac27 -> 
  custom:scripting/monoscript/fileName/JointStateSubscriber.cs: a16c1fe57f836fb4ab55d7fecb5b9d6e -> 4dedc4a66c6e67481e12c8a20eda7a17
  custom:scripting/monoscript/fileName/UnityColorMsg.cs: dee5fdaf0f0de34c3b8a304af96f20a0 -> c0b80ff3cf83e3d05b0ba4f2f77d5b19
  custom:scripting/monoscript/fileName/ObjectPoseServiceRequest.cs: e8340b02528bd576f46ab0e8d32803a5 -> ac96913d6908110a6abd1a7bba739457
  custom:video-decoder-ogg-theora: a1e56fd34408186e4bbccfd4996cb3dc -> 
  custom:scripting/monoscript/fileName/CartesianInputMover.cs: 6e481e4dc4a81911d4aac901246306ea -> 352cebde0451330d3418c9b8170d7770
  custom:scripting/monoscript/fileName/PositionServiceRequest.cs: 604b7350a1923a5a9bd709fbb0ec64de -> 1b5332691515ff45a4b7b160d7af40cc
  custom:CustomObjectIndexerAttribute: 232f87dd983dbecb2a4e21e08eb2cef8 -> 
  custom:container-demuxer-webm: 4f35f7cbe854078d1ac9338744f61a02 -> 
  custom:container-muxer-webm: aa71ff27fc2769a1b78a27578f13a17b -> 
  custom:scripting/monoscript/fileName/CustomIKController.cs: 4df3f7e13d73c56e2a7133001d6862b9 -> 68a62c82b227cef8c0cb62a145e583d8
  custom:video-decoder-webm-vp8: 9c59270c3fd7afecdb556c50c9e8de78 -> 
  custom:SearchIndexIgnoredProperties: e643bd26f0fe6173181afceb89e7c659 -> 
  custom:AudioImporter_EditorPlatform: 2f0ff77a95e0ac474e3e8eeba4e2f7cb -> 
  custom:scripting/monoscript/fileName/PositionServiceResponse.cs: eb8b35c8ccd425d6366d4a98c4e4b483 -> 14d8e1b7be2a90ffc11a47ff3676c47b
  custom:video-encoder-webm-vp8: eb34c28f22e8b96e1ab97ce403110664 -> 
  custom:audio-decoder-ogg-vorbis: bf7c407c2cedff20999df2af8eb42d56 -> 
  custom:scripting/monoscript/fileName/ObjectPoseServiceResponse.cs: 4835040a06592c037884d4ea1d5f8d63 -> 620467b7faa0547d7a2c3511e9703be2
  custom:scripting/monoscript/fileName/PosRotMsg.cs: abd368e715fc1c890b3798a7625cedb4 -> 37cbb950fd8d559e159b3f7c4a713652
  custom:audio-encoder-webm-vorbis: bf7c407c2cedff20999df2af8eb42d56 -> 
  custom:scripting/precompiled-assembly-types:Assembly-CSharp: c02ce6627e6b1d98d98e0d8dc1afacfc -> 8ca404f8a24693e23426b57e83396e6b
========================================================================
Received Prepare
Caller must complete domain reload
Begin MonoManager ReloadAssembly
- Loaded All Assemblies, in  0.573 seconds
Native extension for LinuxStandalone target not found
Native extension for Android target not found
[Package Manager] Server::EnsureServerProcessIsRunning -- launch failed, reason: Unity was launched with the -noUpm command-line argument
[Package Manager] UpmClient::Send -- Unable to send message (not connected to UPM process).
[Package Manager] Cannot connect to Unity Package Manager local server
Mono: successfully reloaded assembly
[Package Manager] Server::EnsureServerProcessIsRunning -- launch failed, reason: Unity was launched with the -noUpm command-line argument
[Package Manager] UpmClient::Send -- Unable to send message (not connected to UPM process).
[Package Manager] Cannot connect to Unity Package Manager local server
- Finished resetting the current domain, in  0.950 seconds
Domain Reload Profiling: 1522ms
	BeginReloadAssembly (180ms)
		ExecutionOrderSort (0ms)
		DisableScriptedObjects (5ms)
		BackupInstance (0ms)
		ReleaseScriptingObjects (0ms)
		CreateAndSetChildDomain (58ms)
	RebuildCommonClasses (52ms)
	RebuildNativeTypeToScriptingClass (14ms)
	initialDomainReloadingComplete (49ms)
	LoadAllAssembliesAndSetupDomain (275ms)
		LoadAssemblies (341ms)
		RebuildTransferFunctionScriptingTraits (0ms)
		AnalyzeDomain (19ms)
			TypeCache.Refresh (10ms)
				TypeCache.ScanAssembly (0ms)
			ScanForSourceGeneratedMonoScriptInfo (0ms)
			ResolveRequiredComponents (8ms)
	FinalizeReload (951ms)
		ReleaseScriptCaches (0ms)
		RebuildScriptCaches (0ms)
		SetupLoadedEditorAssemblies (544ms)
			LogAssemblyErrors (0ms)
			InitializePlatformSupportModulesInManaged (61ms)
			SetLoadedEditorAssemblies (4ms)
			RefreshPlugins (0ms)
			BeforeProcessingInitializeOnLoad (73ms)
			ProcessInitializeOnLoadAttributes (347ms)
			ProcessInitializeOnLoadMethodAttributes (54ms)
			AfterProcessingInitializeOnLoad (4ms)
			EditorAssembliesLoaded (0ms)
		ExecutionOrderSort2 (0ms)
		AwakeInstancesAfterBackupRestoration (8ms)
Refreshing native plugins compatible for Editor in 1.20 ms, found 2 plugins.
Preloading 0 native plugins for Editor in 0.00 ms.
Unloading 3926 Unused Serialized files (Serialized files now loaded: 0)
Unloading 16 unused Assets / (29.0 KB). Loaded Objects now: 4630.
Memory consumption went from 132.1 MB to 132.1 MB.
Total: 5.861956 ms (FindLiveObjects: 0.471694 ms CreateObjectMapping: 0.329173 ms MarkObjects: 4.971461 ms  DeleteObjects: 0.085793 ms)

Prepare: number of updated asset objects reloaded= 0
AssetImportParameters requested are different than current active one (requested -> active):
  custom:container-demuxer-ogg: 62fdf1f143b41e24485cea50d1cbac27 -> 
  custom:scripting/monoscript/fileName/JointStateSubscriber.cs: a16c1fe57f836fb4ab55d7fecb5b9d6e -> 4dedc4a66c6e67481e12c8a20eda7a17
  custom:scripting/monoscript/fileName/UnityColorMsg.cs: dee5fdaf0f0de34c3b8a304af96f20a0 -> c0b80ff3cf83e3d05b0ba4f2f77d5b19
  custom:scripting/monoscript/fileName/ObjectPoseServiceRequest.cs: e8340b02528bd576f46ab0e8d32803a5 -> ac96913d6908110a6abd1a7bba739457
  custom:video-decoder-ogg-theora: a1e56fd34408186e4bbccfd4996cb3dc -> 
  custom:scripting/monoscript/fileName/CartesianInputMover.cs: 6e481e4dc4a81911d4aac901246306ea -> 352cebde0451330d3418c9b8170d7770
  custom:scripting/monoscript/fileName/PositionServiceRequest.cs: 604b7350a1923a5a9bd709fbb0ec64de -> 1b5332691515ff45a4b7b160d7af40cc
  custom:CustomObjectIndexerAttribute: 232f87dd983dbecb2a4e21e08eb2cef8 -> 
  custom:container-demuxer-webm: 4f35f7cbe854078d1ac9338744f61a02 -> 
  custom:container-muxer-webm: aa71ff27fc2769a1b78a27578f13a17b -> 
  custom:scripting/monoscript/fileName/CustomIKController.cs: 4df3f7e13d73c56e2a7133001d6862b9 -> 68a62c82b227cef8c0cb62a145e583d8
  custom:video-decoder-webm-vp8: 9c59270c3fd7afecdb556c50c9e8de78 -> 
  custom:SearchIndexIgnoredProperties: e643bd26f0fe6173181afceb89e7c659 -> 
  custom:AudioImporter_EditorPlatform: 2f0ff77a95e0ac474e3e8eeba4e2f7cb -> 
  custom:scripting/monoscript/fileName/PositionServiceResponse.cs: eb8b35c8ccd425d6366d4a98c4e4b483 -> 14d8e1b7be2a90ffc11a47ff3676c47b
  custom:video-encoder-webm-vp8: eb34c28f22e8b96e1ab97ce403110664 -> 
  custom:audio-decoder-ogg-vorbis: bf7c407c2cedff20999df2af8eb42d56 -> 
  custom:scripting/monoscript/fileName/ObjectPoseServiceResponse.cs: 4835040a06592c037884d4ea1d5f8d63 -> 620467b7faa0547d7a2c3511e9703be2
  custom:scripting/monoscript/fileName/PosRotMsg.cs: abd368e715fc1c890b3798a7625cedb4 -> 37cbb950fd8d559e159b3f7c4a713652
  custom:audio-encoder-webm-vorbis: bf7c407c2cedff20999df2af8eb42d56 -> 
  custom:scripting/precompiled-assembly-types:Assembly-CSharp: c02ce6627e6b1d98d98e0d8dc1afacfc -> 8ca404f8a24693e23426b57e83396e6b
========================================================================
Received Prepare
Caller must complete domain reload
Begin MonoManager ReloadAssembly
- Loaded All Assemblies, in  0.476 seconds
Native extension for LinuxStandalone target not found
Native extension for Android target not found
[Package Manager] Server::EnsureServerProcessIsRunning -- launch failed, reason: Unity was launched with the -noUpm command-line argument
[Package Manager] UpmClient::Send -- Unable to send message (not connected to UPM process).
[Package Manager] Cannot connect to Unity Package Manager local server
Mono: successfully reloaded assembly
[Package Manager] Server::EnsureServerProcessIsRunning -- launch failed, reason: Unity was launched with the -noUpm command-line argument
[Package Manager] UpmClient::Send -- Unable to send message (not connected to UPM process).
[Package Manager] Cannot connect to Unity Package Manager local server
- Finished resetting the current domain, in  1.033 seconds
Domain Reload Profiling: 1509ms
	BeginReloadAssembly (154ms)
		ExecutionOrderSort (0ms)
		DisableScriptedObjects (6ms)
		BackupInstance (0ms)
		ReleaseScriptingObjects (0ms)
		CreateAndSetChildDomain (55ms)
	RebuildCommonClasses (52ms)
	RebuildNativeTypeToScriptingClass (10ms)
	initialDomainReloadingComplete (35ms)
	LoadAllAssembliesAndSetupDomain (225ms)
		LoadAssemblies (271ms)
		RebuildTransferFunctionScriptingTraits (0ms)
		AnalyzeDomain (16ms)
			TypeCache.Refresh (7ms)
				TypeCache.ScanAssembly (0ms)
			ScanForSourceGeneratedMonoScriptInfo (0ms)
			ResolveRequiredComponents (8ms)
	FinalizeReload (1034ms)
		ReleaseScriptCaches (0ms)
		RebuildScriptCaches (0ms)
		SetupLoadedEditorAssemblies (649ms)
			LogAssemblyErrors (0ms)
			InitializePlatformSupportModulesInManaged (50ms)
			SetLoadedEditorAssemblies (4ms)
			RefreshPlugins (0ms)
			BeforeProcessingInitializeOnLoad (68ms)
			ProcessInitializeOnLoadAttributes (442ms)
			ProcessInitializeOnLoadMethodAttributes (77ms)
			AfterProcessingInitializeOnLoad (7ms)
			EditorAssembliesLoaded (1ms)
		ExecutionOrderSort2 (0ms)
		AwakeInstancesAfterBackupRestoration (9ms)
Refreshing native plugins compatible for Editor in 1.59 ms, found 2 plugins.
Preloading 0 native plugins for Editor in 0.00 ms.
Unloading 3926 Unused Serialized files (Serialized files now loaded: 0)
Unloading 16 unused Assets / (29.0 KB). Loaded Objects now: 4634.
Memory consumption went from 132.1 MB to 132.1 MB.
Total: 4.469045 ms (FindLiveObjects: 0.834294 ms CreateObjectMapping: 0.161938 ms MarkObjects: 3.405291 ms  DeleteObjects: 0.064718 ms)

Prepare: number of updated asset objects reloaded= 0
AssetImportParameters requested are different than current active one (requested -> active):
  custom:container-demuxer-ogg: 62fdf1f143b41e24485cea50d1cbac27 -> 
  custom:scripting/monoscript/fileName/JointStateSubscriber.cs: a16c1fe57f836fb4ab55d7fecb5b9d6e -> 4dedc4a66c6e67481e12c8a20eda7a17
  custom:scripting/monoscript/fileName/UnityColorMsg.cs: dee5fdaf0f0de34c3b8a304af96f20a0 -> c0b80ff3cf83e3d05b0ba4f2f77d5b19
  custom:scripting/monoscript/fileName/ObjectPoseServiceRequest.cs: e8340b02528bd576f46ab0e8d32803a5 -> ac96913d6908110a6abd1a7bba739457
  custom:video-decoder-ogg-theora: a1e56fd34408186e4bbccfd4996cb3dc -> 
  custom:scripting/monoscript/fileName/CartesianInputMover.cs: 6e481e4dc4a81911d4aac901246306ea -> 352cebde0451330d3418c9b8170d7770
  custom:scripting/monoscript/fileName/PositionServiceRequest.cs: 604b7350a1923a5a9bd709fbb0ec64de -> 1b5332691515ff45a4b7b160d7af40cc
  custom:CustomObjectIndexerAttribute: 232f87dd983dbecb2a4e21e08eb2cef8 -> 
  custom:container-demuxer-webm: 4f35f7cbe854078d1ac9338744f61a02 -> 
  custom:container-muxer-webm: aa71ff27fc2769a1b78a27578f13a17b -> 
  custom:scripting/monoscript/fileName/CustomIKController.cs: 4df3f7e13d73c56e2a7133001d6862b9 -> 68a62c82b227cef8c0cb62a145e583d8
  custom:video-decoder-webm-vp8: 9c59270c3fd7afecdb556c50c9e8de78 -> 
  custom:SearchIndexIgnoredProperties: e643bd26f0fe6173181afceb89e7c659 -> 
  custom:AudioImporter_EditorPlatform: 2f0ff77a95e0ac474e3e8eeba4e2f7cb -> 
  custom:scripting/monoscript/fileName/PositionServiceResponse.cs: eb8b35c8ccd425d6366d4a98c4e4b483 -> 14d8e1b7be2a90ffc11a47ff3676c47b
  custom:video-encoder-webm-vp8: eb34c28f22e8b96e1ab97ce403110664 -> 
  custom:audio-decoder-ogg-vorbis: bf7c407c2cedff20999df2af8eb42d56 -> 
  custom:scripting/monoscript/fileName/ObjectPoseServiceResponse.cs: 4835040a06592c037884d4ea1d5f8d63 -> 620467b7faa0547d7a2c3511e9703be2
  custom:scripting/monoscript/fileName/PosRotMsg.cs: abd368e715fc1c890b3798a7625cedb4 -> 37cbb950fd8d559e159b3f7c4a713652
  custom:audio-encoder-webm-vorbis: bf7c407c2cedff20999df2af8eb42d56 -> 
  custom:scripting/precompiled-assembly-types:Assembly-CSharp: c02ce6627e6b1d98d98e0d8dc1afacfc -> 8ca404f8a24693e23426b57e83396e6b
========================================================================
Received Prepare
Caller must complete domain reload
Begin MonoManager ReloadAssembly
- Loaded All Assemblies, in  0.578 seconds
Native extension for LinuxStandalone target not found
Native extension for Android target not found
[Package Manager] Server::EnsureServerProcessIsRunning -- launch failed, reason: Unity was launched with the -noUpm command-line argument
[Package Manager] UpmClient::Send -- Unable to send message (not connected to UPM process).
[Package Manager] Cannot connect to Unity Package Manager local server
Mono: successfully reloaded assembly
[Package Manager] Server::EnsureServerProcessIsRunning -- launch failed, reason: Unity was launched with the -noUpm command-line argument
[Package Manager] UpmClient::Send -- Unable to send message (not connected to UPM process).
[Package Manager] Cannot connect to Unity Package Manager local server
- Finished resetting the current domain, in  0.882 seconds
Domain Reload Profiling: 1458ms
	BeginReloadAssembly (186ms)
		ExecutionOrderSort (0ms)
		DisableScriptedObjects (5ms)
		BackupInstance (0ms)
		ReleaseScriptingObjects (0ms)
		CreateAndSetChildDomain (62ms)
	RebuildCommonClasses (52ms)
	RebuildNativeTypeToScriptingClass (14ms)
	initialDomainReloadingComplete (46ms)
	LoadAllAssembliesAndSetupDomain (276ms)
		LoadAssemblies (337ms)
		RebuildTransferFunctionScriptingTraits (0ms)
		AnalyzeDomain (18ms)
			TypeCache.Refresh (8ms)
				TypeCache.ScanAssembly (0ms)
			ScanForSourceGeneratedMonoScriptInfo (0ms)
			ResolveRequiredComponents (8ms)
	FinalizeReload (883ms)
		ReleaseScriptCaches (0ms)
		RebuildScriptCaches (0ms)
		SetupLoadedEditorAssemblies (506ms)
			LogAssemblyErrors (0ms)
			InitializePlatformSupportModulesInManaged (52ms)
			SetLoadedEditorAssemblies (5ms)
			RefreshPlugins (0ms)
			BeforeProcessingInitializeOnLoad (71ms)
			ProcessInitializeOnLoadAttributes (330ms)
			ProcessInitializeOnLoadMethodAttributes (45ms)
			AfterProcessingInitializeOnLoad (4ms)
			EditorAssembliesLoaded (0ms)
		ExecutionOrderSort2 (0ms)
		AwakeInstancesAfterBackupRestoration (6ms)
Refreshing native plugins compatible for Editor in 1.57 ms, found 2 plugins.
Preloading 0 native plugins for Editor in 0.00 ms.
Unloading 3926 Unused Serialized files (Serialized files now loaded: 0)
Unloading 16 unused Assets / (29.0 KB). Loaded Objects now: 4638.
Memory consumption went from 132.1 MB to 132.1 MB.
Total: 8.202651 ms (FindLiveObjects: 0.491454 ms CreateObjectMapping: 0.350693 ms MarkObjects: 7.285223 ms  DeleteObjects: 0.072322 ms)

Prepare: number of updated asset objects reloaded= 0
AssetImportParameters requested are different than current active one (requested -> active):
  custom:container-demuxer-ogg: 62fdf1f143b41e24485cea50d1cbac27 -> 
  custom:scripting/monoscript/fileName/JointStateSubscriber.cs: a16c1fe57f836fb4ab55d7fecb5b9d6e -> 4dedc4a66c6e67481e12c8a20eda7a17
  custom:scripting/monoscript/fileName/UnityColorMsg.cs: dee5fdaf0f0de34c3b8a304af96f20a0 -> c0b80ff3cf83e3d05b0ba4f2f77d5b19
  custom:scripting/monoscript/fileName/ObjectPoseServiceRequest.cs: e8340b02528bd576f46ab0e8d32803a5 -> ac96913d6908110a6abd1a7bba739457
  custom:video-decoder-ogg-theora: a1e56fd34408186e4bbccfd4996cb3dc -> 
  custom:scripting/monoscript/fileName/CartesianInputMover.cs: 6e481e4dc4a81911d4aac901246306ea -> 352cebde0451330d3418c9b8170d7770
  custom:scripting/monoscript/fileName/PositionServiceRequest.cs: 604b7350a1923a5a9bd709fbb0ec64de -> 1b5332691515ff45a4b7b160d7af40cc
  custom:CustomObjectIndexerAttribute: 232f87dd983dbecb2a4e21e08eb2cef8 -> 
  custom:container-demuxer-webm: 4f35f7cbe854078d1ac9338744f61a02 -> 
  custom:container-muxer-webm: aa71ff27fc2769a1b78a27578f13a17b -> 
  custom:scripting/monoscript/fileName/CustomIKController.cs: 4df3f7e13d73c56e2a7133001d6862b9 -> 68a62c82b227cef8c0cb62a145e583d8
  custom:video-decoder-webm-vp8: 9c59270c3fd7afecdb556c50c9e8de78 -> 
  custom:SearchIndexIgnoredProperties: e643bd26f0fe6173181afceb89e7c659 -> 
  custom:AudioImporter_EditorPlatform: 2f0ff77a95e0ac474e3e8eeba4e2f7cb -> 
  custom:scripting/monoscript/fileName/PositionServiceResponse.cs: eb8b35c8ccd425d6366d4a98c4e4b483 -> 14d8e1b7be2a90ffc11a47ff3676c47b
  custom:video-encoder-webm-vp8: eb34c28f22e8b96e1ab97ce403110664 -> 
  custom:audio-decoder-ogg-vorbis: bf7c407c2cedff20999df2af8eb42d56 -> 
  custom:scripting/monoscript/fileName/ObjectPoseServiceResponse.cs: 4835040a06592c037884d4ea1d5f8d63 -> 620467b7faa0547d7a2c3511e9703be2
  custom:scripting/monoscript/fileName/PosRotMsg.cs: abd368e715fc1c890b3798a7625cedb4 -> 37cbb950fd8d559e159b3f7c4a713652
  custom:audio-encoder-webm-vorbis: bf7c407c2cedff20999df2af8eb42d56 -> 
  custom:scripting/precompiled-assembly-types:Assembly-CSharp: c02ce6627e6b1d98d98e0d8dc1afacfc -> 8ca404f8a24693e23426b57e83396e6b
========================================================================
Received Prepare
Caller must complete domain reload
Begin MonoManager ReloadAssembly
- Loaded All Assemblies, in  0.388 seconds
Native extension for LinuxStandalone target not found
Native extension for Android target not found
[Package Manager] Server::EnsureServerProcessIsRunning -- launch failed, reason: Unity was launched with the -noUpm command-line argument
[Package Manager] UpmClient::Send -- Unable to send message (not connected to UPM process).
[Package Manager] Cannot connect to Unity Package Manager local server
Mono: successfully reloaded assembly
[Package Manager] Server::EnsureServerProcessIsRunning -- launch failed, reason: Unity was launched with the -noUpm command-line argument
[Package Manager] UpmClient::Send -- Unable to send message (not connected to UPM process).
[Package Manager] Cannot connect to Unity Package Manager local server
- Finished resetting the current domain, in  0.568 seconds
Domain Reload Profiling: 956ms
	BeginReloadAssembly (136ms)
		ExecutionOrderSort (0ms)
		DisableScriptedObjects (4ms)
		BackupInstance (0ms)
		ReleaseScriptingObjects (0ms)
		CreateAndSetChildDomain (44ms)
	RebuildCommonClasses (37ms)
	RebuildNativeTypeToScriptingClass (11ms)
	initialDomainReloadingComplete (28ms)
	LoadAllAssembliesAndSetupDomain (175ms)
		LoadAssemblies (216ms)
		RebuildTransferFunctionScriptingTraits (0ms)
		AnalyzeDomain (15ms)
			TypeCache.Refresh (7ms)
				TypeCache.ScanAssembly (0ms)
			ScanForSourceGeneratedMonoScriptInfo (0ms)
			ResolveRequiredComponents (7ms)
	FinalizeReload (569ms)
		ReleaseScriptCaches (0ms)
		RebuildScriptCaches (0ms)
		SetupLoadedEditorAssemblies (315ms)
			LogAssemblyErrors (0ms)
			InitializePlatformSupportModulesInManaged (36ms)
			SetLoadedEditorAssemblies (3ms)
			RefreshPlugins (0ms)
			BeforeProcessingInitializeOnLoad (47ms)
			ProcessInitializeOnLoadAttributes (191ms)
			ProcessInitializeOnLoadMethodAttributes (34ms)
			AfterProcessingInitializeOnLoad (3ms)
			EditorAssembliesLoaded (0ms)
		ExecutionOrderSort2 (0ms)
		AwakeInstancesAfterBackupRestoration (6ms)
Refreshing native plugins compatible for Editor in 1.77 ms, found 2 plugins.
Preloading 0 native plugins for Editor in 0.00 ms.
Unloading 3926 Unused Serialized files (Serialized files now loaded: 0)
Unloading 16 unused Assets / (29.0 KB). Loaded Objects now: 4642.
Memory consumption went from 132.1 MB to 132.1 MB.
Total: 4.827134 ms (FindLiveObjects: 0.422782 ms CreateObjectMapping: 0.130788 ms MarkObjects: 4.183566 ms  DeleteObjects: 0.087818 ms)

Prepare: number of updated asset objects reloaded= 0
AssetImportParameters requested are different than current active one (requested -> active):
  custom:container-demuxer-ogg: 62fdf1f143b41e24485cea50d1cbac27 -> 
  custom:scripting/monoscript/fileName/JointStateSubscriber.cs: a16c1fe57f836fb4ab55d7fecb5b9d6e -> 4dedc4a66c6e67481e12c8a20eda7a17
  custom:scripting/monoscript/fileName/UnityColorMsg.cs: dee5fdaf0f0de34c3b8a304af96f20a0 -> c0b80ff3cf83e3d05b0ba4f2f77d5b19
  custom:scripting/monoscript/fileName/ObjectPoseServiceRequest.cs: e8340b02528bd576f46ab0e8d32803a5 -> ac96913d6908110a6abd1a7bba739457
  custom:video-decoder-ogg-theora: a1e56fd34408186e4bbccfd4996cb3dc -> 
  custom:scripting/monoscript/fileName/CartesianInputMover.cs: 6e481e4dc4a81911d4aac901246306ea -> 352cebde0451330d3418c9b8170d7770
  custom:scripting/monoscript/fileName/PositionServiceRequest.cs: 604b7350a1923a5a9bd709fbb0ec64de -> 1b5332691515ff45a4b7b160d7af40cc
  custom:CustomObjectIndexerAttribute: 232f87dd983dbecb2a4e21e08eb2cef8 -> 
  custom:container-demuxer-webm: 4f35f7cbe854078d1ac9338744f61a02 -> 
  custom:container-muxer-webm: aa71ff27fc2769a1b78a27578f13a17b -> 
  custom:scripting/monoscript/fileName/CustomIKController.cs: 4df3f7e13d73c56e2a7133001d6862b9 -> 68a62c82b227cef8c0cb62a145e583d8
  custom:video-decoder-webm-vp8: 9c59270c3fd7afecdb556c50c9e8de78 -> 
  custom:SearchIndexIgnoredProperties: e643bd26f0fe6173181afceb89e7c659 -> 
  custom:AudioImporter_EditorPlatform: 2f0ff77a95e0ac474e3e8eeba4e2f7cb -> 
  custom:scripting/monoscript/fileName/PositionServiceResponse.cs: eb8b35c8ccd425d6366d4a98c4e4b483 -> 14d8e1b7be2a90ffc11a47ff3676c47b
  custom:video-encoder-webm-vp8: eb34c28f22e8b96e1ab97ce403110664 -> 
  custom:audio-decoder-ogg-vorbis: bf7c407c2cedff20999df2af8eb42d56 -> 
  custom:scripting/monoscript/fileName/ObjectPoseServiceResponse.cs: 4835040a06592c037884d4ea1d5f8d63 -> 620467b7faa0547d7a2c3511e9703be2
  custom:scripting/monoscript/fileName/PosRotMsg.cs: abd368e715fc1c890b3798a7625cedb4 -> 37cbb950fd8d559e159b3f7c4a713652
  custom:audio-encoder-webm-vorbis: bf7c407c2cedff20999df2af8eb42d56 -> 
  custom:scripting/precompiled-assembly-types:Assembly-CSharp: c02ce6627e6b1d98d98e0d8dc1afacfc -> 8ca404f8a24693e23426b57e83396e6b
